{"stats":{"minecraft:killed_by":{"minecraft:skeleton":1},"minecraft:custom":{"minecraft:mob_kills":15,"minecraft:animals_bred":5,"minecraft:interact_with_crafting_table":107,"minecraft:open_barrel":182,"minecraft:damage_dealt_resisted":231,"minecraft:leave_game":6,"minecraft:time_since_death":40907,"minecraft:climb_one_cm":1230,"minecraft:sprint_one_cm":247960,"minecraft:walk_one_cm":1705688,"minecraft:damage_blocked_by_shield":2370,"minecraft:drop":17,"minecraft:damage_dealt_absorbed":120,"minecraft:play_time":338778,"minecraft:sneak_time":19179,"minecraft:deaths":1,"minecraft:walk_under_water_one_cm":111571,"minecraft:jump":3200,"minecraft:walk_on_water_one_cm":121261,"minecraft:total_world_time":338778,"minecraft:interact_with_furnace":17,"minecraft:sleep_in_bed":9,"minecraft:time_since_rest":41000,"minecraft:waystone_activated":3,"minecraft:damage_taken":1556,"minecraft:damage_dealt":2445,"minecraft:swim_one_cm":66427,"minecraft:fly_one_cm":278921,"minecraft:open_chest":107,"minecraft:crouch_one_cm":65321,"minecraft:fall_one_cm":47281},"minecraft:crafted":{"minecraft:oak_door":3,"minecraft:oak_planks":1020,"minecraft:jungle_fence_gate":4,"minecraft:barrel":25,"minecraft:furnace":5,"minecraft:jungle_trapdoor":14,"minecraft:bone_meal":96,"minecraft:glass_pane":32,"minecraft:oak_trapdoor":8,"minecraft:glass":33,"minecraft:iron_axe":4,"minecraft:melon_seeds":18,"minecraft:iron_hoe":1,"farmersdelight:rice":50,"minecraft:chest":9,"minecraft:jungle_stairs":8,"minecraft:jungle_fence":351,"supplementaries:flute":1,"minecraft:oak_fence":9,"minecraft:smoker":2,"minecraft:wheat":27,"minecraft:oak_slab":24,"supplementaries:item_shelf":2,"minecraft:crafting_table":2,"nethersdelight:iron_machete":1,"minecraft:bucket":1,"minecraft:pumpkin_seeds":24,"minecraft:stone_axe":1,"minecraft:jungle_slab":114,"minecraft:air":0,"minecraft:jungle_planks":930,"farmersdelight:cutting_board":1,"minecraft:oak_fence_gate":2,"farmersdelight:jungle_cabinet":7,"minecraft:wooden_hoe":1,"minecraft:shield":1,"minecraft:stick":200,"minecraft:iron_ingot":8,"minecraft:iron_pickaxe":1,"minecraft:oak_stairs":148,"minecraft:wooden_axe":2,"minecraft:torch":100},"minecraft:mined":{"farmersdelight:onions":10,"minecraft:white_bed":1,"minecraft:oak_sapling":1,"minecraft:farmland":3,"minecraft:jungle_slab":5,"minecraft:grass_block":158,"minecraft:jungle_planks":52,"minecraft:jungle_log":314,"farmersdelight:tomatoes":24,"farmersdelight:wild_cabbages":11,"minecraft:kelp":6,"minecraft:tall_seagrass":2,"minecraft:furnace":9,"minecraft:carrots":13,"minecraft:jungle_sapling":1,"farmersdelight:wild_rice":5,"farmersdelight:rice":18,"supplementaries:flax":24,"minecraft:barrel":10,"minecraft:pumpkin":7,"minecraft:potatoes":11,"minecraft:flowering_azalea_leaves":1,"minecraft:vine":22,"minecraft:oak_stairs":32,"minecraft:stripped_oak_log":1,"farmersdelight:rice_panicles":80,"minecraft:bamboo_sapling":1,"minecraft:bamboo":12,"minecraft:oak_slab":4,"minecraft:red_bed":1,"minecraft:kelp_plant":22,"minecraft:smoker":2,"minecraft:crafting_table":5,"minecraft:torch":24,"minecraft:jungle_stairs":4,"minecraft:blast_furnace":1,"supplementaries:item_shelf":1,"minecraft:melon":6,"minecraft:chest":4,"supplementaries:wild_flax":2,"farmersdelight:cabbages":63,"minecraft:cobblestone":28,"minecraft:oak_planks":57,"minecraft:grindstone":1,"minecraft:wall_torch":8,"farmersdelight:wild_beetroots":4,"farmersdelight:sandy_shrub":6,"minecraft:wheat":2,"minecraft:pumpkin_stem":1,"minecraft:jungle_fence":66,"minecraft:grass":34,"minecraft:oak_log":402,"minecraft:beetroots":24,"minecraft:sand":84,"minecraft:dirt":251,"minecraft:oak_leaves":22,"minecraft:fern":13},"minecraft:used":{"minecraft:oak_fence":8,"minecraft:oak_trapdoor":8,"farmersdelight:cabbage_seeds":60,"minecraft:chest":12,"minecraft:shield":42,"farmersdelight:cabbage":1,"minecraft:stone_hoe":1,"minecraft:rotten_flesh":7,"minecraft:oak_door":2,"minecraft:torch":123,"minecraft:brewing_stand":1,"minecraft:dirt":380,"minecraft:jungle_planks":476,"minecraft:carrot":58,"minecraft:jungle_slab":22,"supplementaries:item_shelf":3,"minecraft:oak_fence_gate":2,"minecraft:glass":20,"minecraft:jungle_sapling":29,"minecraft:iron_hoe":239,"minecraft:wooden_axe":93,"minecraft:jungle_fence_gate":4,"minecraft:iron_axe":863,"minecraft:oak_stairs":177,"minecraft:jungle_log":2,"minecraft:melon_seeds":24,"minecraft:barrel":34,"minecraft:bamboo":71,"minecraft:oak_sapling":85,"farmersdelight:cutting_board":2,"minecraft:bow":11,"minecraft:furnace":9,"minecraft:beetroot_seeds":40,"alexsmobs:banana":3,"nethersdelight:iron_machete":1,"minecraft:potato":30,"minecraft:cooked_beef":2,"farmersdelight:tomato_seeds":24,"sophisticatedbackpacks:gold_backpack":1,"minecraft:wheat_seeds":38,"minecraft:cooked_mutton":1,"minecraft:water_bucket":4,"minecraft:baked_potato":1,"minecraft:oak_planks":825,"minecraft:jungle_fence":406,"farmersdelight:onion":33,"minecraft:sand":3,"minecraft:oak_slab":24,"minecraft:crafting_table":6,"minecraft:red_bed":1,"minecraft:blast_furnace":1,"minecraft:white_bed":1,"minecraft:pumpkin_seeds":20,"farmersdelight:rice":70,"minecraft:smoker":4,"minecraft:oak_log":139,"waystones:waystone":1,"minecraft:wooden_hoe":133,"minecraft:apple":16,"minecraft:diamond_shovel":440,"minecraft:iron_pickaxe":44,"minecraft:melon_slice":18,"minecraft:bread":2,"farmersdelight:jungle_cabinet":7,"minecraft:jungle_stairs":12,"supplementaries:flax_seeds":39,"minecraft:stone_axe":153,"minecraft:grindstone":2,"minecraft:bucket":4,"minecraft:glass_pane":26,"minecraft:bone_meal":26},"minecraft:broken":{"minecraft:iron_axe":3,"minecraft:stone_axe":1,"minecraft:wooden_axe":2,"minecraft:wooden_hoe":2},"minecraft:picked_up":{"sophisticatedbackpacks:gold_backpack":2,"minecraft:crafting_table":5,"minecraft:wheat":3,"farmersdelight:rice_panicle":62,"minecraft:oak_stairs":31,"minecraft:brewing_stand":1,"minecraft:shield":1,"farmersdelight:cutting_board":1,"minecraft:string":4,"minecraft:red_bed":1,"minecraft:iron_axe":1,"minecraft:beetroot":22,"minecraft:diamond_leggings":1,"alexsmobs:banana":4,"farmersdelight:cabbage":51,"alexsmobs:elastic_tendon":1,"immersive_armors:wooden_leggings":1,"minecraft:jungle_sapling":28,"alexsmobs:raccoon_tail":2,"minecraft:melon_slice":54,"minecraft:chest":4,"farmersdelight:cabbage_seeds":165,"minecraft:furnace":9,"minecraft:stick":132,"minecraft:stone":16,"minecraft:oak_door":2,"farmersdelight:rotten_tomato":3,"minecraft:torch":41,"farmersdelight:tomato_seeds":29,"minecraft:carrot":43,"supplementaries:flax":22,"immersive_armors:wooden_helmet":1,"minecraft:arrow":5,"minecraft:rotten_flesh":14,"minecraft:diamond_chestplate":1,"minecraft:beetroot_seeds":70,"minecraft:jungle_stairs":4,"farmersdelight:onion":39,"minecraft:diamond_boots":1,"supplementaries:antique_ink":1,"mowziesmobs:umvuthana_mask_bliss":1,"sophisticatedbackpacks:copper_backpack":2,"supplementaries:ash":2,"minecraft:mutton":5,"minecraft:white_wool":3,"alexsmobs:lobster_tail":2,"alexsmobs:flying_fish":4,"minecraft:cobblestone":74,"minecraft:stripped_oak_log":1,"minecraft:feather":4,"farmersdelight:rice":29,"minecraft:jungle_log":314,"minecraft:jungle_fence":64,"minecraft:smoker":2,"minecraft:potato":24,"supplementaries:item_shelf":1,"minecraft:oak_log":393,"supplementaries:flute":1,"supplementaries:flax_seeds":50,"minecraft:gunpowder":4,"minecraft:paper":4,"farmersdelight:flint_knife":1,"minecraft:wooden_hoe":2,"farmersdelight:tomato":38,"minecraft:dirt":426,"minecraft:cooked_mutton":17,"minecraft:bone":20,"minecraft:glass":8,"minecraft:apple":18,"minecraft:kelp":42,"minecraft:bow":2,"minecraft:wheat_seeds":27,"minecraft:grindstone":2,"minecraft:iron_ingot":15,"minecraft:diamond_helmet":1,"minecraft:bamboo":80,"minecraft:iron_sword":1,"minecraft:stone_hoe":1,"minecraft:oak_planks":278,"minecraft:oak_slab":5,"minecraft:pumpkin":7,"minecraft:poisonous_potato":2,"minecraft:jungle_planks":478,"minecraft:sand":97,"minecraft:blast_furnace":1,"minecraft:ink_sac":23,"minecraft:white_bed":1,"minecraft:jungle_slab":12,"alexsmobs:animal_dictionary":1,"minecraft:spider_eye":3,"minecraft:barrel":11,"minecraft:diamond_shovel":1,"minecraft:pumpkin_seeds":3,"minecraft:diamond":6,"waystones:waystone":1,"immersive_armors:wooden_chestplate":1,"minecraft:iron_helmet":1,"immersive_melodies:didgeridoo":1,"minecraft:crossbow":1,"minecraft:baked_potato":1,"minecraft:oak_sapling":124,"immersive_armors:wooden_boots":1,"minecraft:coal":66},"minecraft:dropped":{"minecraft:coal":46,"farmersdelight:rice":11,"sophisticatedbackpacks:gold_backpack":1,"immersive_armors:wooden_leggings":1,"immersive_armors:wooden_chestplate":1,"minecraft:string":4,"immersive_armors:wooden_boots":1,"minecraft:pumpkin_seeds":5,"supplementaries:antique_ink":1,"minecraft:barrel":1,"immersive_armors:wooden_helmet":1},"minecraft:killed":{"minecraft:spider":3,"minecraft:skeleton":2,"minecraft:drowned":1,"minecraft:creeper":1,"minecraft:zombie":6,"alexsmobs:fly":1}},"DataVersion":3465}