{"stats":{"minecraft:dropped":{"sophisticatedbackpacks:gold_backpack":1,"minecraft:string":4,"minecraft:pumpkin_seeds":1},"minecraft:picked_up":{"sophisticatedbackpacks:gold_backpack":2,"minecraft:crafting_table":2,"minecraft:wheat":2,"farmersdelight:rice_panicle":18,"minecraft:oak_stairs":31,"minecraft:brewing_stand":1,"minecraft:shield":1,"minecraft:string":4,"minecraft:beetroot":9,"alexsmobs:banana":1,"farmersdelight:cabbage":7,"immersive_armors:wooden_leggings":1,"alexsmobs:elastic_tendon":1,"alexsmobs:raccoon_tail":2,"minecraft:melon_slice":54,"minecraft:chest":4,"farmersdelight:cabbage_seeds":41,"minecraft:furnace":3,"minecraft:stick":71,"minecraft:oak_door":2,"minecraft:torch":12,"farmersdelight:tomato_seeds":5,"supplementaries:flax":3,"immersive_armors:wooden_helmet":1,"minecraft:arrow":4,"minecraft:rotten_flesh":9,"minecraft:beetroot_seeds":31,"mowziesmobs:umvuthana_mask_bliss":1,"supplementaries:ash":2,"minecraft:mutton":5,"minecraft:white_wool":3,"minecraft:cobblestone":26,"minecraft:feather":4,"farmersdelight:rice":11,"minecraft:jungle_log":11,"minecraft:jungle_fence":4,"minecraft:oak_log":242,"supplementaries:flute":1,"supplementaries:flax_seeds":9,"minecraft:wooden_hoe":1,"farmersdelight:flint_knife":1,"minecraft:paper":4,"minecraft:dirt":59,"minecraft:cooked_mutton":17,"minecraft:bone":19,"minecraft:apple":10,"minecraft:bow":1,"minecraft:wheat_seeds":17,"minecraft:iron_ingot":4,"minecraft:grindstone":1,"minecraft:bamboo":76,"minecraft:iron_sword":1,"minecraft:oak_planks":162,"minecraft:stone_hoe":1,"minecraft:pumpkin":7,"minecraft:sand":61,"minecraft:jungle_planks":409,"minecraft:ink_sac":3,"minecraft:jungle_slab":3,"alexsmobs:animal_dictionary":1,"minecraft:spider_eye":3,"minecraft:barrel":2,"minecraft:diamond_shovel":1,"minecraft:pumpkin_seeds":2,"minecraft:diamond":6,"immersive_armors:wooden_chestplate":1,"minecraft:iron_helmet":1,"immersive_melodies:didgeridoo":1,"minecraft:crossbow":1,"minecraft:baked_potato":1,"minecraft:oak_sapling":87,"immersive_armors:wooden_boots":1,"minecraft:coal":52},"minecraft:mined":{"minecraft:farmland":1,"minecraft:jungle_slab":3,"minecraft:grass_block":29,"minecraft:jungle_planks":4,"minecraft:jungle_log":11,"farmersdelight:wild_cabbages":11,"minecraft:furnace":3,"farmersdelight:wild_rice":5,"farmersdelight:rice":2,"supplementaries:flax":3,"minecraft:barrel":2,"minecraft:pumpkin":7,"minecraft:flowering_azalea_leaves":1,"minecraft:oak_stairs":32,"farmersdelight:rice_panicles":20,"minecraft:bamboo":12,"minecraft:bamboo_sapling":1,"minecraft:crafting_table":2,"minecraft:torch":5,"minecraft:melon":6,"minecraft:chest":4,"supplementaries:wild_flax":2,"farmersdelight:cabbages":18,"minecraft:cobblestone":28,"minecraft:oak_planks":40,"minecraft:wall_torch":4,"farmersdelight:wild_beetroots":4,"farmersdelight:sandy_shrub":6,"minecraft:wheat":2,"minecraft:jungle_fence":4,"minecraft:pumpkin_stem":1,"minecraft:grass":17,"minecraft:oak_log":250,"minecraft:beetroots":11,"minecraft:sand":65,"minecraft:dirt":9,"minecraft:oak_leaves":6,"minecraft:fern":7},"minecraft:used":{"minecraft:oak_trapdoor":8,"farmersdelight:cabbage_seeds":31,"minecraft:chest":12,"minecraft:shield":42,"farmersdelight:cabbage":1,"minecraft:stone_hoe":1,"minecraft:rotten_flesh":4,"minecraft:oak_door":1,"minecraft:torch":21,"minecraft:dirt":58,"minecraft:jungle_planks":56,"minecraft:jungle_slab":7,"minecraft:glass":20,"minecraft:wooden_axe":93,"minecraft:jungle_fence_gate":1,"minecraft:iron_axe":226,"minecraft:oak_stairs":177,"minecraft:melon_seeds":8,"minecraft:barrel":12,"minecraft:bamboo":68,"minecraft:oak_sapling":56,"minecraft:furnace":3,"minecraft:beetroot_seeds":15,"minecraft:wheat_seeds":4,"minecraft:cooked_mutton":1,"minecraft:baked_potato":1,"minecraft:jungle_fence":79,"minecraft:oak_planks":458,"minecraft:sand":3,"minecraft:oak_slab":7,"minecraft:crafting_table":3,"farmersdelight:rice":14,"minecraft:smoker":2,"minecraft:pumpkin_seeds":3,"minecraft:oak_log":113,"minecraft:wooden_hoe":45,"minecraft:apple":5,"minecraft:diamond_shovel":62,"minecraft:melon_slice":18,"minecraft:iron_pickaxe":31,"minecraft:jungle_stairs":1,"supplementaries:flax_seeds":5,"minecraft:stone_axe":89,"minecraft:grindstone":1,"minecraft:glass_pane":26},"minecraft:broken":{"minecraft:wooden_axe":2},"minecraft:crafted":{"minecraft:oak_door":3,"minecraft:oak_planks":632,"minecraft:jungle_fence_gate":1,"minecraft:barrel":10,"minecraft:furnace":5,"minecraft:glass_pane":32,"minecraft:oak_trapdoor":8,"minecraft:glass":33,"minecraft:iron_axe":1,"minecraft:melon_seeds":8,"farmersdelight:rice":6,"minecraft:chest":9,"minecraft:jungle_stairs":4,"minecraft:jungle_fence":75,"supplementaries:flute":1,"minecraft:smoker":2,"minecraft:oak_slab":12,"minecraft:crafting_table":1,"minecraft:pumpkin_seeds":4,"minecraft:stone_axe":1,"minecraft:jungle_slab":60,"minecraft:air":0,"minecraft:wooden_hoe":1,"minecraft:shield":1,"minecraft:stick":64,"minecraft:iron_ingot":8,"minecraft:iron_pickaxe":1,"minecraft:wooden_axe":2,"minecraft:oak_stairs":148,"minecraft:torch":12},"minecraft:killed":{"minecraft:spider":3,"minecraft:skeleton":2,"minecraft:zombie":2,"alexsmobs:fly":1},"minecraft:custom":{"minecraft:mob_kills":9,"minecraft:interact_with_crafting_table":54,"minecraft:open_barrel":46,"minecraft:leave_game":1,"minecraft:time_since_death":115784,"minecraft:climb_one_cm":472,"minecraft:sprint_one_cm":90145,"minecraft:walk_one_cm":641095,"minecraft:damage_blocked_by_shield":2370,"minecraft:drop":5,"minecraft:play_time":115784,"minecraft:sneak_time":7009,"minecraft:walk_under_water_one_cm":24972,"minecraft:jump":1575,"minecraft:walk_on_water_one_cm":45540,"minecraft:total_world_time":115784,"minecraft:interact_with_furnace":16,"minecraft:sleep_in_bed":6,"minecraft:time_since_rest":57376,"minecraft:waystone_activated":1,"minecraft:damage_taken":667,"minecraft:damage_dealt":1344,"minecraft:fly_one_cm":127492,"minecraft:swim_one_cm":25888,"minecraft:open_chest":39,"minecraft:crouch_one_cm":27211,"minecraft:fall_one_cm":25346}},"DataVersion":3465}