{"stats":{"minecraft:dropped":{"minecraft:pumpkin_seeds":1,"minecraft:string":4},"minecraft:picked_up":{"sophisticatedbackpacks:gold_backpack":1,"minecraft:crafting_table":1,"farmersdelight:rice":11,"farmersdelight:rice_panicle":1,"minecraft:oak_log":106,"supplementaries:flax_seeds":4,"minecraft:dirt":53,"minecraft:string":4,"minecraft:cooked_mutton":9,"minecraft:bone":9,"minecraft:apple":5,"minecraft:beetroot":2,"minecraft:wheat_seeds":8,"alexsmobs:banana":1,"farmersdelight:cabbage":3,"minecraft:iron_ingot":4,"immersive_armors:wooden_leggings":1,"minecraft:bamboo":75,"minecraft:melon_slice":45,"minecraft:oak_planks":7,"farmersdelight:cabbage_seeds":25,"minecraft:stick":48,"minecraft:pumpkin":7,"minecraft:sand":3,"supplementaries:flax":1,"minecraft:spider_eye":2,"minecraft:pumpkin_seeds":1,"immersive_armors:wooden_helmet":1,"minecraft:arrow":4,"minecraft:rotten_flesh":4,"minecraft:beetroot_seeds":10,"immersive_armors:wooden_chestplate":1,"supplementaries:ash":1,"minecraft:baked_potato":1,"minecraft:oak_sapling":52,"immersive_armors:wooden_boots":1},"minecraft:mined":{"minecraft:farmland":1,"minecraft:crafting_table":1,"minecraft:grass_block":23,"minecraft:melon":4,"supplementaries:wild_flax":2,"farmersdelight:cabbages":11,"farmersdelight:wild_cabbages":11,"minecraft:oak_planks":7,"farmersdelight:wild_beetroots":4,"farmersdelight:sandy_shrub":6,"farmersdelight:wild_rice":5,"farmersdelight:rice":2,"supplementaries:flax":1,"minecraft:pumpkin":7,"minecraft:grass":12,"minecraft:flowering_azalea_leaves":1,"minecraft:oak_log":114,"minecraft:beetroots":2,"minecraft:sand":3,"minecraft:dirt":9,"farmersdelight:rice_panicles":2,"minecraft:bamboo":12,"minecraft:oak_leaves":3,"minecraft:fern":5},"minecraft:used":{"minecraft:wheat_seeds":2,"minecraft:cooked_mutton":1,"minecraft:oak_planks":132,"minecraft:baked_potato":1,"farmersdelight:cabbage_seeds":22,"minecraft:shield":42,"farmersdelight:cabbage":1,"minecraft:rotten_flesh":4,"minecraft:sand":3,"minecraft:dirt":52,"minecraft:crafting_table":2,"farmersdelight:rice":12,"minecraft:pumpkin_seeds":3,"minecraft:oak_log":46,"minecraft:wooden_hoe":42,"minecraft:wooden_axe":93,"minecraft:apple":2,"minecraft:iron_axe":62,"minecraft:melon_slice":16,"minecraft:melon_seeds":5,"supplementaries:flax_seeds":3,"minecraft:bamboo":67,"minecraft:oak_sapling":52,"minecraft:beetroot_seeds":7},"minecraft:broken":{"minecraft:wooden_axe":2},"minecraft:crafted":{"minecraft:oak_planks":148,"minecraft:crafting_table":1,"minecraft:pumpkin_seeds":4,"minecraft:wooden_hoe":1,"minecraft:shield":1,"minecraft:iron_axe":1,"minecraft:melon_seeds":5,"minecraft:stick":8,"minecraft:iron_ingot":8,"minecraft:iron_pickaxe":1,"minecraft:wooden_axe":2,"farmersdelight:rice":1,"supplementaries:flute":1},"minecraft:killed":{"minecraft:spider":3,"minecraft:skeleton":2,"minecraft:zombie":2,"alexsmobs:fly":1},"minecraft:custom":{"minecraft:interact_with_furnace":3,"minecraft:mob_kills":9,"minecraft:interact_with_crafting_table":17,"minecraft:leave_game":1,"minecraft:time_since_death":55784,"minecraft:sleep_in_bed":4,"minecraft:climb_one_cm":472,"minecraft:time_since_rest":17449,"minecraft:waystone_activated":1,"minecraft:sprint_one_cm":74510,"minecraft:damage_taken":487,"minecraft:walk_one_cm":261610,"minecraft:damage_blocked_by_shield":2370,"minecraft:drop":4,"minecraft:damage_dealt":1344,"minecraft:swim_one_cm":15968,"minecraft:fly_one_cm":108228,"minecraft:crouch_one_cm":4924,"minecraft:play_time":55784,"minecraft:sneak_time":1247,"minecraft:walk_under_water_one_cm":12112,"minecraft:jump":933,"minecraft:walk_on_water_one_cm":27055,"minecraft:total_world_time":55784,"minecraft:fall_one_cm":15455}},"DataVersion":3465}