{"stats":{"minecraft:dropped":{"minecraft:pumpkin_seeds":1,"minecraft:string":4},"minecraft:picked_up":{"sophisticatedbackpacks:gold_backpack":1,"minecraft:crafting_table":2,"minecraft:wheat":1,"farmersdelight:rice":11,"minecraft:jungle_fence":1,"farmersdelight:rice_panicle":13,"minecraft:oak_stairs":30,"minecraft:oak_log":236,"supplementaries:flax_seeds":4,"minecraft:dirt":59,"minecraft:string":4,"minecraft:cooked_mutton":9,"minecraft:bone":9,"minecraft:apple":8,"minecraft:beetroot":6,"minecraft:wheat_seeds":13,"alexsmobs:banana":1,"farmersdelight:cabbage":5,"minecraft:iron_ingot":4,"alexsmobs:elastic_tendon":1,"immersive_armors:wooden_leggings":1,"alexsmobs:raccoon_tail":1,"minecraft:bamboo":76,"minecraft:melon_slice":45,"minecraft:oak_planks":162,"farmersdelight:cabbage_seeds":34,"minecraft:furnace":2,"minecraft:stick":70,"minecraft:pumpkin":7,"minecraft:torch":5,"minecraft:jungle_planks":406,"minecraft:sand":3,"minecraft:ink_sac":3,"supplementaries:flax":1,"minecraft:spider_eye":2,"minecraft:diamond_shovel":1,"minecraft:pumpkin_seeds":2,"immersive_armors:wooden_helmet":1,"minecraft:arrow":4,"minecraft:rotten_flesh":4,"minecraft:diamond":3,"minecraft:beetroot_seeds":22,"immersive_armors:wooden_chestplate":1,"supplementaries:ash":1,"minecraft:baked_potato":1,"minecraft:oak_sapling":87,"immersive_armors:wooden_boots":1,"minecraft:cobblestone":5},"minecraft:mined":{"minecraft:farmland":1,"minecraft:crafting_table":2,"minecraft:torch":2,"minecraft:grass_block":29,"minecraft:melon":4,"minecraft:jungle_planks":1,"supplementaries:wild_flax":2,"farmersdelight:cabbages":16,"minecraft:cobblestone":6,"farmersdelight:wild_cabbages":11,"minecraft:oak_planks":40,"minecraft:wall_torch":1,"farmersdelight:wild_beetroots":4,"farmersdelight:sandy_shrub":6,"minecraft:furnace":2,"farmersdelight:wild_rice":5,"farmersdelight:rice":2,"minecraft:wheat":1,"supplementaries:flax":1,"minecraft:jungle_fence":1,"minecraft:pumpkin_stem":1,"minecraft:pumpkin":7,"minecraft:grass":16,"minecraft:flowering_azalea_leaves":1,"minecraft:oak_log":244,"minecraft:beetroots":7,"minecraft:oak_stairs":31,"minecraft:sand":3,"minecraft:dirt":9,"farmersdelight:rice_panicles":15,"minecraft:bamboo_sapling":1,"minecraft:bamboo":12,"minecraft:oak_leaves":6,"minecraft:fern":7},"minecraft:used":{"minecraft:wheat_seeds":3,"minecraft:cooked_mutton":1,"minecraft:jungle_fence":76,"minecraft:oak_planks":458,"minecraft:baked_potato":1,"farmersdelight:cabbage_seeds":29,"minecraft:chest":8,"minecraft:shield":42,"farmersdelight:cabbage":1,"minecraft:rotten_flesh":4,"minecraft:oak_door":1,"minecraft:torch":4,"minecraft:sand":3,"minecraft:dirt":58,"minecraft:oak_slab":7,"minecraft:crafting_table":3,"minecraft:jungle_planks":52,"farmersdelight:rice":14,"minecraft:pumpkin_seeds":3,"minecraft:oak_log":110,"minecraft:wooden_hoe":45,"minecraft:wooden_axe":93,"minecraft:apple":5,"minecraft:iron_pickaxe":8,"minecraft:jungle_fence_gate":1,"minecraft:oak_stairs":174,"minecraft:iron_axe":204,"minecraft:melon_slice":16,"minecraft:barrel":4,"minecraft:stone_axe":74,"minecraft:melon_seeds":7,"supplementaries:flax_seeds":3,"minecraft:bamboo":68,"minecraft:furnace":2,"minecraft:oak_sapling":56,"minecraft:beetroot_seeds":11},"minecraft:broken":{"minecraft:wooden_axe":2},"minecraft:crafted":{"minecraft:oak_door":3,"minecraft:oak_slab":12,"minecraft:oak_planks":632,"minecraft:jungle_fence_gate":1,"minecraft:barrel":5,"minecraft:crafting_table":1,"minecraft:pumpkin_seeds":4,"minecraft:stone_axe":1,"minecraft:jungle_slab":60,"minecraft:wooden_hoe":1,"minecraft:shield":1,"minecraft:iron_axe":1,"minecraft:melon_seeds":7,"minecraft:stick":64,"minecraft:iron_ingot":8,"minecraft:iron_pickaxe":1,"minecraft:oak_stairs":148,"minecraft:wooden_axe":2,"minecraft:chest":9,"farmersdelight:rice":6,"minecraft:jungle_fence":75,"supplementaries:flute":1},"minecraft:killed":{"minecraft:spider":3,"minecraft:skeleton":2,"minecraft:zombie":2,"alexsmobs:fly":1},"minecraft:custom":{"minecraft:interact_with_furnace":4,"minecraft:mob_kills":9,"minecraft:interact_with_crafting_table":42,"minecraft:leave_game":1,"minecraft:time_since_death":97784,"minecraft:sleep_in_bed":6,"minecraft:climb_one_cm":472,"minecraft:time_since_rest":39376,"minecraft:waystone_activated":1,"minecraft:sprint_one_cm":85920,"minecraft:damage_taken":667,"minecraft:walk_one_cm":527015,"minecraft:damage_blocked_by_shield":2370,"minecraft:drop":4,"minecraft:damage_dealt":1344,"minecraft:open_chest":3,"minecraft:swim_one_cm":25888,"minecraft:fly_one_cm":118135,"minecraft:crouch_one_cm":26994,"minecraft:play_time":97784,"minecraft:sneak_time":6956,"minecraft:walk_under_water_one_cm":22966,"minecraft:jump":1351,"minecraft:walk_on_water_one_cm":38971,"minecraft:total_world_time":97784,"minecraft:fall_one_cm":23080}},"DataVersion":3465}