{"stats":{"minecraft:custom":{"minecraft:interact_with_furnace":12,"minecraft:mob_kills":87,"minecraft:interact_with_crafting_table":11,"minecraft:leave_game":7,"minecraft:time_since_death":94238,"minecraft:sleep_in_bed":5,"minecraft:climb_one_cm":20433,"minecraft:time_since_rest":2525,"minecraft:waystone_activated":1,"minecraft:sprint_one_cm":556164,"minecraft:damage_taken":3686,"minecraft:walk_one_cm":458923,"minecraft:damage_blocked_by_shield":3165,"minecraft:drop":7,"minecraft:damage_dealt":15193,"minecraft:player_kills":1,"minecraft:swim_one_cm":16138,"minecraft:fly_one_cm":4547,"minecraft:talked_to_villager":1,"minecraft:open_chest":128,"minecraft:crouch_one_cm":7274,"minecraft:play_time":137969,"minecraft:deaths":10,"minecraft:sneak_time":5460,"minecraft:walk_under_water_one_cm":13006,"minecraft:jump":498,"minecraft:walk_on_water_one_cm":29500,"minecraft:total_world_time":137969},"minecraft:killed":{"minecraft:cave_spider":5,"minecraft:zombie_villager":1,"minecraft:salmon":6,"minecraft:spider":7,"minecraft:bat":6,"minecraft:creeper":6,"minecraft:skeleton":13,"minecraft:zombie":20,"alexsmobs:cockroach":1,"minecraft:stray":11,"minecraft:cow":8},"minecraft:dropped":{"minecraft:iron_sword":1,"minecraft:cobblestone":2,"minecraft:rotten_flesh":4,"minecraft:cracked_stone_bricks":2,"minecraft:jungle_log":58,"minecraft:stone_bricks":2},"minecraft:killed_by":{"minecraft:skeleton":5,"minecraft:spider":1,"minecraft:witch":1,"minecraft:zombie":3},"minecraft:mined":{"minecraft:quartz_block":8,"minecraft:brewing_stand":1,"minecraft:nether_bricks":3,"minecraft:granite":1,"minecraft:jungle_planks":6,"minecraft:jungle_log":44,"minecraft:spawner":20,"minecraft:andesite":4,"minecraft:nether_brick_stairs":3,"minecraft:grass":3,"minecraft:bookshelf":2,"minecraft:oak_log":4,"minecraft:vine":12,"minecraft:iron_bars":4,"minecraft:cracked_stone_bricks":1,"minecraft:stone_bricks":4,"minecraft:stone":24,"minecraft:netherrack":1,"minecraft:mossy_stone_bricks":2,"minecraft:oak_leaves":2,"minecraft:fern":1},"minecraft:picked_up":{"minecraft:wooden_axe":4,"minecraft:iron_chestplate":2,"minecraft:feather":4,"minecraft:cooked_beef":8,"minecraft:chainmail_boots":4,"minecraft:andesite":4,"minecraft:salmon":6,"minecraft:jungle_log":102,"minecraft:golden_pickaxe":1,"minecraft:leather_leggings":2,"minecraft:leather":4,"minecraft:wooden_pickaxe":1,"minecraft:potato":2,"minecraft:flint":6,"minecraft:oak_log":4,"minecraft:brewing_stand":1,"minecraft:golden_boots":1,"minecraft:shield":2,"minecraft:brick":4,"minecraft:gunpowder":4,"minecraft:lapis_lazuli":7,"minecraft:string":23,"minecraft:iron_axe":2,"minecraft:name_tag":5,"minecraft:iron_shovel":6,"minecraft:bone":62,"minecraft:apple":5,"minecraft:stone_bricks":27,"minecraft:bow":2,"minecraft:cracked_stone_bricks":4,"minecraft:iron_ingot":6,"minecraft:beef":18,"artifacts:whoopee_cushion":1,"minecraft:stone_pickaxe":1,"minecraft:mossy_stone_bricks":2,"minecraft:iron_pickaxe":2,"minecraft:melon_slice":8,"minecraft:egg":1,"minecraft:book":6,"minecraft:golden_helmet":1,"minecraft:tipped_arrow":3,"minecraft:stick":70,"minecraft:torch":10,"minecraft:gravel":2,"minecraft:jungle_planks":192,"minecraft:nether_brick_stairs":2,"minecraft:carrot":19,"minecraft:redstone":64,"minecraft:spider_eye":4,"minecraft:golden_chestplate":1,"minecraft:mossy_cobblestone":1,"minecraft:quartz_block":5,"minecraft:diamond_shovel":2,"minecraft:arrow":28,"minecraft:rotten_flesh":45,"minecraft:nether_bricks":1,"minecraft:chainmail_leggings":1,"minecraft:iron_helmet":2,"minecraft:chainmail_helmet":2,"minecraft:baked_potato":4,"minecraft:oak_sapling":3,"minecraft:netherrack":1,"minecraft:iron_bars":11,"minecraft:cobblestone":34},"minecraft:crafted":{"minecraft:cooked_beef":18,"sophisticatedbackpacks:backpack":1,"minecraft:crafting_table":2,"minecraft:baked_potato":12,"minecraft:furnace":1,"minecraft:cooked_salmon":6,"sophisticatedbackpacks:gold_backpack":1,"minecraft:air":0,"minecraft:jungle_planks":56,"minecraft:iron_axe":2,"minecraft:stick":12,"minecraft:iron_ingot":3,"minecraft:iron_pickaxe":1,"minecraft:wooden_axe":2,"minecraft:chest":1,"sophisticatedbackpacks:iron_backpack":1},"minecraft:broken":{"minecraft:chainmail_leggings":1},"minecraft:used":{"minecraft:mossy_stone_bricks":21,"minecraft:stone_pickaxe":8,"minecraft:wooden_pickaxe":13,"minecraft:iron_sword":60,"minecraft:shield":39,"minecraft:cooked_salmon":4,"minecraft:rotten_flesh":13,"minecraft:torch":25,"minecraft:crafting_table":2,"minecraft:carrot":14,"minecraft:jungle_planks":15,"minecraft:wooden_axe":20,"minecraft:apple":2,"minecraft:iron_axe":100,"minecraft:bread":2,"minecraft:iron_pickaxe":79,"minecraft:jungle_log":1,"minecraft:gravel":2,"minecraft:stone_bricks":6,"minecraft:diamond_sword":63,"minecraft:potion":1,"minecraft:furnace":1,"minecraft:egg":1,"minecraft:cooked_beef":6}},"DataVersion":3465}