{"stats":{"minecraft:killed":{"minecraft:spider":1,"minecraft:creeper":1},"minecraft:killed_by":{"minecraft:skeleton":2,"minecraft:spider":1,"minecraft:zombie":1},"minecraft:mined":{"minecraft:bookshelf":2,"minecraft:oak_log":4,"minecraft:vine":4,"minecraft:jungle_log":5,"minecraft:mossy_stone_bricks":1,"minecraft:fern":1,"minecraft:spawner":1},"minecraft:custom":{"minecraft:time_since_rest":1525,"minecraft:sprint_one_cm":53633,"minecraft:damage_taken":1305,"minecraft:walk_one_cm":63418,"minecraft:mob_kills":3,"minecraft:damage_dealt":1503,"minecraft:interact_with_crafting_table":1,"minecraft:fly_one_cm":1450,"minecraft:open_chest":4,"minecraft:crouch_one_cm":2267,"minecraft:play_time":17846,"minecraft:deaths":4,"minecraft:sneak_time":2382,"minecraft:jump":135,"minecraft:leave_game":4,"minecraft:time_since_death":1491,"minecraft:total_world_time":17846,"minecraft:climb_one_cm":7251},"minecraft:crafted":{"minecraft:crafting_table":1,"minecraft:stick":4,"minecraft:wooden_axe":1,"minecraft:jungle_planks":20},"minecraft:picked_up":{"minecraft:book":6,"minecraft:jungle_log":5,"minecraft:wooden_pickaxe":1,"minecraft:jungle_planks":18,"minecraft:oak_log":4,"minecraft:name_tag":1,"minecraft:arrow":3,"minecraft:rotten_flesh":2,"minecraft:apple":1,"minecraft:stone_pickaxe":1,"minecraft:mossy_stone_bricks":1,"minecraft:oak_sapling":3},"minecraft:used":{"minecraft:wooden_axe":4,"minecraft:mossy_stone_bricks":8,"minecraft:apple":1,"minecraft:stone_pickaxe":8,"minecraft:wooden_pickaxe":13,"minecraft:rotten_flesh":2,"minecraft:torch":4,"minecraft:crafting_table":1,"minecraft:jungle_planks":2}},"DataVersion":3465}