{"stats":{"minecraft:custom":{"minecraft:interact_with_crafting_table":42,"minecraft:open_barrel":18,"minecraft:leave_game":14,"minecraft:time_since_death":35598,"minecraft:sprint_one_cm":1532084,"minecraft:damage_blocked_by_shield":17499,"minecraft:drop":204,"minecraft:talked_to_villager":1,"minecraft:play_time":554854,"minecraft:deaths":17,"minecraft:jump":1282,"minecraft:walk_on_water_one_cm":59606,"minecraft:enchant_item":34,"minecraft:interact_with_furnace":38,"minecraft:interact_with_loom":2,"minecraft:sleep_in_bed":18,"minecraft:waystone_activated":5,"minecraft:damage_dealt":125250,"minecraft:player_kills":2,"minecraft:crouch_one_cm":56788,"minecraft:mob_kills":2830,"minecraft:interact_with_anvil":13,"minecraft:damage_dealt_resisted":1089,"minecraft:climb_one_cm":24724,"minecraft:walk_one_cm":1431435,"minecraft:damage_dealt_absorbed":266,"minecraft:sneak_time":16896,"minecraft:walk_under_water_one_cm":33084,"minecraft:boat_one_cm":43174,"minecraft:total_world_time":554854,"minecraft:interact_with_grindstone":21,"minecraft:time_since_rest":35627,"minecraft:damage_taken":9503,"minecraft:swim_one_cm":36271,"minecraft:fly_one_cm":18202,"minecraft:open_chest":647,"minecraft:fall_one_cm":1442},"minecraft:used":{"minecraft:iron_shovel":42,"minecraft:shield":230,"minecraft:stone":22,"minecraft:iron_sword":60,"minecraft:rotten_flesh":13,"minecraft:jungle_planks":15,"minecraft:carrot":14,"minecraft:tuff":3,"minecraft:lava_bucket":1,"minecraft:copper_ore":2,"minecraft:stone_bricks":14,"minecraft:rabbit_stew":2,"minecraft:bow":22,"minecraft:furnace":1,"minecraft:egg":1,"minecraft:mossy_stone_bricks":26,"minecraft:stone_pickaxe":8,"minecraft:oak_planks":123,"minecraft:wooden_pickaxe":13,"minecraft:diamond_axe":2,"minecraft:jungle_boat":1,"alexscaves:cave_book":1,"minecraft:dripstone_block":2,"easy_villagers:villager":1,"minecraft:bread":26,"minecraft:deepslate":16,"minecraft:gravel":2,"minecraft:diamond_sword":2551,"minecraft:cooked_rabbit":3,"minecraft:iron_bars":2,"minecraft:flint_and_steel":163,"minecraft:cooked_salmon":6,"minecraft:torch":131,"minecraft:dirt":43,"minecraft:diamond_helmet":2,"minecraft:wooden_axe":20,"minecraft:iron_axe":202,"minecraft:jungle_log":1,"minecraft:smooth_basalt":5,"minecraft:cooked_beef":28,"minecraft:cooked_mutton":3,"minecraft:baked_potato":13,"minecraft:cracked_stone_bricks":3,"minecraft:mossy_cobblestone":2,"minecraft:crafting_table":5,"supplementaries:bomb":3,"minecraft:red_bed":1,"minecraft:magenta_bed":1,"minecraft:diamond_pickaxe":136,"minecraft:apple":12,"minecraft:iron_pickaxe":845,"minecraft:cobblestone":57,"minecraft:potion":1,"minecraft:bucket":1,"minecraft:yellow_bed":1},"minecraft:killed_by":{"minecraft:witch":1,"minecraft:zombie":3,"minecraft:player":6,"minecraft:spider":1,"minecraft:skeleton":5},"minecraft:mined":{"minecraft:stone_pressure_plate":1,"minecraft:brewing_stand":3,"minecraft:granite":8,"minecraft:budding_amethyst":2,"minecraft:grass_block":4,"minecraft:jungle_log":44,"minecraft:spawner":88,"minecraft:mossy_cobblestone_stairs":1,"minecraft:cobbled_deepslate":5,"minecraft:fire":38,"minecraft:anvil":2,"minecraft:nether_brick_stairs":6,"minecraft:iron_bars":27,"minecraft:quartz_block":31,"minecraft:red_bed":3,"minecraft:torch":2,"minecraft:calcite":9,"minecraft:chest":75,"minecraft:cobblestone":2,"minecraft:oak_planks":2,"minecraft:bricks":3,"minecraft:iron_door":1,"minecraft:wall_torch":1,"minecraft:amethyst_block":5,"minecraft:magenta_bed":2,"minecraft:stone_brick_stairs":1,"minecraft:grass":3,"minecraft:oak_log":4,"minecraft:dirt":42,"minecraft:smooth_basalt":5,"minecraft:netherrack":2,"minecraft:oak_leaves":4,"minecraft:deepslate":18,"minecraft:tuff":3,"minecraft:mossy_cobblestone":6,"minecraft:nether_bricks":15,"minecraft:jungle_planks":6,"minecraft:andesite":21,"minecraft:mossy_stone_brick_stairs":1,"minecraft:bookshelf":8,"minecraft:deepslate_iron_ore":20,"minecraft:vine":53,"minecraft:bamboo":1,"minecraft:stone":500,"minecraft:smithing_table":2,"minecraft:polished_granite":4,"minecraft:copper_ore":9,"minecraft:deepslate_gold_ore":1,"minecraft:diorite":30,"supplementaries:urn":2,"easy_villagers:incubator":1,"minecraft:yellow_bed":1,"minecraft:coal_ore":17,"minecraft:gravel":7,"minecraft:dripstone_block":2,"minecraft:cracked_stone_bricks":7,"minecraft:stone_bricks":18,"minecraft:mossy_stone_bricks":13,"minecraft:chipped_anvil":1,"minecraft:fern":1},"minecraft:crafted":{"minecraft:diamond_helmet":8,"minecraft:chest":1,"sophisticatedbackpacks:backpack":1,"minecraft:crafting_table":5,"minecraft:jungle_boat":1,"minecraft:baked_potato":12,"minecraft:copper_ingot":3,"minecraft:iron_chestplate":1,"minecraft:diamond_pickaxe":1,"minecraft:stick":16,"minecraft:iron_pickaxe":1,"minecraft:iron_ingot":5,"immersive_melodies:trumpet":1,"minecraft:furnace":1,"minecraft:flint_and_steel":3,"minecraft:iron_axe":2,"minecraft:diamond_boots":1,"sophisticatedbackpacks:iron_backpack":1,"minecraft:cooked_beef":18,"minecraft:diamond_sword":2,"minecraft:cooked_salmon":6,"sophisticatedbackpacks:gold_backpack":1,"minecraft:air":0,"minecraft:jungle_planks":72,"minecraft:wooden_axe":2,"minecraft:diamond_chestplate":1},"minecraft:broken":{"minecraft:iron_boots":1,"minecraft:chainmail_leggings":1,"minecraft:flint_and_steel":2,"minecraft:shield":2},"minecraft:picked_up":{"minecraft:wooden_axe":4,"minecraft:iron_chestplate":40,"minecraft:chainmail_boots":24,"minecraft:anvil":2,"minecraft:smithing_table":1,"minecraft:diamond_sword":6,"minecraft:golden_shovel":3,"minecraft:stone_brick_stairs":1,"minecraft:brewing_stand":5,"alexsmobs:blood_sprayer":1,"minecraft:string":85,"minecraft:raw_copper":26,"minecraft:iron_leggings":35,"minecraft:cobbled_deepslate":5,"minecraft:iron_pickaxe":16,"minecraft:melon_slice":8,"minecraft:deepslate_iron_ore":40,"minecraft:iron_boots":46,"minecraft:golden_helmet":27,"minecraft:tipped_arrow":161,"minecraft:stick":189,"minecraft:torch":151,"minecraft:diorite":30,"minecraft:golden_chestplate":16,"easy_villagers:villager":3,"minecraft:quartz_block":26,"minecraft:rotten_flesh":455,"supplementaries:quiver":2,"supplementaries:ash":5,"minecraft:iron_bars":73,"minecraft:cobblestone":478,"minecraft:birch_log":1,"minecraft:leather_chestplate":27,"minecraft:feather":4,"minecraft:cooked_beef":36,"minecraft:iron_door":2,"minecraft:andesite":21,"minecraft:jungle_log":102,"minecraft:golden_leggings":20,"minecraft:potato":46,"alexscaves:cave_book":1,"minecraft:flint":6,"minecraft:tuff":10,"minecraft:magenta_bed":4,"minecraft:lapis_lazuli":7,"minecraft:dirt":43,"minecraft:polished_granite":6,"minecraft:name_tag":5,"minecraft:leather_boots":22,"minecraft:bone":2189,"minecraft:chipped_anvil":1,"minecraft:bow":83,"minecraft:raw_gold":67,"artifacts:antidote_vessel":3,"minecraft:mossy_stone_bricks":13,"minecraft:diamond_helmet":20,"minecraft:bamboo":16,"minecraft:oak_planks":60,"minecraft:jungle_planks":192,"minecraft:ink_sac":2,"minecraft:nether_brick_stairs":5,"minecraft:grass_block":3,"minecraft:mossy_cobblestone":7,"artifacts:plastic_drinking_hat":5,"immersive_melodies:piano":1,"minecraft:diamond":22,"minecraft:deepslate":16,"minecraft:deepslate_gold_ore":2,"supplementaries:bubble_blower":1,"minecraft:granite":6,"minecraft:bread":43,"minecraft:chainmail_helmet":12,"minecraft:oak_sapling":3,"minecraft:netherrack":1,"minecraft:bricks":2,"minecraft:diamond_pickaxe":2,"sophisticatedbackpacks:gold_backpack":11,"minecraft:leather_leggings":30,"minecraft:golden_pickaxe":4,"minecraft:wooden_pickaxe":1,"minecraft:cooked_rabbit":3,"minecraft:brick":4,"minecraft:shield":60,"minecraft:red_bed":8,"minecraft:iron_axe":12,"artifacts:power_glove":4,"minecraft:flint_and_steel":4,"minecraft:iron_shovel":25,"minecraft:cracked_stone_bricks":16,"minecraft:beef":18,"minecraft:iron_nugget":25,"minecraft:chest":26,"minecraft:egg":1,"minecraft:copper_ore":2,"minecraft:raw_iron":64,"minecraft:stone":72,"minecraft:carrot":25,"minecraft:redstone":64,"minecraft:stone_pressure_plate":1,"minecraft:diamond_chestplate":7,"minecraft:arrow":2673,"minecraft:nether_bricks":3,"minecraft:diamond_boots":5,"sophisticatedbackpacks:copper_backpack":16,"minecraft:brick_stairs":2,"minecraft:air":74,"minecraft:clock":2,"minecraft:salmon":22,"minecraft:leather":4,"minecraft:red_mushroom":1,"supplementaries:urn":2,"minecraft:granite_stairs":2,"minecraft:oak_log":4,"minecraft:chainmail_chestplate":9,"minecraft:golden_boots":26,"minecraft:yellow_bed":1,"minecraft:gunpowder":12,"endrem:cryptic_eye":1,"minecraft:cooked_mutton":3,"minecraft:apple":72,"minecraft:stone_bricks":99,"artifacts:whoopee_cushion":5,"minecraft:iron_ingot":20,"minecraft:stone_pickaxe":1,"minecraft:glass_bottle":3,"minecraft:iron_sword":12,"minecraft:book":31,"minecraft:smooth_basalt":5,"minecraft:dandelion":2,"minecraft:dripstone_block":2,"minecraft:gravel":9,"minecraft:spider_eye":16,"minecraft:leather_helmet":16,"minecraft:diamond_shovel":6,"minecraft:chainmail_leggings":19,"minecraft:iron_helmet":37,"minecraft:diamond_axe":5,"minecraft:baked_potato":130,"minecraft:coal":188},"minecraft:killed":{"minecraft:cave_spider":12,"minecraft:spider":59,"minecraft:skeleton":950,"minecraft:chicken":1,"minecraft:silverfish":6,"minecraft:zombie_villager":1,"minecraft:salmon":6,"minecraft:creeper":20,"minecraft:zombie":425,"minecraft:stray":586,"minecraft:cow":8,"alexsmobs:seagull":1,"minecraft:bat":12,"alexsmobs:cockroach":1,"minecraft:wither_skeleton":693},"minecraft:dropped":{"minecraft:iron_sword":3,"minecraft:glass_bottle":2,"minecraft:jungle_planks":1,"minecraft:cracked_stone_bricks":6,"minecraft:leather_helmet":4,"minecraft:red_mushroom":1,"sophisticatedbackpacks:gold_backpack":1,"minecraft:iron_pickaxe":2,"minecraft:bone":527,"minecraft:gravel":7,"minecraft:golden_chestplate":3,"minecraft:rotten_flesh":145,"minecraft:golden_shovel":1,"minecraft:carrot":2,"minecraft:chainmail_chestplate":1,"minecraft:leather_chestplate":5,"supplementaries:ash":3,"minecraft:tipped_arrow":12,"alexscaves:cave_book":1,"minecraft:quartz_block":1,"minecraft:jungle_log":58,"minecraft:leather_boots":9,"minecraft:chainmail_boots":5,"minecraft:leather_leggings":5,"minecraft:iron_bars":4,"minecraft:arrow":145,"minecraft:stone_brick_stairs":1,"minecraft:golden_boots":7,"minecraft:golden_helmet":7,"minecraft:mossy_cobblestone":2,"minecraft:iron_helmet":7,"minecraft:cobblestone":3,"artifacts:whoopee_cushion":1,"minecraft:granite":1,"endrem:cryptic_eye":1,"minecraft:chainmail_helmet":2,"minecraft:grass_block":3,"minecraft:diorite":16,"minecraft:iron_leggings":7,"minecraft:chainmail_leggings":5,"minecraft:iron_shovel":4,"minecraft:string":4,"minecraft:bucket":1,"minecraft:bowl":1,"minecraft:tuff":7,"minecraft:iron_boots":14,"minecraft:flint_and_steel":1,"minecraft:diamond_sword":1,"minecraft:shield":10,"minecraft:iron_chestplate":8,"minecraft:andesite":14,"minecraft:golden_leggings":6,"easy_villagers:villager":4,"minecraft:stone_bricks":7,"minecraft:spider_eye":9,"minecraft:diamond_boots":1,"sophisticatedbackpacks:copper_backpack":1,"minecraft:bow":18}},"DataVersion":3465}