{"stats":{"minecraft:broken":{"minecraft:chainmail_leggings":1},"minecraft:killed":{"minecraft:cave_spider":5,"minecraft:zombie_villager":1,"minecraft:spider":7,"minecraft:bat":6,"minecraft:creeper":6,"minecraft:skeleton":13,"alexsmobs:cockroach":1,"minecraft:zombie":15,"minecraft:stray":11},"minecraft:killed_by":{"minecraft:skeleton":5,"minecraft:spider":1,"minecraft:witch":1,"minecraft:zombie":3},"minecraft:mined":{"minecraft:quartz_block":8,"minecraft:granite":1,"minecraft:nether_bricks":3,"minecraft:jungle_planks":6,"minecraft:jungle_log":12,"minecraft:spawner":20,"minecraft:andesite":4,"minecraft:nether_brick_stairs":3,"minecraft:bookshelf":2,"minecraft:oak_log":4,"minecraft:vine":10,"minecraft:iron_bars":4,"minecraft:stone_bricks":2,"minecraft:netherrack":1,"minecraft:mossy_stone_bricks":2,"minecraft:fern":1},"minecraft:custom":{"minecraft:mob_kills":68,"minecraft:interact_with_crafting_table":4,"minecraft:leave_game":4,"minecraft:time_since_death":22115,"minecraft:climb_one_cm":16598,"minecraft:time_since_rest":22140,"minecraft:sprint_one_cm":314607,"minecraft:damage_taken":3494,"minecraft:walk_one_cm":231198,"minecraft:damage_blocked_by_shield":3165,"minecraft:drop":1,"minecraft:damage_dealt":13204,"minecraft:player_kills":1,"minecraft:fly_one_cm":4050,"minecraft:open_chest":96,"minecraft:crouch_one_cm":5344,"minecraft:play_time":65846,"minecraft:deaths":10,"minecraft:sneak_time":4843,"minecraft:jump":474,"minecraft:walk_on_water_one_cm":6929,"minecraft:total_world_time":65846},"minecraft:crafted":{"minecraft:crafting_table":1,"minecraft:jungle_planks":44,"minecraft:iron_axe":1,"minecraft:stick":12,"minecraft:iron_pickaxe":1,"minecraft:wooden_axe":2},"minecraft:picked_up":{"minecraft:wooden_axe":4,"minecraft:iron_chestplate":2,"minecraft:feather":4,"minecraft:cooked_beef":8,"minecraft:chainmail_boots":4,"minecraft:andesite":4,"minecraft:golden_pickaxe":1,"minecraft:jungle_log":12,"minecraft:leather_leggings":2,"minecraft:wooden_pickaxe":1,"minecraft:potato":2,"minecraft:flint":6,"minecraft:oak_log":4,"minecraft:golden_boots":1,"minecraft:shield":2,"minecraft:brick":4,"minecraft:gunpowder":4,"minecraft:lapis_lazuli":7,"minecraft:string":23,"minecraft:iron_axe":2,"minecraft:name_tag":5,"minecraft:iron_shovel":6,"minecraft:bone":60,"minecraft:apple":5,"minecraft:stone_bricks":25,"minecraft:bow":2,"minecraft:cracked_stone_bricks":2,"artifacts:whoopee_cushion":1,"minecraft:iron_ingot":6,"minecraft:stone_pickaxe":1,"minecraft:mossy_stone_bricks":2,"minecraft:iron_pickaxe":2,"minecraft:melon_slice":8,"minecraft:book":6,"minecraft:golden_helmet":1,"minecraft:tipped_arrow":3,"minecraft:stick":61,"minecraft:torch":10,"minecraft:gravel":2,"minecraft:jungle_planks":192,"minecraft:nether_brick_stairs":2,"minecraft:carrot":19,"minecraft:redstone":64,"minecraft:golden_chestplate":1,"minecraft:spider_eye":4,"minecraft:mossy_cobblestone":1,"minecraft:quartz_block":5,"minecraft:diamond_shovel":2,"minecraft:arrow":28,"minecraft:rotten_flesh":39,"minecraft:nether_bricks":1,"minecraft:chainmail_leggings":1,"minecraft:iron_helmet":2,"minecraft:chainmail_helmet":2,"minecraft:baked_potato":4,"minecraft:oak_sapling":3,"minecraft:netherrack":1,"minecraft:iron_bars":11,"minecraft:cobblestone":10},"minecraft:dropped":{"minecraft:iron_sword":1},"minecraft:used":{"minecraft:mossy_stone_bricks":21,"minecraft:stone_pickaxe":8,"minecraft:iron_sword":60,"minecraft:wooden_pickaxe":13,"minecraft:shield":39,"minecraft:rotten_flesh":9,"minecraft:torch":25,"minecraft:crafting_table":1,"minecraft:jungle_planks":15,"minecraft:carrot":14,"minecraft:wooden_axe":20,"minecraft:apple":1,"minecraft:iron_axe":64,"minecraft:bread":2,"minecraft:iron_pickaxe":51,"minecraft:jungle_log":1,"minecraft:gravel":2,"minecraft:stone_bricks":6,"minecraft:diamond_sword":23,"minecraft:potion":1,"minecraft:cooked_beef":3}},"DataVersion":3465}