{"stats":{"minecraft:custom":{"minecraft:mob_kills":122,"minecraft:interact_with_crafting_table":14,"minecraft:leave_game":8,"minecraft:time_since_death":15029,"minecraft:climb_one_cm":20433,"minecraft:sprint_one_cm":701096,"minecraft:walk_one_cm":561548,"minecraft:damage_blocked_by_shield":5880,"minecraft:drop":11,"minecraft:talked_to_villager":1,"minecraft:play_time":180446,"minecraft:deaths":11,"minecraft:sneak_time":5506,"minecraft:walk_under_water_one_cm":13006,"minecraft:jump":626,"minecraft:walk_on_water_one_cm":29500,"minecraft:total_world_time":180446,"minecraft:interact_with_furnace":14,"minecraft:sleep_in_bed":8,"minecraft:time_since_rest":8735,"minecraft:waystone_activated":1,"minecraft:damage_taken":4327,"minecraft:damage_dealt":20789,"minecraft:swim_one_cm":16138,"minecraft:fly_one_cm":7747,"minecraft:player_kills":1,"minecraft:open_chest":190,"minecraft:crouch_one_cm":7465},"minecraft:killed":{"minecraft:cave_spider":5,"minecraft:spider":15,"minecraft:skeleton":25,"minecraft:silverfish":4,"minecraft:zombie_villager":1,"minecraft:salmon":6,"minecraft:bat":9,"minecraft:creeper":7,"alexsmobs:cockroach":1,"minecraft:zombie":23,"minecraft:stray":14,"minecraft:cow":8},"minecraft:dropped":{"minecraft:iron_sword":1,"minecraft:glass_bottle":2,"minecraft:cobblestone":2,"minecraft:cracked_stone_bricks":2,"minecraft:red_mushroom":1,"minecraft:rotten_flesh":4,"minecraft:shield":1,"minecraft:jungle_log":58,"minecraft:stone_bricks":2},"minecraft:killed_by":{"minecraft:spider":1,"minecraft:skeleton":5,"minecraft:witch":1,"minecraft:zombie":3},"minecraft:mined":{"minecraft:brewing_stand":2,"minecraft:nether_bricks":3,"minecraft:granite":1,"minecraft:jungle_planks":6,"minecraft:jungle_log":44,"minecraft:spawner":39,"minecraft:fire":32,"minecraft:andesite":4,"minecraft:nether_brick_stairs":3,"minecraft:bookshelf":4,"minecraft:vine":12,"minecraft:iron_bars":14,"minecraft:stone":25,"minecraft:quartz_block":12,"minecraft:torch":1,"minecraft:chest":22,"minecraft:grass":3,"minecraft:oak_log":4,"minecraft:dripstone_block":2,"minecraft:cracked_stone_bricks":1,"minecraft:stone_bricks":4,"minecraft:netherrack":1,"minecraft:mossy_stone_bricks":2,"minecraft:oak_leaves":2,"minecraft:fern":1},"minecraft:picked_up":{"minecraft:wooden_axe":4,"sophisticatedbackpacks:gold_backpack":1,"minecraft:iron_chestplate":3,"minecraft:chainmail_boots":5,"minecraft:leather_leggings":2,"minecraft:golden_pickaxe":1,"minecraft:diamond_sword":1,"minecraft:wooden_pickaxe":1,"minecraft:cooked_rabbit":3,"minecraft:brewing_stand":2,"minecraft:brick":4,"minecraft:shield":5,"minecraft:string":32,"minecraft:iron_axe":3,"minecraft:flint_and_steel":1,"minecraft:iron_leggings":1,"minecraft:iron_shovel":6,"minecraft:cracked_stone_bricks":4,"minecraft:beef":18,"minecraft:iron_pickaxe":3,"minecraft:melon_slice":8,"minecraft:chest":19,"minecraft:egg":1,"minecraft:golden_helmet":2,"minecraft:tipped_arrow":4,"minecraft:stick":83,"minecraft:torch":79,"minecraft:carrot":19,"minecraft:redstone":64,"minecraft:golden_chestplate":2,"minecraft:quartz_block":6,"minecraft:arrow":82,"minecraft:rotten_flesh":45,"minecraft:nether_bricks":1,"minecraft:iron_bars":21,"minecraft:cobblestone":50,"minecraft:feather":4,"minecraft:cooked_beef":30,"minecraft:andesite":4,"minecraft:salmon":6,"minecraft:jungle_log":102,"minecraft:leather":4,"minecraft:red_mushroom":1,"minecraft:potato":2,"minecraft:flint":6,"minecraft:oak_log":4,"minecraft:golden_boots":1,"minecraft:gunpowder":6,"minecraft:lapis_lazuli":7,"minecraft:name_tag":5,"minecraft:cooked_mutton":3,"minecraft:bone":72,"minecraft:apple":5,"minecraft:stone_bricks":27,"minecraft:bow":3,"minecraft:iron_ingot":6,"artifacts:whoopee_cushion":2,"minecraft:stone_pickaxe":1,"minecraft:mossy_stone_bricks":2,"minecraft:diamond_helmet":1,"minecraft:glass_bottle":2,"minecraft:oak_planks":58,"minecraft:book":12,"minecraft:gravel":2,"minecraft:dripstone_block":2,"minecraft:jungle_planks":192,"minecraft:nether_brick_stairs":2,"minecraft:leather_helmet":1,"minecraft:spider_eye":7,"minecraft:mossy_cobblestone":1,"minecraft:diamond_shovel":2,"minecraft:chainmail_leggings":1,"minecraft:iron_helmet":2,"minecraft:chainmail_helmet":2,"minecraft:baked_potato":4,"minecraft:oak_sapling":3,"minecraft:netherrack":1,"minecraft:coal":11},"minecraft:crafted":{"minecraft:furnace":1,"minecraft:flint_and_steel":1,"minecraft:iron_axe":2,"minecraft:chest":1,"sophisticatedbackpacks:iron_backpack":1,"minecraft:cooked_beef":18,"sophisticatedbackpacks:backpack":1,"minecraft:crafting_table":3,"minecraft:baked_potato":12,"minecraft:cooked_salmon":6,"sophisticatedbackpacks:gold_backpack":1,"minecraft:air":0,"minecraft:jungle_planks":56,"minecraft:iron_chestplate":1,"minecraft:stick":12,"minecraft:iron_pickaxe":1,"minecraft:iron_ingot":3,"minecraft:wooden_axe":2},"minecraft:broken":{"minecraft:chainmail_leggings":1,"minecraft:shield":1},"minecraft:used":{"minecraft:iron_bars":2,"minecraft:flint_and_steel":50,"minecraft:shield":86,"minecraft:iron_sword":60,"minecraft:cooked_salmon":6,"minecraft:rotten_flesh":13,"minecraft:torch":62,"minecraft:jungle_planks":15,"minecraft:carrot":14,"minecraft:wooden_axe":20,"minecraft:iron_axe":131,"minecraft:jungle_log":1,"minecraft:stone_bricks":6,"minecraft:furnace":1,"minecraft:egg":1,"minecraft:cooked_beef":8,"minecraft:mossy_stone_bricks":21,"minecraft:stone_pickaxe":8,"minecraft:oak_planks":64,"minecraft:wooden_pickaxe":13,"minecraft:crafting_table":3,"minecraft:dripstone_block":2,"minecraft:apple":2,"minecraft:bread":2,"minecraft:iron_pickaxe":131,"minecraft:gravel":2,"minecraft:diamond_sword":141,"minecraft:potion":1,"minecraft:cooked_rabbit":3}},"DataVersion":3465}