{"stats":{"minecraft:custom":{"minecraft:interact_with_anvil":1,"minecraft:mob_kills":229,"minecraft:interact_with_crafting_table":17,"minecraft:open_barrel":16,"minecraft:leave_game":11,"minecraft:time_since_death":115671,"minecraft:climb_one_cm":23601,"minecraft:sprint_one_cm":1072892,"minecraft:walk_one_cm":853782,"minecraft:damage_blocked_by_shield":13820,"minecraft:drop":28,"minecraft:talked_to_villager":1,"minecraft:play_time":281088,"minecraft:deaths":11,"minecraft:sneak_time":7401,"minecraft:walk_under_water_one_cm":16236,"minecraft:boat_one_cm":19819,"minecraft:jump":1174,"minecraft:walk_on_water_one_cm":39208,"minecraft:total_world_time":281088,"minecraft:interact_with_furnace":21,"minecraft:sleep_in_bed":11,"minecraft:time_since_rest":16585,"minecraft:waystone_activated":1,"minecraft:damage_taken":5626,"minecraft:damage_dealt":38488,"minecraft:player_kills":1,"minecraft:swim_one_cm":23003,"minecraft:fly_one_cm":13183,"minecraft:open_chest":277,"minecraft:crouch_one_cm":10382,"minecraft:fall_one_cm":1442},"minecraft:killed":{"minecraft:cave_spider":10,"minecraft:spider":26,"alexsmobs:seagull":1,"minecraft:skeleton":39,"minecraft:chicken":1,"minecraft:silverfish":6,"minecraft:zombie_villager":1,"minecraft:salmon":6,"minecraft:bat":12,"minecraft:creeper":19,"minecraft:zombie":61,"alexsmobs:cockroach":1,"minecraft:stray":26,"minecraft:wither_skeleton":2,"minecraft:cow":8},"minecraft:dropped":{"minecraft:iron_sword":1,"minecraft:glass_bottle":2,"minecraft:cobblestone":2,"minecraft:jungle_planks":1,"minecraft:granite":1,"minecraft:cracked_stone_bricks":2,"minecraft:grass_block":3,"minecraft:red_mushroom":1,"minecraft:diorite":16,"minecraft:iron_pickaxe":1,"minecraft:gravel":7,"minecraft:bowl":1,"minecraft:rotten_flesh":14,"minecraft:flint_and_steel":1,"minecraft:shield":2,"minecraft:andesite":14,"minecraft:quartz_block":1,"minecraft:jungle_log":58,"minecraft:spider_eye":4,"minecraft:stone_bricks":2,"minecraft:iron_bars":4,"minecraft:stone_brick_stairs":1},"minecraft:killed_by":{"minecraft:spider":1,"minecraft:skeleton":5,"minecraft:witch":1,"minecraft:zombie":3},"minecraft:mined":{"minecraft:stone_pressure_plate":1,"minecraft:mossy_cobblestone":2,"minecraft:brewing_stand":2,"minecraft:nether_bricks":15,"minecraft:granite":7,"minecraft:grass_block":3,"minecraft:jungle_planks":6,"minecraft:jungle_log":44,"minecraft:spawner":88,"minecraft:mossy_cobblestone_stairs":1,"minecraft:fire":37,"minecraft:andesite":21,"minecraft:anvil":2,"minecraft:nether_brick_stairs":6,"minecraft:mossy_stone_brick_stairs":1,"minecraft:bookshelf":6,"minecraft:vine":50,"minecraft:iron_bars":27,"minecraft:bamboo":1,"minecraft:stone":452,"minecraft:smithing_table":1,"minecraft:quartz_block":31,"minecraft:red_bed":2,"minecraft:torch":2,"minecraft:chest":75,"minecraft:copper_ore":7,"minecraft:oak_planks":2,"minecraft:diorite":30,"minecraft:iron_door":1,"minecraft:magenta_bed":2,"minecraft:yellow_bed":1,"minecraft:stone_brick_stairs":1,"minecraft:grass":3,"minecraft:oak_log":4,"minecraft:coal_ore":17,"minecraft:gravel":7,"minecraft:dripstone_block":2,"minecraft:dirt":34,"minecraft:cracked_stone_bricks":1,"minecraft:stone_bricks":5,"minecraft:netherrack":2,"minecraft:mossy_stone_bricks":5,"minecraft:chipped_anvil":1,"minecraft:oak_leaves":2,"minecraft:fern":1},"minecraft:picked_up":{"minecraft:wooden_axe":4,"sophisticatedbackpacks:gold_backpack":1,"minecraft:iron_chestplate":3,"minecraft:chainmail_boots":6,"minecraft:anvil":2,"minecraft:golden_pickaxe":1,"minecraft:leather_leggings":2,"minecraft:smithing_table":1,"minecraft:diamond_sword":1,"minecraft:wooden_pickaxe":1,"minecraft:cooked_rabbit":3,"minecraft:stone_brick_stairs":1,"minecraft:brewing_stand":2,"minecraft:shield":6,"minecraft:brick":4,"minecraft:string":47,"minecraft:red_bed":2,"minecraft:raw_copper":26,"minecraft:iron_axe":3,"minecraft:flint_and_steel":2,"minecraft:iron_leggings":1,"minecraft:iron_shovel":6,"minecraft:cracked_stone_bricks":4,"minecraft:beef":18,"minecraft:iron_pickaxe":4,"minecraft:melon_slice":8,"minecraft:chest":26,"minecraft:egg":1,"minecraft:iron_boots":3,"minecraft:golden_helmet":3,"minecraft:tipped_arrow":8,"minecraft:stick":85,"minecraft:torch":80,"minecraft:diorite":30,"minecraft:carrot":20,"minecraft:redstone":64,"minecraft:golden_chestplate":3,"minecraft:stone_pressure_plate":1,"minecraft:quartz_block":26,"minecraft:arrow":97,"minecraft:rotten_flesh":84,"minecraft:nether_bricks":3,"minecraft:iron_bars":34,"minecraft:cobblestone":476,"minecraft:air":15,"minecraft:feather":4,"minecraft:cooked_beef":30,"minecraft:iron_door":2,"minecraft:andesite":21,"minecraft:salmon":6,"minecraft:jungle_log":102,"minecraft:leather":4,"minecraft:red_mushroom":1,"minecraft:potato":5,"minecraft:flint":6,"minecraft:oak_log":4,"minecraft:magenta_bed":2,"minecraft:golden_boots":3,"minecraft:yellow_bed":1,"minecraft:gunpowder":12,"minecraft:lapis_lazuli":7,"minecraft:dirt":34,"minecraft:name_tag":5,"minecraft:cooked_mutton":3,"minecraft:bone":89,"minecraft:chipped_anvil":1,"minecraft:apple":5,"minecraft:stone_bricks":29,"minecraft:bow":5,"artifacts:whoopee_cushion":2,"minecraft:iron_ingot":19,"minecraft:stone_pickaxe":1,"minecraft:bamboo":16,"minecraft:mossy_stone_bricks":3,"minecraft:diamond_helmet":1,"minecraft:glass_bottle":3,"minecraft:oak_planks":60,"minecraft:book":18,"minecraft:dripstone_block":2,"minecraft:gravel":9,"minecraft:jungle_planks":192,"minecraft:nether_brick_stairs":5,"minecraft:grass_block":3,"minecraft:mossy_cobblestone":2,"minecraft:spider_eye":10,"minecraft:leather_helmet":1,"minecraft:diamond_shovel":2,"minecraft:chainmail_leggings":1,"minecraft:iron_helmet":6,"minecraft:granite":6,"minecraft:chainmail_helmet":3,"minecraft:oak_sapling":3,"minecraft:baked_potato":4,"minecraft:netherrack":1,"minecraft:coal":29},"minecraft:crafted":{"immersive_melodies:trumpet":1,"minecraft:furnace":1,"minecraft:flint_and_steel":3,"minecraft:iron_axe":2,"minecraft:chest":1,"sophisticatedbackpacks:iron_backpack":1,"minecraft:cooked_beef":18,"sophisticatedbackpacks:backpack":1,"minecraft:crafting_table":5,"minecraft:jungle_boat":1,"minecraft:baked_potato":12,"minecraft:cooked_salmon":6,"minecraft:copper_ingot":3,"sophisticatedbackpacks:gold_backpack":1,"minecraft:air":0,"minecraft:jungle_planks":72,"minecraft:iron_chestplate":1,"minecraft:stick":16,"minecraft:iron_ingot":5,"minecraft:iron_pickaxe":1,"minecraft:wooden_axe":2},"minecraft:broken":{"minecraft:chainmail_leggings":1,"minecraft:flint_and_steel":2,"minecraft:shield":2},"minecraft:used":{"minecraft:iron_shovel":42,"minecraft:iron_bars":2,"minecraft:flint_and_steel":163,"minecraft:shield":194,"minecraft:iron_sword":60,"minecraft:cooked_salmon":6,"minecraft:rotten_flesh":13,"minecraft:torch":131,"minecraft:jungle_planks":15,"minecraft:carrot":14,"minecraft:wooden_axe":20,"minecraft:iron_axe":199,"minecraft:jungle_log":1,"minecraft:stone_bricks":6,"minecraft:rabbit_stew":2,"minecraft:bow":11,"minecraft:furnace":1,"minecraft:egg":1,"minecraft:cooked_beef":23,"minecraft:cooked_mutton":3,"minecraft:mossy_stone_bricks":21,"minecraft:stone_pickaxe":8,"minecraft:oak_planks":112,"minecraft:wooden_pickaxe":13,"minecraft:jungle_boat":1,"minecraft:mossy_cobblestone":1,"minecraft:crafting_table":5,"minecraft:magenta_bed":1,"minecraft:dripstone_block":2,"minecraft:apple":2,"minecraft:bread":2,"minecraft:iron_pickaxe":812,"minecraft:gravel":2,"minecraft:diamond_sword":505,"minecraft:cobblestone":56,"minecraft:potion":1,"minecraft:cooked_rabbit":3,"minecraft:yellow_bed":1}},"DataVersion":3465}