{"stats":{"minecraft:killed":{"minecraft:skeleton":5,"minecraft:zombie":1,"minecraft:zombie_villager":1,"minecraft:bat":4,"minecraft:spider":3,"minecraft:creeper":6},"minecraft:killed_by":{"minecraft:skeleton":3,"minecraft:spider":1,"minecraft:witch":1,"minecraft:zombie":2},"minecraft:mined":{"minecraft:bookshelf":2,"minecraft:oak_log":4,"minecraft:vine":5,"minecraft:jungle_log":12,"minecraft:mossy_stone_bricks":1,"minecraft:fern":1,"minecraft:spawner":1},"minecraft:custom":{"minecraft:time_since_rest":771,"minecraft:sprint_one_cm":97780,"minecraft:damage_taken":2009,"minecraft:walk_one_cm":93738,"minecraft:damage_blocked_by_shield":210,"minecraft:mob_kills":21,"minecraft:damage_dealt":5538,"minecraft:interact_with_crafting_table":4,"minecraft:fly_one_cm":2078,"minecraft:open_chest":13,"minecraft:crouch_one_cm":3889,"minecraft:play_time":29846,"minecraft:deaths":7,"minecraft:sneak_time":4304,"minecraft:jump":336,"minecraft:leave_game":4,"minecraft:walk_on_water_one_cm":3032,"minecraft:time_since_death":728,"minecraft:total_world_time":29846,"minecraft:climb_one_cm":10503},"minecraft:crafted":{"minecraft:iron_axe":1,"minecraft:crafting_table":1,"minecraft:stick":12,"minecraft:iron_pickaxe":1,"minecraft:wooden_axe":2,"minecraft:jungle_planks":44},"minecraft:picked_up":{"minecraft:book":6,"minecraft:stick":17,"minecraft:feather":4,"minecraft:jungle_log":12,"minecraft:torch":9,"minecraft:wooden_pickaxe":1,"minecraft:jungle_planks":35,"minecraft:brick":4,"minecraft:oak_log":4,"minecraft:carrot":12,"minecraft:shield":1,"minecraft:gunpowder":4,"minecraft:iron_axe":1,"minecraft:spider_eye":1,"minecraft:string":18,"minecraft:iron_shovel":1,"minecraft:bone":8,"minecraft:name_tag":2,"minecraft:arrow":12,"minecraft:rotten_flesh":5,"minecraft:stone_bricks":23,"minecraft:apple":1,"minecraft:iron_ingot":6,"minecraft:stone_pickaxe":1,"minecraft:mossy_stone_bricks":1,"minecraft:iron_pickaxe":1,"minecraft:oak_sapling":3,"minecraft:wooden_axe":1},"minecraft:used":{"minecraft:wooden_axe":20,"minecraft:mossy_stone_bricks":8,"minecraft:apple":1,"minecraft:iron_axe":12,"minecraft:stone_pickaxe":8,"minecraft:jungle_log":1,"minecraft:shield":3,"minecraft:wooden_pickaxe":13,"minecraft:stone_bricks":6,"minecraft:rotten_flesh":2,"minecraft:torch":4,"minecraft:crafting_table":1,"minecraft:jungle_planks":2}},"DataVersion":3465}