{"stats":{"minecraft:dropped":{"minecraft:iron_sword":3,"minecraft:glass_bottle":2,"minecraft:jungle_planks":1,"minecraft:cracked_stone_bricks":6,"minecraft:leather_helmet":4,"minecraft:red_mushroom":1,"sophisticatedbackpacks:gold_backpack":1,"minecraft:iron_pickaxe":2,"minecraft:birch_log":1,"minecraft:bone":655,"minecraft:gravel":7,"minecraft:golden_chestplate":3,"minecraft:rotten_flesh":227,"minecraft:golden_shovel":1,"minecraft:carrot":2,"minecraft:chainmail_chestplate":1,"minecraft:leather_chestplate":6,"supplementaries:ash":3,"minecraft:tipped_arrow":30,"alexscaves:cave_book":1,"minecraft:quartz_block":1,"minecraft:beetroot_seeds":3,"minecraft:jungle_log":58,"minecraft:leather_boots":10,"minecraft:chainmail_boots":5,"minecraft:leather_leggings":6,"minecraft:iron_bars":4,"minecraft:arrow":145,"alexsmobs:banana":2,"minecraft:stone_brick_stairs":1,"minecraft:golden_boots":7,"minecraft:golden_helmet":7,"minecraft:mossy_cobblestone":2,"minecraft:iron_helmet":7,"minecraft:cobblestone":3,"artifacts:whoopee_cushion":1,"minecraft:granite":1,"endrem:cryptic_eye":1,"minecraft:chainmail_helmet":2,"minecraft:grass_block":3,"minecraft:diorite":16,"minecraft:ink_sac":2,"minecraft:iron_leggings":7,"minecraft:oak_stairs":1,"minecraft:chainmail_leggings":5,"minecraft:iron_shovel":4,"minecraft:string":4,"minecraft:bucket":1,"minecraft:redstone":1,"minecraft:bowl":1,"minecraft:tuff":7,"minecraft:iron_boots":14,"minecraft:flint_and_steel":1,"minecraft:diamond_sword":2,"minecraft:shield":11,"minecraft:iron_chestplate":8,"minecraft:andesite":14,"minecraft:golden_leggings":6,"easy_villagers:villager":4,"minecraft:stone_bricks":7,"minecraft:spider_eye":9,"minecraft:diamond_boots":1,"sophisticatedbackpacks:copper_backpack":1,"minecraft:bow":18},"minecraft:picked_up":{"minecraft:wooden_axe":4,"minecraft:iron_chestplate":40,"minecraft:chainmail_boots":25,"minecraft:anvil":2,"minecraft:smithing_table":1,"minecraft:diamond_sword":7,"minecraft:oak_stairs":1,"minecraft:brown_bed":29,"minecraft:golden_shovel":3,"minecraft:stone_brick_stairs":2,"minecraft:brewing_stand":5,"alexsmobs:blood_sprayer":1,"minecraft:string":87,"minecraft:raw_copper":26,"minecraft:iron_leggings":35,"alexsmobs:banana":9,"minecraft:cobbled_deepslate":5,"minecraft:iron_pickaxe":16,"minecraft:melon_slice":8,"minecraft:deepslate_iron_ore":40,"minecraft:iron_boots":46,"minecraft:tipped_arrow":179,"minecraft:golden_helmet":28,"minecraft:stick":234,"minecraft:oak_fence":2,"minecraft:torch":151,"minecraft:diorite":30,"minecraft:golden_chestplate":16,"easy_villagers:villager":3,"minecraft:quartz_block":26,"minecraft:rotten_flesh":460,"minecraft:end_rod":1,"supplementaries:quiver":2,"supplementaries:ash":5,"minecraft:iron_bars":73,"minecraft:cobblestone":483,"minecraft:birch_log":1,"minecraft:leather_chestplate":28,"minecraft:feather":4,"minecraft:cooked_beef":36,"minecraft:iron_door":2,"minecraft:andesite":21,"minecraft:jungle_log":657,"minecraft:golden_leggings":20,"minecraft:potato":46,"alexscaves:cave_book":1,"minecraft:flint":6,"minecraft:tuff":10,"minecraft:magenta_bed":4,"minecraft:lapis_lazuli":135,"minecraft:dirt":43,"minecraft:polished_granite":6,"minecraft:name_tag":5,"minecraft:leather_boots":23,"minecraft:bone":2351,"minecraft:chipped_anvil":1,"minecraft:bow":84,"minecraft:raw_gold":71,"artifacts:antidote_vessel":3,"minecraft:bamboo":16,"minecraft:mossy_stone_bricks":14,"minecraft:diamond_helmet":20,"minecraft:oak_planks":60,"minecraft:jungle_planks":192,"minecraft:nether_brick_stairs":5,"minecraft:ink_sac":2,"minecraft:grass_block":3,"minecraft:mossy_cobblestone":10,"artifacts:plastic_drinking_hat":5,"immersive_melodies:piano":1,"minecraft:diamond":22,"minecraft:deepslate":16,"waystones:waystone":2,"minecraft:deepslate_gold_ore":2,"supplementaries:bubble_blower":1,"minecraft:granite":6,"minecraft:chainmail_helmet":13,"minecraft:bread":43,"minecraft:oak_sapling":3,"minecraft:netherrack":1,"minecraft:bricks":2,"minecraft:diamond_pickaxe":2,"sophisticatedbackpacks:gold_backpack":11,"minecraft:leather_leggings":32,"minecraft:golden_pickaxe":4,"minecraft:wooden_pickaxe":1,"minecraft:cooked_rabbit":3,"minecraft:brick":4,"minecraft:shield":61,"minecraft:red_bed":10,"minecraft:iron_axe":12,"artifacts:power_glove":4,"minecraft:flint_and_steel":4,"minecraft:iron_shovel":25,"minecraft:cracked_stone_bricks":16,"minecraft:beef":26,"minecraft:cyan_wool":2,"minecraft:jungle_sapling":28,"minecraft:iron_nugget":25,"minecraft:spruce_slab":1,"minecraft:chest":26,"minecraft:egg":3,"minecraft:copper_ore":2,"minecraft:raw_iron":110,"minecraft:stone":83,"minecraft:carrot":25,"minecraft:redstone":64,"minecraft:light_blue_bed":2,"minecraft:stone_pressure_plate":1,"minecraft:diamond_chestplate":7,"minecraft:arrow":2737,"minecraft:nether_bricks":3,"minecraft:diamond_boots":5,"sophisticatedbackpacks:copper_backpack":16,"minecraft:brick_stairs":2,"minecraft:air":74,"minecraft:clock":2,"minecraft:salmon":22,"minecraft:leather":13,"minecraft:red_mushroom":1,"supplementaries:urn":2,"minecraft:granite_stairs":2,"minecraft:oak_log":4,"minecraft:chainmail_chestplate":9,"minecraft:golden_boots":26,"minecraft:yellow_bed":1,"minecraft:gunpowder":12,"endrem:cryptic_eye":1,"minecraft:cooked_mutton":3,"minecraft:apple":72,"minecraft:stone_bricks":99,"artifacts:whoopee_cushion":5,"minecraft:iron_ingot":20,"minecraft:stone_pickaxe":1,"minecraft:glass_bottle":3,"minecraft:iron_sword":12,"minecraft:book":31,"minecraft:smooth_basalt":5,"minecraft:stone_brick_slab":1,"minecraft:dandelion":2,"minecraft:dripstone_block":2,"minecraft:gravel":9,"minecraft:amethyst_shard":4,"minecraft:red_banner":1,"minecraft:spider_eye":16,"minecraft:leather_helmet":16,"minecraft:diamond_shovel":6,"minecraft:coal_ore":58,"minecraft:chainmail_leggings":19,"minecraft:iron_helmet":37,"minecraft:diamond_axe":5,"minecraft:gray_wool":3,"minecraft:baked_potato":130,"minecraft:damaged_anvil":6,"minecraft:coal":374},"minecraft:used":{"minecraft:iron_shovel":42,"minecraft:shield":230,"minecraft:stone":22,"minecraft:iron_sword":60,"minecraft:rotten_flesh":13,"minecraft:jungle_planks":15,"minecraft:carrot":14,"minecraft:tuff":3,"minecraft:lava_bucket":1,"minecraft:coal_ore":58,"minecraft:copper_ore":2,"minecraft:stone_bricks":14,"minecraft:rabbit_stew":2,"minecraft:bow":22,"minecraft:furnace":2,"minecraft:egg":1,"minecraft:mossy_stone_bricks":26,"minecraft:stone_pickaxe":8,"minecraft:oak_planks":123,"minecraft:wooden_pickaxe":13,"minecraft:diamond_axe":624,"minecraft:jungle_boat":1,"alexscaves:cave_book":1,"minecraft:blast_furnace":3,"minecraft:dripstone_block":2,"waystones:waystone":2,"easy_villagers:villager":1,"minecraft:deepslate_iron_ore":20,"minecraft:bread":26,"minecraft:deepslate":16,"minecraft:gravel":2,"minecraft:diamond_sword":3147,"minecraft:cooked_rabbit":3,"minecraft:iron_bars":2,"minecraft:flint_and_steel":181,"minecraft:deepslate_gold_ore":1,"minecraft:cooked_salmon":6,"minecraft:torch":131,"minecraft:dirt":43,"minecraft:diamond_helmet":2,"minecraft:wooden_axe":20,"minecraft:iron_axe":202,"minecraft:jungle_log":1,"minecraft:smooth_basalt":5,"minecraft:cooked_beef":28,"minecraft:cooked_mutton":3,"minecraft:baked_potato":31,"minecraft:cracked_stone_bricks":3,"minecraft:mossy_cobblestone":2,"minecraft:crafting_table":6,"minecraft:red_bed":3,"supplementaries:bomb":3,"minecraft:magenta_bed":1,"minecraft:diamond_pickaxe":344,"minecraft:apple":12,"minecraft:iron_pickaxe":845,"minecraft:potion":1,"minecraft:cobblestone":79,"minecraft:bucket":1,"minecraft:yellow_bed":1},"minecraft:mined":{"minecraft:stone_pressure_plate":1,"minecraft:brewing_stand":3,"minecraft:granite":8,"minecraft:budding_amethyst":2,"minecraft:grass_block":4,"minecraft:jungle_log":609,"minecraft:spawner":89,"minecraft:mossy_cobblestone_stairs":1,"minecraft:cobbled_deepslate":5,"minecraft:fire":41,"minecraft:anvil":2,"minecraft:nether_brick_stairs":6,"minecraft:brown_bed":29,"minecraft:oak_stairs":1,"minecraft:iron_bars":27,"minecraft:spruce_slab":1,"minecraft:quartz_block":31,"minecraft:red_bed":5,"minecraft:amethyst_cluster":1,"minecraft:torch":2,"minecraft:calcite":9,"minecraft:chest":75,"minecraft:cobblestone":2,"minecraft:oak_planks":2,"minecraft:damaged_anvil":6,"minecraft:bricks":3,"minecraft:iron_door":1,"minecraft:wall_torch":1,"minecraft:amethyst_block":6,"minecraft:cyan_wool":2,"minecraft:magenta_bed":2,"minecraft:stone_brick_stairs":2,"minecraft:grass":8,"minecraft:oak_log":4,"minecraft:dirt":42,"minecraft:smooth_basalt":5,"minecraft:netherrack":2,"minecraft:oak_leaves":4,"minecraft:deepslate":18,"minecraft:tuff":3,"minecraft:mossy_cobblestone":9,"minecraft:nether_bricks":15,"minecraft:jungle_planks":6,"minecraft:andesite":21,"minecraft:mossy_stone_brick_stairs":1,"minecraft:bookshelf":8,"minecraft:deepslate_iron_ore":40,"minecraft:vine":58,"minecraft:bamboo":1,"minecraft:stone":516,"minecraft:smithing_table":2,"minecraft:stone_brick_slab":1,"minecraft:polished_granite":4,"minecraft:oak_fence":2,"minecraft:tall_grass":2,"minecraft:copper_ore":9,"minecraft:deepslate_gold_ore":2,"minecraft:diorite":30,"supplementaries:urn":2,"minecraft:gray_wool":3,"easy_villagers:incubator":1,"minecraft:light_blue_bed":2,"minecraft:red_wall_banner":1,"minecraft:yellow_bed":1,"minecraft:coal_ore":167,"minecraft:end_rod":1,"minecraft:gravel":7,"minecraft:dripstone_block":2,"minecraft:cracked_stone_bricks":7,"minecraft:stone_bricks":18,"minecraft:mossy_stone_bricks":14,"minecraft:chipped_anvil":1,"minecraft:fern":2},"minecraft:broken":{"minecraft:iron_boots":1,"minecraft:chainmail_leggings":1,"minecraft:flint_and_steel":2,"minecraft:shield":2},"minecraft:killed_by":{"minecraft:witch":1,"minecraft:zombie":3,"minecraft:player":6,"minecraft:spider":1,"minecraft:skeleton":5},"minecraft:crafted":{"minecraft:smooth_stone":35,"sophisticatedbackpacks:crafting_upgrade":1,"minecraft:diamond_helmet":8,"minecraft:diamond_leggings":1,"minecraft:chest":1,"sophisticatedbackpacks:backpack":1,"minecraft:crafting_table":7,"minecraft:jungle_boat":1,"minecraft:baked_potato":12,"minecraft:copper_ingot":3,"sophisticatedbackpacks:upgrade_base":5,"minecraft:iron_chestplate":1,"minecraft:diamond_pickaxe":3,"minecraft:stick":16,"minecraft:iron_pickaxe":1,"minecraft:iron_ingot":115,"minecraft:gold_ingot":71,"minecraft:furnace":5,"immersive_melodies:trumpet":1,"minecraft:blast_furnace":3,"minecraft:flint_and_steel":4,"minecraft:iron_axe":2,"minecraft:diamond_boots":1,"sophisticatedbackpacks:iron_backpack":4,"minecraft:cooked_beef":26,"minecraft:diamond_sword":2,"minecraft:cooked_salmon":6,"sophisticatedbackpacks:gold_backpack":4,"minecraft:air":0,"minecraft:jungle_planks":80,"minecraft:wooden_axe":2,"minecraft:diamond_chestplate":1},"minecraft:killed":{"minecraft:cave_spider":12,"minecraft:spider":73,"minecraft:skeleton":1297,"minecraft:chicken":1,"minecraft:silverfish":6,"minecraft:zombie_villager":2,"minecraft:salmon":6,"minecraft:creeper":20,"minecraft:zombie":593,"minecraft:stray":801,"alexsmobs:fly":1,"minecraft:cow":12,"alexsmobs:seagull":1,"minecraft:horse":4,"minecraft:bat":12,"alexsmobs:cockroach":1,"alexsmobs:crow":2,"minecraft:wither_skeleton":876},"minecraft:custom":{"minecraft:interact_with_crafting_table":69,"minecraft:open_barrel":18,"minecraft:leave_game":17,"minecraft:time_since_death":164444,"minecraft:sprint_one_cm":2123878,"minecraft:damage_blocked_by_shield":17499,"minecraft:drop":223,"minecraft:talked_to_villager":1,"minecraft:play_time":683700,"minecraft:deaths":17,"minecraft:jump":1296,"minecraft:walk_on_water_one_cm":67400,"minecraft:enchant_item":54,"minecraft:interact_with_furnace":62,"minecraft:interact_with_loom":2,"minecraft:sleep_in_bed":29,"minecraft:waystone_activated":7,"minecraft:damage_dealt":153926,"minecraft:player_kills":3,"minecraft:crouch_one_cm":57027,"minecraft:mob_kills":3774,"minecraft:interact_with_anvil":18,"minecraft:damage_dealt_resisted":1089,"minecraft:climb_one_cm":26337,"minecraft:walk_one_cm":1785164,"minecraft:damage_dealt_absorbed":276,"minecraft:sneak_time":17363,"minecraft:walk_under_water_one_cm":35056,"minecraft:boat_one_cm":43174,"minecraft:interact_with_blast_furnace":32,"minecraft:total_world_time":683700,"minecraft:interact_with_grindstone":32,"minecraft:time_since_rest":9916,"minecraft:damage_taken":9578,"minecraft:swim_one_cm":41164,"minecraft:fly_one_cm":18522,"minecraft:open_chest":773,"minecraft:fall_one_cm":1442}},"DataVersion":3465}