{"stats":{"minecraft:custom":{"minecraft:interact_with_anvil":7,"minecraft:mob_kills":1739,"minecraft:interact_with_crafting_table":34,"minecraft:open_barrel":16,"minecraft:damage_dealt_resisted":359,"minecraft:leave_game":12,"minecraft:time_since_death":106442,"minecraft:climb_one_cm":24724,"minecraft:sprint_one_cm":1408666,"minecraft:walk_one_cm":1089508,"minecraft:damage_blocked_by_shield":16625,"minecraft:drop":140,"minecraft:damage_dealt_absorbed":136,"minecraft:talked_to_villager":1,"minecraft:play_time":418218,"minecraft:deaths":14,"minecraft:sneak_time":12923,"minecraft:walk_under_water_one_cm":28271,"minecraft:boat_one_cm":43174,"minecraft:jump":1254,"minecraft:enchant_item":13,"minecraft:walk_on_water_one_cm":54302,"minecraft:total_world_time":418218,"minecraft:interact_with_furnace":36,"minecraft:interact_with_grindstone":12,"minecraft:sleep_in_bed":15,"minecraft:time_since_rest":106468,"minecraft:waystone_activated":3,"minecraft:damage_taken":7861,"minecraft:damage_dealt":91634,"minecraft:player_kills":2,"minecraft:swim_one_cm":36271,"minecraft:fly_one_cm":15356,"minecraft:open_chest":529,"minecraft:crouch_one_cm":47174,"minecraft:fall_one_cm":1442},"minecraft:killed":{"minecraft:cave_spider":12,"minecraft:spider":37,"alexsmobs:seagull":1,"minecraft:skeleton":562,"minecraft:chicken":1,"minecraft:silverfish":6,"minecraft:zombie_villager":1,"minecraft:salmon":6,"minecraft:bat":12,"minecraft:creeper":20,"minecraft:zombie":259,"alexsmobs:cockroach":1,"minecraft:stray":355,"minecraft:wither_skeleton":410,"minecraft:cow":8},"minecraft:dropped":{"minecraft:golden_boots":5,"minecraft:iron_sword":2,"minecraft:golden_helmet":4,"minecraft:mossy_cobblestone":2,"minecraft:glass_bottle":2,"minecraft:iron_helmet":4,"minecraft:cobblestone":3,"minecraft:granite":1,"minecraft:jungle_planks":1,"minecraft:cracked_stone_bricks":6,"minecraft:chainmail_helmet":2,"minecraft:grass_block":3,"minecraft:leather_helmet":3,"minecraft:red_mushroom":1,"minecraft:diorite":16,"minecraft:iron_leggings":7,"minecraft:iron_pickaxe":2,"minecraft:chainmail_leggings":4,"minecraft:iron_shovel":4,"minecraft:bone":293,"minecraft:gravel":7,"minecraft:golden_chestplate":1,"minecraft:bowl":1,"minecraft:tuff":7,"minecraft:rotten_flesh":95,"minecraft:iron_boots":11,"minecraft:golden_shovel":1,"minecraft:flint_and_steel":1,"minecraft:leather_chestplate":5,"supplementaries:ash":3,"minecraft:tipped_arrow":4,"minecraft:shield":8,"minecraft:leather_boots":3,"minecraft:chainmail_boots":3,"minecraft:iron_chestplate":5,"minecraft:golden_leggings":3,"minecraft:andesite":14,"minecraft:quartz_block":1,"minecraft:jungle_log":58,"minecraft:leather_leggings":3,"easy_villagers:villager":1,"minecraft:spider_eye":6,"minecraft:stone_bricks":6,"sophisticatedbackpacks:copper_backpack":1,"minecraft:iron_bars":4,"minecraft:arrow":78,"minecraft:bow":16,"minecraft:stone_brick_stairs":1},"minecraft:killed_by":{"minecraft:player":3,"minecraft:spider":1,"minecraft:skeleton":5,"minecraft:witch":1,"minecraft:zombie":3},"minecraft:mined":{"minecraft:stone_pressure_plate":1,"minecraft:mossy_cobblestone":6,"minecraft:brewing_stand":3,"minecraft:nether_bricks":15,"minecraft:granite":8,"minecraft:grass_block":3,"minecraft:jungle_planks":6,"minecraft:jungle_log":44,"minecraft:spawner":88,"minecraft:mossy_cobblestone_stairs":1,"minecraft:fire":38,"minecraft:andesite":21,"minecraft:anvil":2,"minecraft:nether_brick_stairs":6,"minecraft:mossy_stone_brick_stairs":1,"minecraft:bookshelf":8,"minecraft:vine":53,"minecraft:iron_bars":27,"minecraft:bamboo":1,"minecraft:stone":453,"minecraft:smithing_table":2,"minecraft:quartz_block":31,"minecraft:red_bed":2,"minecraft:torch":2,"minecraft:chest":75,"minecraft:cobblestone":2,"minecraft:copper_ore":7,"minecraft:oak_planks":2,"minecraft:diorite":30,"minecraft:iron_door":1,"minecraft:magenta_bed":2,"minecraft:stone_brick_stairs":1,"minecraft:yellow_bed":1,"minecraft:grass":3,"minecraft:oak_log":4,"minecraft:coal_ore":17,"minecraft:gravel":7,"minecraft:dripstone_block":2,"minecraft:dirt":34,"minecraft:cracked_stone_bricks":7,"minecraft:stone_bricks":14,"minecraft:netherrack":2,"minecraft:chipped_anvil":1,"minecraft:mossy_stone_bricks":11,"minecraft:oak_leaves":2,"minecraft:deepslate":1,"minecraft:fern":1},"minecraft:picked_up":{"minecraft:wooden_axe":4,"sophisticatedbackpacks:gold_backpack":5,"minecraft:iron_chestplate":32,"minecraft:chainmail_boots":22,"minecraft:anvil":2,"minecraft:golden_pickaxe":3,"minecraft:leather_leggings":28,"minecraft:smithing_table":1,"minecraft:diamond_sword":4,"minecraft:wooden_pickaxe":1,"minecraft:cooked_rabbit":3,"minecraft:golden_shovel":2,"minecraft:stone_brick_stairs":1,"minecraft:brewing_stand":5,"minecraft:shield":49,"minecraft:brick":4,"minecraft:string":75,"minecraft:red_bed":4,"minecraft:raw_copper":26,"minecraft:iron_axe":12,"artifacts:power_glove":1,"minecraft:flint_and_steel":3,"minecraft:iron_leggings":28,"minecraft:iron_shovel":24,"minecraft:cracked_stone_bricks":16,"minecraft:beef":18,"minecraft:iron_pickaxe":16,"minecraft:melon_slice":8,"minecraft:chest":26,"minecraft:egg":1,"minecraft:iron_boots":39,"minecraft:golden_helmet":24,"minecraft:tipped_arrow":148,"minecraft:stick":177,"minecraft:torch":148,"minecraft:diorite":30,"minecraft:carrot":23,"minecraft:redstone":64,"minecraft:golden_chestplate":13,"minecraft:stone_pressure_plate":1,"minecraft:quartz_block":26,"minecraft:diamond_chestplate":2,"minecraft:arrow":1289,"minecraft:rotten_flesh":398,"minecraft:nether_bricks":3,"minecraft:diamond_boots":1,"supplementaries:ash":5,"sophisticatedbackpacks:copper_backpack":7,"supplementaries:quiver":2,"minecraft:iron_bars":73,"minecraft:cobblestone":478,"minecraft:leather_chestplate":27,"minecraft:clock":2,"minecraft:air":74,"minecraft:feather":4,"minecraft:cooked_beef":30,"minecraft:iron_door":2,"minecraft:andesite":21,"minecraft:salmon":6,"minecraft:jungle_log":102,"minecraft:leather":4,"minecraft:golden_leggings":17,"minecraft:red_mushroom":1,"minecraft:potato":7,"minecraft:flint":6,"minecraft:tuff":7,"minecraft:chainmail_chestplate":5,"minecraft:oak_log":4,"minecraft:magenta_bed":4,"minecraft:golden_boots":23,"minecraft:yellow_bed":1,"minecraft:gunpowder":12,"minecraft:lapis_lazuli":7,"minecraft:dirt":34,"minecraft:name_tag":5,"minecraft:leather_boots":16,"minecraft:cooked_mutton":3,"minecraft:bone":1645,"minecraft:chipped_anvil":1,"minecraft:apple":5,"minecraft:stone_bricks":95,"minecraft:bow":77,"minecraft:iron_ingot":20,"artifacts:whoopee_cushion":5,"minecraft:stone_pickaxe":1,"artifacts:antidote_vessel":3,"minecraft:mossy_stone_bricks":9,"minecraft:diamond_helmet":14,"minecraft:glass_bottle":3,"minecraft:bamboo":16,"minecraft:iron_sword":10,"minecraft:oak_planks":60,"minecraft:book":31,"minecraft:dripstone_block":2,"minecraft:gravel":9,"minecraft:jungle_planks":192,"minecraft:nether_brick_stairs":5,"minecraft:grass_block":3,"minecraft:mossy_cobblestone":7,"minecraft:spider_eye":13,"minecraft:leather_helmet":15,"immersive_melodies:piano":1,"minecraft:diamond_shovel":3,"minecraft:chainmail_leggings":16,"minecraft:iron_helmet":34,"minecraft:granite":6,"minecraft:bread":43,"minecraft:chainmail_helmet":12,"minecraft:baked_potato":4,"minecraft:oak_sapling":3,"minecraft:netherrack":1,"minecraft:coal":160},"minecraft:crafted":{"immersive_melodies:trumpet":1,"minecraft:furnace":1,"minecraft:flint_and_steel":3,"minecraft:diamond_helmet":7,"minecraft:iron_axe":2,"minecraft:diamond_boots":1,"minecraft:chest":1,"sophisticatedbackpacks:iron_backpack":1,"minecraft:cooked_beef":18,"sophisticatedbackpacks:backpack":1,"minecraft:crafting_table":5,"minecraft:jungle_boat":1,"minecraft:baked_potato":12,"minecraft:cooked_salmon":6,"minecraft:copper_ingot":3,"sophisticatedbackpacks:gold_backpack":1,"minecraft:air":0,"minecraft:jungle_planks":72,"minecraft:iron_chestplate":1,"minecraft:diamond_pickaxe":1,"minecraft:stick":16,"minecraft:iron_ingot":5,"minecraft:iron_pickaxe":1,"minecraft:wooden_axe":2,"minecraft:diamond_chestplate":1},"minecraft:broken":{"minecraft:chainmail_leggings":1,"minecraft:iron_boots":1,"minecraft:flint_and_steel":2,"minecraft:shield":2},"minecraft:used":{"minecraft:iron_shovel":42,"minecraft:iron_bars":2,"minecraft:flint_and_steel":163,"minecraft:shield":221,"minecraft:iron_sword":60,"minecraft:cooked_salmon":6,"minecraft:rotten_flesh":13,"minecraft:torch":131,"minecraft:jungle_planks":15,"minecraft:carrot":14,"minecraft:wooden_axe":20,"minecraft:iron_axe":202,"minecraft:jungle_log":1,"minecraft:stone_bricks":11,"minecraft:rabbit_stew":2,"minecraft:bow":22,"minecraft:furnace":1,"minecraft:egg":1,"minecraft:cooked_beef":27,"minecraft:cooked_mutton":3,"minecraft:mossy_stone_bricks":26,"minecraft:stone_pickaxe":8,"minecraft:baked_potato":3,"minecraft:oak_planks":123,"minecraft:wooden_pickaxe":13,"minecraft:cracked_stone_bricks":3,"minecraft:jungle_boat":1,"minecraft:mossy_cobblestone":2,"minecraft:crafting_table":5,"minecraft:magenta_bed":1,"minecraft:dripstone_block":2,"minecraft:apple":2,"minecraft:bread":26,"minecraft:iron_pickaxe":845,"minecraft:gravel":2,"minecraft:diamond_sword":1892,"minecraft:cobblestone":57,"minecraft:potion":1,"minecraft:cooked_rabbit":3,"minecraft:yellow_bed":1}},"DataVersion":3465}