{"stats":{"minecraft:custom":{"minecraft:interact_with_furnace":13,"minecraft:mob_kills":20,"minecraft:interact_with_crafting_table":9,"minecraft:open_barrel":6,"minecraft:interact_with_loom":3,"minecraft:leave_game":2,"minecraft:time_since_death":1349,"minecraft:sleep_in_bed":2,"minecraft:climb_one_cm":6372,"minecraft:time_since_rest":1377,"minecraft:waystone_activated":5,"minecraft:sprint_one_cm":368715,"minecraft:damage_taken":1387,"minecraft:walk_one_cm":205291,"minecraft:damage_blocked_by_shield":315,"minecraft:drop":9,"minecraft:damage_dealt":3702,"minecraft:swim_one_cm":5922,"minecraft:fly_one_cm":342118,"minecraft:open_chest":61,"minecraft:crouch_one_cm":3337,"minecraft:play_time":91888,"minecraft:deaths":3,"minecraft:sneak_time":2791,"minecraft:walk_under_water_one_cm":2635,"minecraft:jump":1538,"minecraft:walk_on_water_one_cm":279,"minecraft:total_world_time":91888,"minecraft:fall_one_cm":41556},"minecraft:used":{"minecraft:mossy_stone_bricks":4,"minecraft:stone_sword":6,"minecraft:stone_pickaxe":155,"minecraft:baked_potato":2,"minecraft:shield":1,"minecraft:wooden_pickaxe":6,"minecraft:iron_sword":28,"minecraft:cracked_stone_bricks":1,"minecraft:torch":39,"minecraft:dirt":1,"minecraft:lime_bed":1,"minecraft:crafting_table":4,"minecraft:carrot":7,"waystones:waystone":1,"minecraft:wooden_axe":57,"minecraft:bread":1,"minecraft:melon_slice":30,"minecraft:acacia_slab":1,"minecraft:iron_pickaxe":4,"minecraft:stone_bricks":3,"minecraft:stone_axe":164,"minecraft:diamond_sword":36,"minecraft:cobblestone":52,"minecraft:furnace":1,"minecraft:cooked_rabbit":2,"minecraft:cooked_beef":4},"minecraft:killed_by":{"minecraft:player":1,"minecraft:creeper":1,"minecraft:zombie":1},"minecraft:mined":{"alexscaves:spelunkery_table":1,"minecraft:mossy_cobblestone":2,"farmersdelight:wild_carrots":12,"minecraft:jungle_leaves":3,"minecraft:torch":1,"minecraft:brewing_stand":2,"minecraft:crafting_table":4,"minecraft:grass_block":1,"minecraft:melon":11,"minecraft:jungle_log":140,"minecraft:dead_bush":4,"minecraft:copper_ore":2,"minecraft:cobblestone":1,"minecraft:acacia_slab":1,"farmersdelight:wild_tomatoes":6,"minecraft:diorite":6,"minecraft:spawner":3,"supplementaries:urn":4,"minecraft:lime_bed":2,"minecraft:furnace":1,"minecraft:iron_ore":37,"minecraft:andesite":8,"minecraft:pumpkin":14,"minecraft:deepslate_lapis_ore":6,"minecraft:grass":30,"minecraft:deepslate_iron_ore":6,"minecraft:oak_log":5,"minecraft:vine":16,"minecraft:iron_bars":6,"minecraft:cracked_stone_bricks":1,"minecraft:stone":59,"minecraft:stone_bricks":5,"minecraft:mossy_stone_bricks":3,"minecraft:oak_leaves":1,"minecraft:deepslate":11,"minecraft:fern":4},"minecraft:broken":{"minecraft:stone_axe":1,"minecraft:wooden_axe":1},"minecraft:crafted":{"minecraft:cooked_beef":7,"minecraft:crafting_table":1,"minecraft:wooden_pickaxe":1,"immersive_armors:wooden_leggings":1,"minecraft:stone_axe":1,"minecraft:air":0,"minecraft:jungle_planks":32,"immersive_armors:wooden_chestplate":1,"immersive_armors:wooden_boots":1,"minecraft:shield":1,"minecraft:stick":8,"minecraft:iron_ingot":10,"minecraft:stone_pickaxe":1,"minecraft:wooden_axe":1,"minecraft:stone_sword":1,"immersive_armors:wooden_helmet":1},"minecraft:picked_up":{"minecraft:cocoa_beans":9,"minecraft:lime_bed":2,"minecraft:crafting_table":4,"minecraft:feather":1,"farmersdelight:rice":4,"minecraft:chicken":1,"minecraft:andesite":9,"minecraft:jungle_log":113,"minecraft:leather":4,"minecraft:diamond_sword":1,"alexscaves:cave_tablet":10,"minecraft:potato":1,"minecraft:oak_log":5,"minecraft:brewing_stand":2,"minecraft:shield":1,"minecraft:gunpowder":1,"minecraft:lapis_lazuli":41,"alexsmobs:gazelle_horn":1,"minecraft:dirt":1,"minecraft:string":5,"minecraft:paper":23,"minecraft:raw_copper":5,"immersive_melodies:lute":1,"minecraft:wooden_sword":1,"minecraft:iron_leggings":1,"minecraft:bone":2,"minecraft:stone_bricks":5,"minecraft:cobbled_deepslate":11,"minecraft:cracked_stone_bricks":1,"alexsmobs:emu_feather":2,"minecraft:wheat_seeds":4,"alexsmobs:banana":3,"minecraft:beef":7,"minecraft:stone_pickaxe":2,"minecraft:jungle_sapling":10,"minecraft:mossy_stone_bricks":5,"minecraft:melon_slice":59,"minecraft:furnace":1,"minecraft:egg":1,"minecraft:stick":8,"minecraft:raw_iron":44,"minecraft:pumpkin":14,"minecraft:torch":8,"sophisticatedbackpacks:backpack":2,"farmersdelight:tomato_seeds":6,"minecraft:diorite":6,"minecraft:carrot":12,"minecraft:spider_eye":2,"minecraft:mossy_cobblestone":2,"easy_villagers:villager":1,"minecraft:diamond":3,"minecraft:arrow":5,"minecraft:rotten_flesh":9,"waystones:waystone":1,"alexscaves:spelunkery_table":1,"supplementaries:ash":1,"minecraft:acacia_slab":1,"minecraft:iron_bars":8,"minecraft:cobblestone":60},"minecraft:killed":{"minecraft:spider":4,"minecraft:creeper":2,"alexsmobs:emu":1,"minecraft:skeleton":2,"minecraft:zombie":6,"minecraft:chicken":1,"alexsmobs:gazelle":1,"minecraft:cow":3},"minecraft:dropped":{"minecraft:wheat_seeds":3,"alexscaves:cave_tablet":10,"minecraft:raw_iron":1,"minecraft:cobblestone":3,"easy_villagers:villager":1,"minecraft:paper":23}},"DataVersion":3465}