{"stats":{"minecraft:dropped":{"minecraft:iron_ingot":4,"minecraft:wheat_seeds":8,"minecraft:glass_bottle":3,"minecraft:cobblestone":3,"sophisticatedbackpacks:gold_backpack":2,"minecraft:dirt":21,"immersive_armors:wooden_leggings":1,"minecraft:melon_slice":23,"minecraft:oak_stairs":1,"immersive_armors:wooden_chestplate":1,"minecraft:paper":23,"minecraft:bone":8,"alexscaves:cave_tablet":10,"immersive_armors:wooden_boots":1,"minecraft:raw_iron":1,"minecraft:cooked_mutton":9,"minecraft:chainmail_chestplate":1,"alexsmobs:elastic_tendon":1,"minecraft:shield":1,"easy_villagers:villager":1,"minecraft:spider_eye":1,"minecraft:iron_bars":7,"immersive_armors:wooden_helmet":1},"minecraft:picked_up":{"sophisticatedbackpacks:gold_backpack":3,"minecraft:cocoa_beans":9,"minecraft:iron_chestplate":1,"minecraft:crafting_table":9,"minecraft:redstone_block":1,"minecraft:chicken":1,"minecraft:clay_ball":36,"minecraft:leather_leggings":1,"minecraft:golden_pickaxe":1,"minecraft:diamond_sword":1,"alexscaves:cave_tablet":10,"minecraft:oak_stairs":1,"minecraft:brewing_stand":3,"minecraft:shield":3,"farmersdelight:cutting_board":1,"alexsmobs:gazelle_horn":1,"minecraft:string":14,"minecraft:red_bed":2,"minecraft:raw_copper":23,"immersive_melodies:lute":1,"minecraft:wooden_sword":1,"minecraft:iron_leggings":2,"minecraft:beetroot":2,"minecraft:cracked_stone_bricks":7,"alexsmobs:emu_feather":2,"alexsmobs:banana":3,"minecraft:cobbled_deepslate":19,"minecraft:beef":7,"alexsmobs:elastic_tendon":1,"minecraft:jungle_sapling":12,"minecraft:iron_pickaxe":1,"minecraft:melon_slice":203,"minecraft:chest":2,"minecraft:furnace":1,"farmersdelight:cabbage_seeds":2,"minecraft:iron_boots":3,"minecraft:egg":1,"minecraft:tipped_arrow":2,"minecraft:stick":15,"minecraft:raw_iron":52,"minecraft:torch":11,"sophisticatedbackpacks:backpack":2,"minecraft:porkchop":9,"farmersdelight:tomato_seeds":6,"minecraft:diorite":49,"minecraft:carrot":14,"minecraft:golden_chestplate":2,"minecraft:quartz_block":16,"easy_villagers:villager":1,"minecraft:polished_granite_stairs":5,"minecraft:arrow":49,"minecraft:rotten_flesh":35,"minecraft:beetroot_seeds":6,"farmersdelight:onion":3,"minecraft:hay_block":41,"alexscaves:spelunkery_table":1,"mowziesmobs:umvuthana_mask_bliss":2,"supplementaries:ash":1,"minecraft:brick_stairs":4,"minecraft:mutton":14,"minecraft:iron_bars":25,"minecraft:white_wool":8,"minecraft:cobblestone":287,"mowziesmobs:umvuthana_mask_fury":1,"minecraft:lime_bed":4,"minecraft:feather":10,"farmersdelight:rice":20,"minecraft:iron_door":1,"minecraft:andesite":54,"minecraft:jungle_log":116,"minecraft:leather":4,"minecraft:golden_leggings":1,"minecraft:potato":1,"minecraft:granite_stairs":4,"minecraft:flint":1,"minecraft:oak_log":132,"minecraft:chainmail_chestplate":2,"minecraft:golden_boots":1,"minecraft:gunpowder":7,"minecraft:lapis_lazuli":41,"minecraft:paper":23,"minecraft:dirt":44,"minecraft:polished_granite":2,"minecraft:bone":38,"minecraft:apple":1,"minecraft:stone_bricks":8,"minecraft:bow":3,"minecraft:wheat_seeds":21,"minecraft:raw_gold":6,"farmersdelight:pumpkin_slice":52,"minecraft:grindstone":1,"minecraft:stone_pickaxe":2,"minecraft:glass_bottle":2,"minecraft:mossy_stone_bricks":20,"minecraft:diamond_helmet":1,"minecraft:bamboo":9,"minecraft:pitcher_pod":1,"minecraft:iron_sword":3,"minecraft:oak_planks":8,"minecraft:book":12,"minecraft:pumpkin":35,"minecraft:chiseled_stone_bricks":2,"minecraft:gravel":19,"minecraft:sand":31,"minecraft:jungle_planks":2,"minecraft:grass_block":6,"minecraft:spider_eye":3,"minecraft:mossy_cobblestone":19,"minecraft:diamond_shovel":2,"minecraft:diamond":3,"waystones:waystone":5,"minecraft:chainmail_leggings":1,"minecraft:granite":18,"minecraft:iron_helmet":1,"immersive_melodies:didgeridoo":2,"minecraft:crossbow":1,"minecraft:mossy_cobblestone_stairs":4,"minecraft:oak_sapling":7,"minecraft:acacia_slab":1,"minecraft:bricks":2,"minecraft:coal":62},"minecraft:used":{"minecraft:iron_bars":2,"minecraft:stone_sword":6,"farmersdelight:cabbage_seeds":2,"minecraft:chest":2,"minecraft:shield":63,"minecraft:iron_sword":433,"minecraft:rotten_flesh":7,"minecraft:stone_hoe":1,"minecraft:iron_chestplate":1,"minecraft:torch":150,"minecraft:dirt":12,"minecraft:jungle_planks":4,"minecraft:chainmail_chestplate":1,"minecraft:carrot":9,"minecraft:wooden_axe":57,"minecraft:bricks":1,"minecraft:iron_axe":138,"minecraft:brick_stairs":4,"minecraft:acacia_slab":1,"minecraft:iron_boots":1,"minecraft:iron_helmet":1,"minecraft:stone_bricks":3,"minecraft:bow":32,"farmersdelight:cutting_board":1,"minecraft:oak_sapling":5,"minecraft:furnace":3,"minecraft:cooked_beef":4,"minecraft:cobbled_deepslate":8,"minecraft:mossy_stone_bricks":5,"minecraft:diorite":12,"minecraft:stone_pickaxe":169,"minecraft:baked_potato":2,"minecraft:wooden_pickaxe":65,"farmersdelight:pumpkin_slice":52,"minecraft:cracked_stone_bricks":1,"minecraft:golden_apple":3,"minecraft:lime_bed":3,"minecraft:red_bed":2,"minecraft:crafting_table":11,"minecraft:white_bed":1,"waystones:waystone":5,"minecraft:diamond_pickaxe":117,"minecraft:apple":2,"minecraft:melon_slice":87,"minecraft:bread":9,"minecraft:iron_pickaxe":337,"minecraft:polished_granite":2,"minecraft:iron_door":1,"minecraft:gravel":3,"minecraft:stone_axe":259,"minecraft:diamond_sword":36,"minecraft:potion":5,"minecraft:cobblestone":163,"minecraft:cooked_rabbit":2,"minecraft:cooked_porkchop":7,"minecraft:andesite":7,"minecraft:bone_meal":6,"minecraft:chainmail_leggings":1},"minecraft:mined":{"alexscaves:spelunkery_table":1,"farmersdelight:onions":1,"minecraft:mossy_cobblestone":18,"farmersdelight:wild_carrots":14,"minecraft:jungle_leaves":3,"minecraft:brewing_stand":3,"minecraft:granite":16,"minecraft:grass_block":4,"minecraft:brick_stairs":5,"minecraft:jungle_log":143,"minecraft:acacia_slab":1,"minecraft:chiseled_stone_bricks":1,"minecraft:spawner":58,"minecraft:hay_block":41,"minecraft:furnace":1,"minecraft:mossy_cobblestone_stairs":4,"farmersdelight:wild_rice":11,"minecraft:iron_ore":45,"minecraft:andesite":25,"minecraft:pumpkin":27,"minecraft:deepslate_lapis_ore":6,"minecraft:bookshelf":4,"minecraft:deepslate_iron_ore":6,"minecraft:vine":27,"minecraft:iron_bars":24,"minecraft:bamboo":4,"minecraft:polished_granite_stairs":7,"minecraft:stone":268,"minecraft:granite_stairs":4,"minecraft:redstone_block":1,"minecraft:quartz_block":26,"minecraft:red_bed":2,"minecraft:polished_granite":2,"minecraft:clay":9,"minecraft:crafting_table":8,"minecraft:torch":1,"minecraft:melon":30,"minecraft:chest":2,"minecraft:dead_bush":4,"minecraft:copper_ore":6,"farmersdelight:cabbages":1,"minecraft:tall_grass":9,"minecraft:cobblestone":25,"farmersdelight:wild_tomatoes":6,"minecraft:oak_planks":2,"minecraft:grindstone":1,"minecraft:bricks":5,"minecraft:iron_door":1,"minecraft:diorite":17,"supplementaries:urn":4,"farmersdelight:wild_beetroots":6,"minecraft:lime_bed":4,"farmersdelight:cutting_board":1,"minecraft:grass":58,"minecraft:oak_log":85,"minecraft:coal_ore":20,"minecraft:pitcher_crop":1,"minecraft:gravel":4,"minecraft:dirt":19,"minecraft:cracked_stone_bricks":9,"minecraft:stone_bricks":9,"minecraft:gold_ore":6,"minecraft:mossy_stone_bricks":16,"minecraft:oak_leaves":9,"minecraft:deepslate":19,"minecraft:fern":12},"minecraft:broken":{"minecraft:wooden_pickaxe":1,"minecraft:stone_axe":1,"minecraft:iron_pickaxe":1,"minecraft:wooden_axe":1},"minecraft:killed_by":{"minecraft:player":1,"minecraft:creeper":2,"minecraft:zombie":1},"minecraft:crafted":{"minecraft:oak_planks":112,"minecraft:furnace":2,"minecraft:bone_meal":6,"minecraft:cooked_mutton":9,"immersive_armors:wooden_chestplate":2,"minecraft:iron_boots":1,"minecraft:bow":2,"minecraft:iron_axe":1,"minecraft:melon_seeds":6,"minecraft:stone_pickaxe":2,"minecraft:chest":2,"immersive_armors:wooden_helmet":2,"minecraft:stone_hoe":1,"minecraft:cooked_beef":7,"minecraft:emerald":10,"minecraft:cooked_porkchop":9,"minecraft:crafting_table":4,"minecraft:wooden_pickaxe":2,"farmersdelight:flint_knife":1,"minecraft:iron_sword":2,"immersive_armors:wooden_leggings":2,"minecraft:stone_axe":1,"minecraft:air":0,"minecraft:jungle_planks":44,"immersive_armors:wooden_boots":2,"farmersdelight:cutting_board":1,"minecraft:shield":2,"minecraft:stick":48,"minecraft:iron_ingot":25,"minecraft:iron_pickaxe":1,"minecraft:wooden_axe":1,"minecraft:stone_sword":1,"minecraft:white_bed":1,"minecraft:torch":32},"minecraft:killed":{"minecraft:spider":11,"alexsmobs:seagull":1,"minecraft:skeleton":19,"minecraft:chicken":1,"minecraft:pig":5,"mowziesmobs:umvuthana_follower_raptor":9,"minecraft:creeper":8,"alexsmobs:emu":1,"minecraft:sheep":9,"minecraft:zombie":27,"alexsmobs:gazelle":1,"minecraft:stray":4,"minecraft:wither_skeleton":14,"alexsmobs:komodo_dragon":1,"mowziesmobs:umvuthana_raptor":2,"minecraft:cow":3},"minecraft:custom":{"minecraft:mob_kills":118,"minecraft:interact_with_crafting_table":34,"minecraft:open_barrel":15,"minecraft:damage_dealt_resisted":21,"minecraft:leave_game":7,"minecraft:time_since_death":78796,"minecraft:climb_one_cm":12779,"minecraft:damage_resisted":61,"minecraft:sprint_one_cm":905680,"minecraft:walk_one_cm":641932,"minecraft:damage_blocked_by_shield":4891,"minecraft:drop":38,"minecraft:talked_to_villager":1,"minecraft:play_time":212501,"minecraft:sneak_time":8188,"minecraft:deaths":5,"minecraft:walk_under_water_one_cm":6279,"minecraft:jump":4524,"minecraft:walk_on_water_one_cm":8996,"minecraft:total_world_time":212501,"minecraft:interact_with_furnace":22,"minecraft:traded_with_villager":10,"minecraft:interact_with_loom":3,"minecraft:sleep_in_bed":9,"minecraft:time_since_rest":47867,"minecraft:waystone_activated":10,"minecraft:damage_taken":5146,"minecraft:damage_absorbed":341,"minecraft:damage_dealt":17761,"minecraft:swim_one_cm":16208,"minecraft:fly_one_cm":1049083,"minecraft:open_chest":184,"minecraft:crouch_one_cm":14180,"minecraft:fall_one_cm":136846}},"DataVersion":3465}