{"stats":{"minecraft:custom":{"minecraft:interact_with_furnace":1,"minecraft:mob_kills":17,"minecraft:interact_with_crafting_table":9,"minecraft:interact_with_loom":3,"minecraft:time_since_death":26492,"minecraft:leave_game":2,"minecraft:sleep_in_bed":2,"minecraft:climb_one_cm":4033,"minecraft:time_since_rest":12177,"minecraft:waystone_activated":3,"minecraft:sprint_one_cm":254221,"minecraft:damage_taken":854,"minecraft:walk_one_cm":131214,"minecraft:drop":5,"minecraft:damage_dealt":2624,"minecraft:swim_one_cm":5922,"minecraft:fly_one_cm":227838,"minecraft:open_chest":46,"minecraft:crouch_one_cm":923,"minecraft:play_time":63800,"minecraft:deaths":2,"minecraft:sneak_time":1678,"minecraft:walk_under_water_one_cm":2635,"minecraft:jump":1049,"minecraft:walk_on_water_one_cm":279,"minecraft:total_world_time":63800,"minecraft:fall_one_cm":24371},"minecraft:killed":{"minecraft:spider":4,"minecraft:creeper":1,"minecraft:skeleton":1,"minecraft:zombie":6,"minecraft:chicken":1,"alexsmobs:gazelle":1,"minecraft:cow":3},"minecraft:dropped":{"minecraft:wheat_seeds":2,"alexscaves:cave_tablet":10,"minecraft:paper":23},"minecraft:killed_by":{"minecraft:player":1,"minecraft:zombie":1},"minecraft:mined":{"minecraft:mossy_cobblestone":2,"farmersdelight:wild_carrots":12,"minecraft:jungle_leaves":3,"minecraft:brewing_stand":2,"minecraft:crafting_table":4,"minecraft:grass_block":1,"minecraft:melon":10,"minecraft:jungle_log":140,"minecraft:dead_bush":4,"minecraft:acacia_slab":1,"farmersdelight:wild_tomatoes":6,"minecraft:spawner":3,"minecraft:lime_bed":1,"minecraft:iron_ore":1,"minecraft:pumpkin":14,"minecraft:grass":24,"minecraft:oak_log":5,"minecraft:vine":16,"minecraft:iron_bars":6,"minecraft:cracked_stone_bricks":1,"minecraft:stone":15,"minecraft:stone_bricks":4,"minecraft:mossy_stone_bricks":3,"minecraft:oak_leaves":1,"minecraft:fern":2},"minecraft:picked_up":{"minecraft:cocoa_beans":9,"minecraft:lime_bed":1,"minecraft:crafting_table":4,"minecraft:feather":1,"minecraft:chicken":1,"farmersdelight:rice":4,"minecraft:jungle_log":113,"minecraft:leather":4,"minecraft:diamond_sword":1,"alexscaves:cave_tablet":10,"minecraft:potato":1,"minecraft:oak_log":5,"minecraft:brewing_stand":2,"minecraft:shield":1,"minecraft:gunpowder":1,"alexsmobs:gazelle_horn":1,"minecraft:dirt":1,"minecraft:string":5,"minecraft:paper":23,"immersive_melodies:lute":1,"minecraft:wooden_sword":1,"minecraft:iron_leggings":1,"minecraft:bone":1,"minecraft:stone_bricks":4,"minecraft:cracked_stone_bricks":1,"minecraft:wheat_seeds":3,"alexsmobs:banana":3,"minecraft:beef":7,"minecraft:stone_pickaxe":2,"minecraft:jungle_sapling":10,"minecraft:mossy_stone_bricks":5,"minecraft:melon_slice":54,"minecraft:egg":1,"minecraft:raw_iron":1,"minecraft:stick":6,"minecraft:pumpkin":14,"sophisticatedbackpacks:backpack":2,"farmersdelight:tomato_seeds":6,"minecraft:carrot":12,"minecraft:spider_eye":2,"minecraft:mossy_cobblestone":2,"minecraft:arrow":4,"minecraft:rotten_flesh":9,"supplementaries:ash":1,"minecraft:acacia_slab":1,"minecraft:iron_bars":8,"minecraft:cobblestone":14},"minecraft:crafted":{"minecraft:crafting_table":1,"minecraft:wooden_pickaxe":1,"immersive_armors:wooden_leggings":1,"minecraft:stone_axe":1,"minecraft:jungle_planks":32,"immersive_armors:wooden_chestplate":1,"immersive_armors:wooden_boots":1,"minecraft:shield":1,"minecraft:stick":8,"minecraft:stone_pickaxe":1,"minecraft:wooden_axe":1,"minecraft:stone_sword":1,"immersive_armors:wooden_helmet":1},"minecraft:broken":{"minecraft:stone_axe":1,"minecraft:wooden_axe":1},"minecraft:used":{"minecraft:mossy_stone_bricks":4,"minecraft:stone_sword":6,"minecraft:stone_pickaxe":32,"minecraft:wooden_pickaxe":6,"minecraft:cracked_stone_bricks":1,"minecraft:torch":18,"minecraft:dirt":1,"minecraft:crafting_table":4,"minecraft:lime_bed":1,"minecraft:carrot":5,"minecraft:wooden_axe":57,"minecraft:melon_slice":30,"minecraft:iron_pickaxe":4,"minecraft:acacia_slab":1,"minecraft:stone_bricks":2,"minecraft:stone_axe":164,"minecraft:diamond_sword":36,"minecraft:cobblestone":38,"minecraft:cooked_rabbit":2}},"DataVersion":3465}