{"stats":{"minecraft:dropped":{"minecraft:iron_ingot":4,"minecraft:wheat_seeds":8,"minecraft:cobblestone":3,"sophisticatedbackpacks:gold_backpack":1,"minecraft:dirt":21,"immersive_armors:wooden_leggings":1,"minecraft:melon_slice":23,"immersive_armors:wooden_chestplate":1,"minecraft:paper":23,"minecraft:bone":7,"alexscaves:cave_tablet":10,"immersive_armors:wooden_boots":1,"minecraft:raw_iron":1,"minecraft:cooked_mutton":9,"easy_villagers:villager":1,"minecraft:spider_eye":1,"immersive_armors:wooden_helmet":1},"minecraft:picked_up":{"sophisticatedbackpacks:gold_backpack":2,"minecraft:cocoa_beans":9,"minecraft:crafting_table":8,"minecraft:iron_chestplate":1,"minecraft:chicken":1,"minecraft:clay_ball":36,"minecraft:golden_pickaxe":1,"minecraft:diamond_sword":1,"alexscaves:cave_tablet":10,"minecraft:brewing_stand":2,"minecraft:shield":2,"farmersdelight:cutting_board":1,"alexsmobs:gazelle_horn":1,"minecraft:string":13,"minecraft:red_bed":2,"minecraft:raw_copper":23,"immersive_melodies:lute":1,"minecraft:wooden_sword":1,"minecraft:iron_leggings":2,"minecraft:beetroot":2,"minecraft:cracked_stone_bricks":1,"alexsmobs:emu_feather":2,"alexsmobs:banana":3,"minecraft:cobbled_deepslate":19,"minecraft:beef":7,"minecraft:jungle_sapling":12,"minecraft:iron_pickaxe":1,"minecraft:melon_slice":203,"minecraft:furnace":1,"minecraft:iron_boots":1,"minecraft:egg":1,"minecraft:stick":15,"minecraft:raw_iron":52,"minecraft:torch":8,"sophisticatedbackpacks:backpack":2,"minecraft:porkchop":9,"farmersdelight:tomato_seeds":6,"minecraft:diorite":49,"minecraft:carrot":14,"easy_villagers:villager":1,"minecraft:arrow":33,"minecraft:rotten_flesh":10,"minecraft:beetroot_seeds":6,"alexscaves:spelunkery_table":1,"mowziesmobs:umvuthana_mask_bliss":1,"supplementaries:ash":1,"minecraft:mutton":9,"minecraft:iron_bars":8,"minecraft:white_wool":5,"minecraft:cobblestone":259,"mowziesmobs:umvuthana_mask_fury":1,"minecraft:lime_bed":2,"minecraft:feather":6,"farmersdelight:rice":20,"minecraft:andesite":54,"minecraft:jungle_log":116,"minecraft:leather":4,"minecraft:potato":1,"minecraft:flint":1,"minecraft:oak_log":132,"minecraft:gunpowder":1,"minecraft:lapis_lazuli":41,"minecraft:dirt":44,"minecraft:paper":23,"minecraft:polished_granite":1,"minecraft:bone":11,"minecraft:apple":1,"minecraft:stone_bricks":5,"minecraft:bow":1,"minecraft:wheat_seeds":13,"minecraft:raw_gold":6,"farmersdelight:pumpkin_slice":52,"minecraft:stone_pickaxe":2,"minecraft:mossy_stone_bricks":5,"minecraft:iron_sword":1,"minecraft:oak_planks":8,"minecraft:pumpkin":35,"minecraft:gravel":17,"minecraft:sand":31,"minecraft:jungle_planks":2,"minecraft:grass_block":6,"minecraft:spider_eye":3,"minecraft:mossy_cobblestone":2,"minecraft:diamond":3,"waystones:waystone":4,"minecraft:iron_helmet":1,"immersive_melodies:didgeridoo":2,"minecraft:granite":18,"minecraft:oak_sapling":7,"minecraft:acacia_slab":1,"minecraft:coal":58},"minecraft:used":{"minecraft:stone_sword":6,"minecraft:shield":34,"minecraft:iron_sword":78,"minecraft:rotten_flesh":7,"minecraft:torch":47,"minecraft:dirt":12,"minecraft:jungle_planks":4,"minecraft:carrot":9,"minecraft:wooden_axe":57,"minecraft:iron_axe":138,"minecraft:acacia_slab":1,"minecraft:iron_boots":1,"minecraft:iron_helmet":1,"minecraft:stone_bricks":3,"minecraft:bow":23,"farmersdelight:cutting_board":1,"minecraft:oak_sapling":5,"minecraft:furnace":3,"minecraft:cooked_beef":4,"minecraft:cobbled_deepslate":8,"minecraft:mossy_stone_bricks":4,"minecraft:diorite":12,"minecraft:stone_pickaxe":155,"minecraft:baked_potato":2,"minecraft:wooden_pickaxe":65,"farmersdelight:pumpkin_slice":1,"minecraft:cracked_stone_bricks":1,"minecraft:red_bed":2,"minecraft:lime_bed":1,"minecraft:crafting_table":9,"minecraft:white_bed":1,"waystones:waystone":3,"minecraft:apple":2,"minecraft:bread":1,"minecraft:melon_slice":87,"minecraft:iron_pickaxe":254,"minecraft:polished_granite":1,"minecraft:gravel":1,"minecraft:stone_axe":217,"minecraft:diamond_sword":36,"minecraft:cobblestone":89,"minecraft:cooked_porkchop":2,"minecraft:cooked_rabbit":2,"minecraft:andesite":7,"minecraft:bone_meal":6,"minecraft:chainmail_leggings":1},"minecraft:mined":{"alexscaves:spelunkery_table":1,"minecraft:mossy_cobblestone":2,"farmersdelight:wild_carrots":14,"minecraft:jungle_leaves":3,"minecraft:brewing_stand":2,"minecraft:granite":16,"minecraft:grass_block":4,"minecraft:jungle_log":143,"minecraft:acacia_slab":1,"minecraft:spawner":3,"minecraft:furnace":1,"farmersdelight:wild_rice":11,"minecraft:iron_ore":45,"minecraft:andesite":25,"minecraft:pumpkin":27,"minecraft:deepslate_lapis_ore":6,"minecraft:deepslate_iron_ore":6,"minecraft:vine":18,"minecraft:iron_bars":6,"minecraft:stone":257,"minecraft:red_bed":2,"minecraft:polished_granite":1,"minecraft:clay":9,"minecraft:crafting_table":7,"minecraft:torch":1,"minecraft:melon":30,"minecraft:dead_bush":4,"minecraft:copper_ore":6,"minecraft:tall_grass":6,"minecraft:cobblestone":3,"farmersdelight:wild_tomatoes":6,"minecraft:oak_planks":2,"minecraft:bricks":3,"minecraft:diorite":17,"supplementaries:urn":4,"farmersdelight:wild_beetroots":6,"minecraft:lime_bed":2,"farmersdelight:cutting_board":1,"minecraft:grass":44,"minecraft:oak_log":85,"minecraft:coal_ore":20,"minecraft:gravel":4,"minecraft:dirt":19,"minecraft:cracked_stone_bricks":1,"minecraft:stone_bricks":5,"minecraft:gold_ore":6,"minecraft:mossy_stone_bricks":3,"minecraft:oak_leaves":9,"minecraft:deepslate":19,"minecraft:fern":12},"minecraft:broken":{"minecraft:wooden_pickaxe":1,"minecraft:stone_axe":1,"minecraft:iron_pickaxe":1,"minecraft:wooden_axe":1},"minecraft:killed_by":{"minecraft:player":1,"minecraft:creeper":2,"minecraft:zombie":1},"minecraft:crafted":{"minecraft:oak_planks":108,"minecraft:furnace":2,"minecraft:bone_meal":6,"minecraft:cooked_mutton":9,"immersive_armors:wooden_chestplate":2,"minecraft:bow":1,"minecraft:iron_axe":1,"minecraft:melon_seeds":6,"minecraft:stone_pickaxe":1,"immersive_armors:wooden_helmet":2,"minecraft:cooked_beef":7,"minecraft:emerald":10,"minecraft:cooked_porkchop":9,"minecraft:crafting_table":4,"minecraft:wooden_pickaxe":2,"farmersdelight:flint_knife":1,"minecraft:iron_sword":1,"immersive_armors:wooden_leggings":2,"minecraft:stone_axe":1,"minecraft:air":0,"minecraft:jungle_planks":44,"immersive_armors:wooden_boots":2,"farmersdelight:cutting_board":1,"minecraft:shield":2,"minecraft:stick":44,"minecraft:iron_ingot":25,"minecraft:iron_pickaxe":1,"minecraft:wooden_axe":1,"minecraft:stone_sword":1,"minecraft:white_bed":1,"minecraft:torch":8},"minecraft:killed":{"minecraft:spider":7,"alexsmobs:seagull":1,"minecraft:skeleton":10,"minecraft:chicken":1,"minecraft:pig":5,"mowziesmobs:umvuthana_follower_raptor":5,"minecraft:creeper":3,"alexsmobs:emu":1,"minecraft:sheep":6,"minecraft:zombie":7,"alexsmobs:gazelle":1,"alexsmobs:komodo_dragon":1,"mowziesmobs:umvuthana_raptor":1,"minecraft:cow":3},"minecraft:custom":{"minecraft:mob_kills":52,"minecraft:interact_with_crafting_table":29,"minecraft:open_barrel":6,"minecraft:leave_game":6,"minecraft:time_since_death":26997,"minecraft:climb_one_cm":9706,"minecraft:sprint_one_cm":585133,"minecraft:walk_one_cm":371752,"minecraft:damage_blocked_by_shield":2010,"minecraft:drop":28,"minecraft:talked_to_villager":1,"minecraft:play_time":160702,"minecraft:sneak_time":6433,"minecraft:deaths":5,"minecraft:walk_under_water_one_cm":5814,"minecraft:jump":3428,"minecraft:walk_on_water_one_cm":4085,"minecraft:total_world_time":160702,"minecraft:interact_with_furnace":20,"minecraft:traded_with_villager":10,"minecraft:interact_with_loom":3,"minecraft:sleep_in_bed":7,"minecraft:time_since_rest":4747,"minecraft:waystone_activated":8,"minecraft:damage_taken":3304,"minecraft:damage_dealt":7235,"minecraft:swim_one_cm":16208,"minecraft:fly_one_cm":781760,"minecraft:open_chest":87,"minecraft:crouch_one_cm":9586,"minecraft:fall_one_cm":101079}},"DataVersion":3465}