{"stats":{"minecraft:custom":{"minecraft:mob_kills":13,"minecraft:interact_with_crafting_table":8,"minecraft:time_since_death":32812,"minecraft:leave_game":1,"minecraft:sleep_in_bed":1,"minecraft:climb_one_cm":2025,"minecraft:time_since_rest":6300,"minecraft:waystone_activated":1,"minecraft:sprint_one_cm":154297,"minecraft:damage_taken":197,"minecraft:walk_one_cm":71649,"minecraft:drop":2,"minecraft:damage_dealt":2291,"minecraft:swim_one_cm":2002,"minecraft:fly_one_cm":140707,"minecraft:open_chest":16,"minecraft:crouch_one_cm":494,"minecraft:play_time":32812,"minecraft:sneak_time":1539,"minecraft:walk_under_water_one_cm":401,"minecraft:jump":591,"minecraft:walk_on_water_one_cm":110,"minecraft:total_world_time":32812,"minecraft:fall_one_cm":15225},"minecraft:killed":{"minecraft:spider":4,"minecraft:creeper":1,"minecraft:skeleton":1,"minecraft:zombie":6,"alexsmobs:gazelle":1},"minecraft:dropped":{"minecraft:wheat_seeds":2},"minecraft:mined":{"farmersdelight:wild_carrots":12,"minecraft:jungle_leaves":3,"minecraft:brewing_stand":2,"minecraft:crafting_table":3,"minecraft:melon":8,"minecraft:jungle_log":140,"minecraft:dead_bush":4,"minecraft:acacia_slab":1,"farmersdelight:wild_tomatoes":6,"minecraft:spawner":1,"minecraft:lime_bed":1,"minecraft:pumpkin":14,"minecraft:grass":21,"minecraft:oak_log":5,"minecraft:vine":14,"minecraft:iron_bars":6,"minecraft:stone":14,"minecraft:stone_bricks":2,"minecraft:mossy_stone_bricks":1,"minecraft:fern":1},"minecraft:picked_up":{"minecraft:cocoa_beans":9,"minecraft:lime_bed":1,"minecraft:crafting_table":3,"minecraft:jungle_log":113,"minecraft:diamond_sword":1,"minecraft:potato":1,"minecraft:oak_log":5,"minecraft:brewing_stand":2,"minecraft:gunpowder":1,"alexsmobs:gazelle_horn":1,"minecraft:string":5,"immersive_melodies:lute":1,"minecraft:wooden_sword":1,"minecraft:iron_leggings":1,"minecraft:bone":1,"minecraft:stone_bricks":2,"minecraft:wheat_seeds":2,"alexsmobs:banana":3,"minecraft:stone_pickaxe":1,"minecraft:jungle_sapling":10,"minecraft:mossy_stone_bricks":3,"minecraft:melon_slice":40,"minecraft:stick":6,"minecraft:pumpkin":14,"farmersdelight:tomato_seeds":6,"minecraft:carrot":12,"minecraft:spider_eye":2,"minecraft:arrow":4,"minecraft:rotten_flesh":9,"supplementaries:ash":1,"minecraft:acacia_slab":1,"minecraft:iron_bars":8,"minecraft:cobblestone":13},"minecraft:crafted":{"minecraft:crafting_table":1,"minecraft:wooden_pickaxe":1,"immersive_armors:wooden_leggings":1,"minecraft:stone_axe":1,"minecraft:jungle_planks":32,"immersive_armors:wooden_chestplate":1,"immersive_armors:wooden_boots":1,"minecraft:stick":8,"minecraft:stone_pickaxe":1,"minecraft:wooden_axe":1,"minecraft:stone_sword":1,"immersive_armors:wooden_helmet":1},"minecraft:broken":{"minecraft:stone_axe":1,"minecraft:wooden_axe":1},"minecraft:used":{"minecraft:mossy_stone_bricks":2,"minecraft:stone_sword":6,"minecraft:stone_pickaxe":23,"minecraft:wooden_pickaxe":6,"minecraft:torch":7,"minecraft:crafting_table":3,"minecraft:lime_bed":1,"minecraft:carrot":5,"minecraft:wooden_axe":57,"minecraft:melon_slice":16,"minecraft:acacia_slab":1,"minecraft:stone_axe":163,"minecraft:diamond_sword":26,"minecraft:cooked_rabbit":2}},"DataVersion":3465}