{"stats":{"minecraft:killed":{"minecraft:cave_spider":2,"minecraft:spider":21,"minecraft:skeleton":3,"minecraft:zombie":18,"minecraft:stray":6},"minecraft:killed_by":{"minecraft:player":1,"minecraft:stray":4,"minecraft:skeleton":1,"minecraft:zombie":5},"minecraft:mined":{"minecraft:stone_pressure_plate":1,"minecraft:mossy_cobblestone":6,"minecraft:jungle_leaves":2,"minecraft:nether_bricks":2,"minecraft:jungle_planks":1,"minecraft:jungle_log":33,"minecraft:coal_block":1,"minecraft:spawner":34,"minecraft:mossy_cobblestone_slab":2,"minecraft:mossy_cobblestone_stairs":5,"minecraft:iron_ore":3,"minecraft:andesite":7,"minecraft:mossy_stone_brick_stairs":3,"minecraft:bookshelf":6,"minecraft:vine":13,"minecraft:iron_bars":16,"farmersdelight:rice_panicles":1,"minecraft:stone":37,"minecraft:cake":1,"minecraft:quartz_block":1,"minecraft:crafting_table":1,"minecraft:torch":2,"farmersdelight:cabbages":2,"minecraft:cobblestone":3,"minecraft:oak_planks":4,"minecraft:diorite":2,"minecraft:iron_door":2,"minecraft:oak_log":20,"minecraft:coal_ore":1,"minecraft:pitcher_crop":1,"minecraft:cracked_stone_bricks":7,"minecraft:stone_bricks":8,"minecraft:netherrack":1,"minecraft:mossy_stone_bricks":7},"minecraft:custom":{"minecraft:mob_kills":50,"minecraft:interact_with_crafting_table":11,"minecraft:damage_dealt_resisted":51,"minecraft:leave_game":2,"minecraft:time_since_death":13820,"minecraft:climb_one_cm":10301,"minecraft:sprint_one_cm":508244,"minecraft:walk_one_cm":216261,"minecraft:damage_blocked_by_shield":1890,"minecraft:drop":22,"minecraft:play_time":71854,"minecraft:deaths":11,"minecraft:sneak_time":634,"minecraft:walk_under_water_one_cm":147,"minecraft:jump":567,"minecraft:walk_on_water_one_cm":22377,"minecraft:total_world_time":71854,"minecraft:interact_with_furnace":5,"minecraft:sleep_in_bed":2,"minecraft:time_since_rest":13866,"minecraft:damage_taken":4957,"minecraft:damage_absorbed":231,"minecraft:damage_dealt":8749,"minecraft:swim_one_cm":102,"minecraft:fly_one_cm":77852,"minecraft:open_chest":136,"minecraft:crouch_one_cm":1387,"minecraft:fall_one_cm":20308},"minecraft:crafted":{"minecraft:oak_planks":76,"minecraft:iron_axe":1,"minecraft:stone_pickaxe":1,"minecraft:chest":2,"minecraft:crafting_table":1,"minecraft:wooden_pickaxe":1,"minecraft:iron_sword":1,"minecraft:stone_axe":1,"minecraft:air":0,"minecraft:jungle_planks":132,"minecraft:stick":28,"minecraft:iron_ingot":3,"minecraft:wooden_axe":1,"minecraft:torch":76},"minecraft:picked_up":{"minecraft:wooden_axe":1,"minecraft:iron_chestplate":7,"minecraft:crafting_table":1,"minecraft:chainmail_boots":3,"minecraft:leather_leggings":1,"farmersdelight:rice_panicle":4,"minecraft:enchanted_book":6,"minecraft:potion":1,"minecraft:golden_shovel":2,"minecraft:shield":5,"minecraft:string":87,"minecraft:iron_axe":2,"minecraft:iron_leggings":5,"minecraft:iron_shovel":3,"minecraft:cracked_stone_bricks":65,"farmersdelight:cabbage":2,"minecraft:iron_pickaxe":10,"minecraft:iron_boots":1,"minecraft:tipped_arrow":4,"minecraft:golden_helmet":1,"minecraft:raw_iron":3,"minecraft:stick":7,"minecraft:stone":29,"minecraft:torch":12,"sophisticatedbackpacks:backpack":2,"minecraft:carrot":6,"minecraft:stone_pressure_plate":1,"minecraft:quartz_block":1,"minecraft:arrow":44,"minecraft:rotten_flesh":145,"minecraft:nether_bricks":1,"minecraft:gold_ingot":122,"endrem:rogue_eye":3,"minecraft:iron_bars":17,"minecraft:cobblestone":81,"minecraft:mossy_cobblestone_slab":2,"minecraft:leather_chestplate":1,"minecraft:cooked_beef":15,"minecraft:iron_door":1,"minecraft:jungle_log":33,"minecraft:andesite":6,"minecraft:potato":39,"minecraft:oak_log":19,"minecraft:chainmail_chestplate":3,"minecraft:paper":12,"minecraft:name_tag":6,"minecraft:bone":17,"minecraft:apple":2,"minecraft:stone_bricks":4,"minecraft:wild_armor_trim_smithing_template":6,"minecraft:iron_ingot":202,"minecraft:mossy_stone_bricks":3,"minecraft:glass_bottle":3,"minecraft:oak_planks":312,"minecraft:iron_sword":2,"minecraft:mossy_stone_brick_stairs":1,"minecraft:book":18,"minecraft:pitcher_plant":4,"artifacts:rooted_boots":6,"minecraft:jungle_planks":125,"minecraft:spider_eye":5,"minecraft:mossy_cobblestone":8,"minecraft:diamond":2,"minecraft:iron_helmet":6,"minecraft:diamond_axe":3,"minecraft:golden_apple":5,"minecraft:mossy_cobblestone_stairs":1,"minecraft:chainmail_helmet":1,"minecraft:baked_potato":4,"minecraft:coal":11,"minecraft:ender_pearl":6},"minecraft:dropped":{"minecraft:mossy_cobblestone":2,"minecraft:glass_bottle":1,"minecraft:iron_helmet":1,"minecraft:iron_leggings":3,"minecraft:golden_chestplate":1,"minecraft:rotten_flesh":10,"minecraft:iron_boots":1,"minecraft:tipped_arrow":1,"minecraft:iron_chestplate":1,"minecraft:iron_bars":7},"minecraft:used":{"minecraft:iron_bars":2,"minecraft:chest":2,"minecraft:shield":23,"minecraft:stone":1,"minecraft:iron_sword":105,"minecraft:rotten_flesh":18,"minecraft:iron_chestplate":1,"minecraft:torch":85,"minecraft:nether_bricks":1,"minecraft:wooden_axe":22,"minecraft:iron_axe":29,"minecraft:stone_bricks":1,"minecraft:egg":1,"minecraft:cooked_beef":11,"minecraft:potato":3,"minecraft:iron_leggings":1,"minecraft:leather_leggings":1,"minecraft:stone_pickaxe":12,"minecraft:baked_potato":2,"minecraft:oak_planks":9,"minecraft:wooden_pickaxe":3,"minecraft:chainmail_helmet":3,"minecraft:diamond_axe":6,"minecraft:golden_apple":7,"minecraft:crafting_table":1,"minecraft:apple":1,"minecraft:bread":1,"minecraft:iron_pickaxe":148,"minecraft:golden_leggings":1,"minecraft:stone_axe":22,"minecraft:potion":1,"minecraft:chainmail_boots":1,"minecraft:andesite":1,"minecraft:golden_pickaxe":16}},"DataVersion":3465}