{"stats":{"minecraft:dropped":{"minecraft:nether_brick_stairs":4,"minecraft:mossy_cobblestone":2,"minecraft:glass_bottle":1,"minecraft:iron_helmet":1,"minecraft:mossy_stone_brick_stairs":1,"minecraft:mossy_cobblestone_slab":2,"minecraft:iron_door":1,"minecraft:iron_leggings":6,"minecraft:mossy_cobblestone_stairs":1,"artifacts:rooted_boots":1,"minecraft:string":4,"minecraft:bone":3,"minecraft:golden_chestplate":1,"minecraft:rotten_flesh":10,"minecraft:iron_boots":1,"minecraft:tipped_arrow":1,"minecraft:diamond_chestplate":1,"minecraft:iron_chestplate":2,"minecraft:mossy_stone_bricks":1,"minecraft:chainmail_boots":1,"minecraft:leather_leggings":1,"minecraft:stone_pressure_plate":1,"minecraft:iron_bars":7,"minecraft:wooden_pickaxe":2},"minecraft:custom":{"minecraft:interact_with_anvil":5,"minecraft:mob_kills":74,"minecraft:interact_with_crafting_table":17,"minecraft:damage_dealt_resisted":68,"minecraft:leave_game":3,"minecraft:time_since_death":23783,"minecraft:climb_one_cm":11754,"minecraft:sprint_one_cm":791707,"minecraft:walk_one_cm":296907,"minecraft:damage_blocked_by_shield":2460,"minecraft:drop":44,"minecraft:play_time":109538,"minecraft:sneak_time":860,"minecraft:deaths":12,"minecraft:walk_under_water_one_cm":147,"minecraft:jump":774,"minecraft:walk_on_water_one_cm":22377,"minecraft:total_world_time":109538,"minecraft:interact_with_furnace":6,"minecraft:sleep_in_bed":3,"minecraft:time_since_rest":22367,"minecraft:damage_taken":6044,"minecraft:damage_absorbed":311,"minecraft:damage_dealt":12336,"minecraft:swim_one_cm":102,"minecraft:fly_one_cm":106961,"minecraft:open_chest":204,"minecraft:crouch_one_cm":1588,"minecraft:fall_one_cm":24265},"minecraft:killed":{"minecraft:cave_spider":2,"minecraft:spider":22,"minecraft:skeleton":7,"mowziesmobs:umvuthana_follower_raptor":1,"minecraft:sheep":1,"minecraft:zombie":28,"minecraft:stray":6,"minecraft:wither_skeleton":2,"minecraft:cow":2},"minecraft:used":{"minecraft:iron_bars":2,"minecraft:chest":2,"minecraft:shield":27,"minecraft:stone":1,"minecraft:iron_sword":144,"minecraft:rotten_flesh":18,"minecraft:iron_chestplate":1,"minecraft:torch":170,"minecraft:anvil":1,"minecraft:nether_bricks":1,"minecraft:diamond_helmet":1,"minecraft:wooden_axe":22,"minecraft:iron_axe":29,"minecraft:stone_bricks":1,"minecraft:egg":1,"minecraft:cooked_beef":13,"minecraft:potato":3,"minecraft:iron_leggings":1,"minecraft:leather_leggings":1,"minecraft:stone_pickaxe":12,"minecraft:baked_potato":4,"minecraft:oak_planks":14,"minecraft:wooden_pickaxe":3,"minecraft:chainmail_helmet":3,"minecraft:diamond_axe":23,"minecraft:golden_apple":10,"minecraft:crafting_table":1,"minecraft:diamond_pickaxe":20,"minecraft:apple":3,"minecraft:bread":9,"minecraft:iron_pickaxe":169,"minecraft:golden_leggings":1,"minecraft:stone_axe":22,"minecraft:diamond_sword":47,"minecraft:potion":1,"minecraft:chainmail_boots":1,"minecraft:andesite":1,"minecraft:golden_pickaxe":16},"minecraft:crafted":{"minecraft:oak_planks":124,"minecraft:iron_axe":1,"minecraft:stone_pickaxe":1,"minecraft:chest":2,"minecraft:crafting_table":1,"minecraft:wooden_pickaxe":1,"minecraft:iron_sword":1,"immersive_melodies:lute":1,"minecraft:stone_axe":1,"minecraft:air":0,"minecraft:jungle_planks":132,"minecraft:stick":84,"minecraft:iron_ingot":12,"minecraft:wooden_axe":1,"minecraft:iron_block":4,"minecraft:anvil":1,"minecraft:torch":128},"minecraft:picked_up":{"minecraft:wooden_axe":1,"minecraft:crafting_table":1,"minecraft:iron_chestplate":8,"minecraft:chainmail_boots":7,"minecraft:leather_leggings":4,"minecraft:wooden_pickaxe":2,"minecraft:diamond_sword":1,"farmersdelight:rice_panicle":4,"minecraft:potion":1,"minecraft:enchanted_book":7,"minecraft:golden_shovel":2,"minecraft:shield":7,"minecraft:string":95,"minecraft:iron_axe":2,"minecraft:iron_leggings":9,"minecraft:iron_shovel":5,"minecraft:cracked_stone_bricks":65,"farmersdelight:cabbage":2,"minecraft:iron_pickaxe":11,"minecraft:iron_boots":1,"minecraft:golden_helmet":1,"minecraft:tipped_arrow":4,"minecraft:stick":56,"minecraft:raw_iron":3,"minecraft:stone":29,"minecraft:torch":21,"sophisticatedbackpacks:backpack":3,"minecraft:carrot":6,"minecraft:stone_pressure_plate":1,"minecraft:quartz_block":1,"minecraft:arrow":85,"minecraft:diamond_chestplate":3,"minecraft:rotten_flesh":219,"minecraft:nether_bricks":10,"mowziesmobs:umvuthana_mask_bliss":1,"minecraft:gold_ingot":122,"endrem:rogue_eye":3,"minecraft:iron_bars":33,"minecraft:white_wool":1,"minecraft:cobblestone":103,"minecraft:leather_chestplate":1,"minecraft:mossy_cobblestone_slab":2,"minecraft:feather":2,"minecraft:cooked_beef":20,"minecraft:iron_door":1,"minecraft:andesite":6,"minecraft:jungle_log":33,"minecraft:leather":1,"minecraft:potato":52,"minecraft:oak_log":31,"minecraft:chainmail_chestplate":4,"minecraft:lapis_lazuli":15,"minecraft:paper":12,"minecraft:name_tag":6,"minecraft:cooked_mutton":2,"minecraft:bone":22,"minecraft:apple":8,"minecraft:stone_bricks":4,"minecraft:wild_armor_trim_smithing_template":6,"minecraft:iron_ingot":202,"minecraft:mossy_stone_bricks":3,"minecraft:diamond_helmet":1,"minecraft:glass_bottle":3,"minecraft:iron_sword":3,"minecraft:oak_planks":406,"minecraft:mossy_stone_brick_stairs":1,"minecraft:book":28,"minecraft:pitcher_plant":4,"artifacts:rooted_boots":7,"minecraft:jungle_planks":125,"minecraft:nether_brick_stairs":9,"minecraft:nether_brick_slab":2,"minecraft:spider_eye":5,"minecraft:mossy_cobblestone":8,"minecraft:diamond_shovel":1,"minecraft:diamond":2,"minecraft:iron_helmet":6,"minecraft:diamond_axe":4,"minecraft:golden_apple":24,"minecraft:mossy_cobblestone_stairs":1,"minecraft:chainmail_helmet":1,"minecraft:baked_potato":6,"minecraft:oak_sapling":1,"minecraft:coal":42,"minecraft:diamond_pickaxe":1,"minecraft:ender_pearl":17},"minecraft:killed_by":{"minecraft:player":1,"minecraft:stray":4,"minecraft:enderman":1,"minecraft:skeleton":1,"minecraft:zombie":5},"minecraft:mined":{"minecraft:stone_pressure_plate":1,"minecraft:mossy_cobblestone":6,"minecraft:jungle_leaves":2,"minecraft:nether_bricks":8,"minecraft:jungle_planks":1,"minecraft:jungle_log":33,"minecraft:coal_block":1,"minecraft:spawner":49,"minecraft:mossy_cobblestone_slab":2,"minecraft:mossy_cobblestone_stairs":5,"minecraft:iron_ore":3,"minecraft:andesite":7,"minecraft:nether_brick_stairs":8,"minecraft:mossy_stone_brick_stairs":3,"minecraft:bookshelf":6,"minecraft:vine":13,"minecraft:iron_bars":25,"farmersdelight:rice_panicles":1,"minecraft:stone":37,"minecraft:cake":1,"minecraft:quartz_block":1,"minecraft:crafting_table":1,"minecraft:torch":2,"minecraft:nether_brick_slab":2,"farmersdelight:cabbages":2,"minecraft:tall_grass":1,"minecraft:cobblestone":3,"minecraft:oak_planks":7,"minecraft:diorite":2,"minecraft:iron_door":2,"minecraft:grass":3,"minecraft:oak_log":32,"minecraft:coal_ore":1,"minecraft:pitcher_crop":1,"minecraft:cracked_stone_bricks":7,"minecraft:stone_bricks":8,"minecraft:netherrack":2,"minecraft:mossy_stone_bricks":7}},"DataVersion":3465}