{"stats":{"minecraft:killed_by":{"minecraft:creeper":3,"minecraft:zombie":5,"minecraft:player":2,"minecraft:stray":4,"minecraft:enderman":1,"mowziesmobs:ferrous_wroughtnaut":34,"minecraft:skeleton":4},"minecraft:crafted":{"minecraft:oak_planks":192,"minecraft:chest":2,"minecraft:crafting_table":5,"minecraft:wooden_pickaxe":5,"immersive_melodies:lute":1,"sophisticatedbackpacks:upgrade_base":1,"minecraft:stick":208,"minecraft:iron_ingot":30,"minecraft:iron_block":4,"minecraft:leather":3,"minecraft:iron_axe":1,"minecraft:stone_pickaxe":3,"sophisticatedbackpacks:iron_backpack":1,"minecraft:iron_sword":1,"sophisticatedbackpacks:gold_backpack":1,"minecraft:bucket":1,"minecraft:stone_axe":2,"minecraft:air":0,"minecraft:jungle_planks":192,"minecraft:wooden_axe":2,"minecraft:anvil":1,"minecraft:torch":288},"minecraft:dropped":{"minecraft:nether_brick_stairs":4,"minecraft:glass_bottle":1,"minecraft:mossy_stone_brick_stairs":1,"minecraft:jungle_planks":1,"minecraft:cracked_stone_bricks":1,"minecraft:dirt":5,"minecraft:iron_pickaxe":1,"minecraft:bone":3,"minecraft:golden_chestplate":1,"minecraft:rotten_flesh":74,"minecraft:oak_planks":60,"minecraft:tipped_arrow":1,"minecraft:jungle_stairs":1,"minecraft:chainmail_boots":1,"minecraft:leather_leggings":3,"minecraft:iron_bars":7,"minecraft:water_bucket":1,"minecraft:mossy_cobblestone":2,"minecraft:feather":2,"minecraft:iron_helmet":1,"minecraft:cobblestone":11,"minecraft:golden_apple":4,"minecraft:mossy_cobblestone_slab":2,"minecraft:iron_door":1,"minecraft:iron_leggings":7,"minecraft:mossy_cobblestone_stairs":1,"artifacts:rooted_boots":1,"minecraft:string":17,"minecraft:iron_boots":1,"minecraft:diamond_sword":7,"minecraft:diamond_chestplate":1,"minecraft:iron_chestplate":3,"minecraft:andesite":1,"minecraft:mossy_stone_bricks":1,"minecraft:stone_pressure_plate":1,"minecraft:stone_bricks":2,"minecraft:bow":3,"minecraft:wooden_pickaxe":2,"waystones:waystone":1},"minecraft:mined":{"minecraft:stone_pressure_plate":2,"minecraft:jungle_leaves":4,"minecraft:cave_vines_plant":2,"minecraft:granite":10,"minecraft:grass_block":12,"minecraft:jungle_log":39,"minecraft:coal_block":1,"minecraft:spawner":61,"minecraft:mossy_cobblestone_slab":2,"minecraft:mossy_cobblestone_stairs":5,"minecraft:iron_ore":19,"minecraft:deepslate_lapis_ore":5,"minecraft:nether_brick_stairs":10,"minecraft:cave_vines":5,"minecraft:iron_bars":29,"farmersdelight:rice_panicles":1,"minecraft:azalea":2,"minecraft:deepslate_redstone_ore":18,"minecraft:quartz_block":7,"minecraft:clay":5,"minecraft:torch":9,"minecraft:jungle_stairs":1,"minecraft:blast_furnace":1,"minecraft:melon":1,"minecraft:nether_brick_slab":2,"farmersdelight:cabbages":2,"minecraft:cobblestone":4,"minecraft:oak_planks":7,"minecraft:iron_door":2,"minecraft:wall_torch":2,"minecraft:jungle_wood":9,"minecraft:wheat":1,"minecraft:tnt":1,"minecraft:stone_brick_stairs":1,"minecraft:grass":47,"minecraft:oak_log":49,"minecraft:dirt":19,"minecraft:netherrack":2,"minecraft:oak_leaves":21,"minecraft:deepslate":226,"minecraft:tuff":22,"minecraft:mossy_cobblestone":8,"minecraft:deepslate_diamond_ore":14,"minecraft:nether_bricks":8,"minecraft:jungle_planks":4,"farmersdelight:tomatoes":2,"minecraft:moss_block":9,"minecraft:carrots":2,"minecraft:andesite":29,"minecraft:mossy_stone_brick_stairs":3,"minecraft:bookshelf":8,"minecraft:deepslate_iron_ore":30,"minecraft:vine":35,"minecraft:stone":201,"minecraft:cake":1,"minecraft:flowering_azalea":2,"minecraft:crafting_table":3,"minecraft:tall_grass":21,"minecraft:deepslate_gold_ore":9,"minecraft:diorite":2,"minecraft:torchflower":1,"minecraft:yellow_bed":2,"minecraft:coal_ore":78,"minecraft:pitcher_crop":1,"minecraft:gravel":9,"minecraft:cobweb":16,"minecraft:cracked_stone_bricks":9,"minecraft:stone_bricks":10,"minecraft:mossy_stone_bricks":8,"minecraft:chipped_anvil":1,"minecraft:fern":4},"minecraft:picked_up":{"minecraft:wooden_axe":1,"minecraft:iron_chestplate":12,"minecraft:wheat":2,"minecraft:chainmail_boots":10,"minecraft:diamond_sword":42,"farmersdelight:rice_panicle":4,"immersive_armors:wither_boots":1,"minecraft:potion":1,"minecraft:enchanted_book":11,"minecraft:golden_shovel":2,"alexsmobs:gazelle_horn":5,"minecraft:string":121,"minecraft:iron_leggings":14,"minecraft:cobbled_deepslate":225,"minecraft:smooth_stone":4,"farmersdelight:cabbage":2,"minecraft:azalea":1,"minecraft:iron_pickaxe":12,"minecraft:melon_slice":7,"minecraft:iron_boots":2,"minecraft:golden_helmet":1,"minecraft:tipped_arrow":5,"minecraft:stick":207,"mowziesmobs:sol_visage":1,"minecraft:torch":43,"minecraft:quartz_block":5,"minecraft:rotten_flesh":245,"alexsmobs:emu_egg":1,"supplementaries:ash":11,"supplementaries:quiver":2,"artifacts:panic_necklace":1,"endrem:rogue_eye":3,"minecraft:iron_bars":37,"minecraft:cobblestone":373,"minecraft:birch_log":4,"minecraft:leather_chestplate":2,"minecraft:mossy_cobblestone_slab":2,"minecraft:feather":31,"minecraft:cooked_beef":20,"minecraft:iron_door":1,"minecraft:andesite":27,"minecraft:water_bucket":3,"minecraft:jungle_log":39,"minecraft:jungle_wood":9,"minecraft:potato":54,"minecraft:flint":2,"minecraft:tuff":26,"alexsmobs:cooked_kangaroo_meat":17,"minecraft:lapis_lazuli":85,"farmersdelight:tomato":6,"minecraft:dirt":47,"minecraft:name_tag":10,"minecraft:bone":65,"minecraft:chipped_anvil":2,"minecraft:bow":3,"minecraft:wheat_seeds":16,"minecraft:raw_gold":24,"minecraft:mossy_stone_bricks":6,"minecraft:diamond_helmet":3,"minecraft:moss_block":8,"minecraft:oak_planks":538,"minecraft:mossy_stone_brick_stairs":1,"minecraft:cooked_porkchop":7,"artifacts:rooted_boots":9,"minecraft:jungle_planks":150,"minecraft:nether_brick_stairs":11,"minecraft:barrel":3,"minecraft:mossy_cobblestone":10,"alexsmobs:kangaroo_hide":7,"minecraft:diamond":24,"waystones:waystone":2,"minecraft:granite":8,"minecraft:golden_apple":38,"minecraft:chainmail_helmet":1,"minecraft:oak_sapling":3,"minecraft:bricks":2,"minecraft:diamond_pickaxe":5,"sophisticatedbackpacks:gold_backpack":3,"minecraft:crafting_table":3,"minecraft:chicken":2,"minecraft:clay_ball":20,"minecraft:leather_leggings":5,"minecraft:wooden_pickaxe":2,"minecraft:shield":8,"immersive_armors:wither_helmet":1,"minecraft:iron_axe":2,"artifacts:power_glove":1,"minecraft:compass":1,"minecraft:iron_shovel":5,"minecraft:cracked_stone_bricks":67,"minecraft:candle":4,"minecraft:beef":1,"minecraft:egg":1,"minecraft:raw_iron":79,"minecraft:stone":29,"sophisticatedbackpacks:backpack":4,"farmersdelight:tomato_seeds":4,"immersive_armors:wither_leggings":1,"minecraft:carrot":18,"minecraft:redstone":90,"minecraft:stone_pressure_plate":1,"mowziesmobs:umvuthana_mask_faith":3,"minecraft:diamond_chestplate":3,"minecraft:arrow":174,"minecraft:jungle_stairs":1,"minecraft:nether_bricks":10,"mowziesmobs:umvuthana_mask_bliss":2,"minecraft:saddle":1,"minecraft:gold_ingot":122,"minecraft:brick_stairs":1,"minecraft:glow_berries":5,"minecraft:white_wool":1,"minecraft:lime_bed":1,"mowziesmobs:umvuthana_mask_fury":1,"minecraft:leather":3,"minecraft:torchflower":1,"minecraft:oak_log":63,"minecraft:chainmail_chestplate":4,"minecraft:yellow_bed":3,"minecraft:gunpowder":18,"mowziesmobs:wrought_axe":1,"minecraft:paper":15,"minecraft:cooked_mutton":27,"minecraft:apple":8,"minecraft:stone_bricks":6,"minecraft:wild_armor_trim_smithing_template":6,"minecraft:iron_ingot":211,"minecraft:stone_pickaxe":1,"minecraft:cooked_chicken":87,"minecraft:glass_bottle":3,"minecraft:flowering_azalea":2,"minecraft:iron_sword":4,"mowziesmobs:umvuthana_mask_misery":1,"minecraft:book":34,"minecraft:pitcher_plant":4,"minecraft:gravel":7,"immersive_armors:wither_chestplate":1,"mowziesmobs:wrought_helmet":1,"minecraft:blast_furnace":2,"minecraft:nether_brick_slab":2,"minecraft:spider_eye":9,"minecraft:diamond_shovel":3,"minecraft:stone_axe":2,"minecraft:iron_helmet":8,"minecraft:diamond_axe":13,"minecraft:mossy_cobblestone_stairs":1,"mowziesmobs:umvuthana_mask_fear":2,"minecraft:baked_potato":6,"minecraft:coal":183,"minecraft:ender_pearl":41},"minecraft:custom":{"minecraft:interact_with_crafting_table":33,"minecraft:open_barrel":21,"minecraft:leave_game":15,"minecraft:time_since_death":18861,"minecraft:sprint_one_cm":1671860,"minecraft:damage_blocked_by_shield":4155,"minecraft:drop":73,"minecraft:play_time":263100,"minecraft:deaths":55,"minecraft:jump":3302,"minecraft:walk_on_water_one_cm":42722,"minecraft:interact_with_furnace":14,"minecraft:interact_with_cartography_table":2,"minecraft:sleep_in_bed":8,"minecraft:waystone_activated":1,"minecraft:damage_dealt":26490,"minecraft:player_kills":1,"minecraft:crouch_one_cm":8883,"minecraft:mob_kills":144,"minecraft:interact_with_anvil":11,"minecraft:damage_dealt_resisted":119,"minecraft:climb_one_cm":27329,"minecraft:walk_one_cm":730113,"minecraft:sneak_time":5141,"minecraft:walk_under_water_one_cm":2498,"minecraft:interact_with_blast_furnace":3,"minecraft:total_world_time":263100,"minecraft:time_since_rest":18887,"minecraft:damage_taken":27933,"minecraft:damage_absorbed":510,"minecraft:trigger_trapped_chest":1,"minecraft:swim_one_cm":305,"minecraft:fly_one_cm":572758,"minecraft:open_chest":350,"minecraft:fall_one_cm":82741},"minecraft:used":{"minecraft:chest":2,"minecraft:shield":47,"minecraft:stone":4,"minecraft:iron_sword":191,"minecraft:rotten_flesh":18,"minecraft:iron_chestplate":2,"mowziesmobs:umvuthana_mask_bliss":1,"minecraft:jungle_planks":10,"minecraft:nether_bricks":1,"minecraft:carrot":6,"minecraft:tuff":6,"minecraft:lava_bucket":3,"minecraft:quartz_block":2,"minecraft:iron_helmet":1,"minecraft:stone_bricks":1,"minecraft:oak_sapling":1,"minecraft:egg":2,"minecraft:potato":3,"minecraft:mossy_stone_bricks":1,"minecraft:leather_leggings":2,"minecraft:stone_pickaxe":134,"minecraft:oak_planks":17,"minecraft:wooden_pickaxe":123,"minecraft:chainmail_helmet":4,"minecraft:diamond_axe":26,"minecraft:golden_apple":17,"minecraft:glow_berries":4,"waystones:waystone":1,"minecraft:bread":9,"minecraft:melon_slice":7,"minecraft:diamond_sword":232,"minecraft:chainmail_boots":1,"minecraft:birch_log":1,"minecraft:andesite":15,"minecraft:golden_pickaxe":16,"minecraft:iron_bars":2,"minecraft:cooked_chicken":1,"minecraft:torch":290,"minecraft:dirt":6,"minecraft:anvil":1,"minecraft:chainmail_chestplate":2,"alexsmobs:cooked_kangaroo_meat":3,"minecraft:diamond_helmet":3,"mowziesmobs:wrought_helmet":1,"minecraft:wooden_axe":29,"minecraft:iron_axe":32,"minecraft:cooked_beef":19,"minecraft:cobbled_deepslate":85,"minecraft:iron_leggings":1,"minecraft:cooked_mutton":10,"minecraft:water_bucket":41,"minecraft:baked_potato":4,"minecraft:crafting_table":7,"supplementaries:bomb":2,"minecraft:diamond_pickaxe":528,"minecraft:apple":6,"minecraft:iron_pickaxe":184,"mowziesmobs:sol_visage":1,"minecraft:golden_leggings":1,"minecraft:stone_axe":53,"minecraft:cobblestone":26,"minecraft:potion":1,"mowziesmobs:umvuthana_mask_fury":1,"minecraft:cooked_porkchop":1,"minecraft:bucket":45,"minecraft:yellow_bed":1},"minecraft:killed":{"minecraft:cave_spider":3,"mowziesmobs:umvuthi":1,"minecraft:spider":25,"minecraft:skeleton":19,"alexsmobs:leafcutter_ant":1,"minecraft:chicken":8,"mowziesmobs:umvuthana_crane":4,"alexsmobs:kangaroo":4,"artifacts:mimic":2,"minecraft:creeper":3,"minecraft:sheep":1,"minecraft:zombie":46,"minecraft:stray":7,"minecraft:cow":2,"mowziesmobs:ferrous_wroughtnaut":1,"mowziesmobs:umvuthana":2,"mowziesmobs:umvuthana_follower_raptor":2,"alexsmobs:gazelle":4,"minecraft:wither_skeleton":2}},"DataVersion":3465}