{"stats":{"minecraft:dropped":{"minecraft:nether_brick_stairs":4,"minecraft:water_bucket":1,"minecraft:mossy_cobblestone":2,"minecraft:glass_bottle":1,"minecraft:iron_helmet":1,"minecraft:feather":2,"minecraft:cobblestone":11,"minecraft:jungle_planks":1,"minecraft:mossy_stone_brick_stairs":1,"minecraft:cracked_stone_bricks":1,"minecraft:golden_apple":4,"minecraft:dirt":5,"minecraft:mossy_cobblestone_slab":2,"minecraft:iron_door":1,"minecraft:iron_leggings":6,"minecraft:iron_pickaxe":1,"minecraft:mossy_cobblestone_stairs":1,"artifacts:rooted_boots":1,"minecraft:string":17,"minecraft:bone":3,"minecraft:golden_chestplate":1,"minecraft:rotten_flesh":74,"minecraft:oak_planks":60,"minecraft:iron_boots":1,"minecraft:diamond_sword":7,"minecraft:tipped_arrow":1,"minecraft:diamond_chestplate":1,"minecraft:iron_chestplate":2,"minecraft:jungle_stairs":1,"minecraft:mossy_stone_bricks":1,"minecraft:chainmail_boots":1,"minecraft:leather_leggings":1,"minecraft:stone_pressure_plate":1,"minecraft:stone_bricks":2,"minecraft:iron_bars":7,"minecraft:bow":3,"minecraft:wooden_pickaxe":2,"waystones:waystone":1},"minecraft:custom":{"minecraft:interact_with_anvil":10,"minecraft:mob_kills":130,"minecraft:interact_with_crafting_table":26,"minecraft:open_barrel":9,"minecraft:damage_dealt_resisted":119,"minecraft:leave_game":8,"minecraft:time_since_death":5320,"minecraft:climb_one_cm":21324,"minecraft:sprint_one_cm":1347776,"minecraft:walk_one_cm":573530,"minecraft:damage_blocked_by_shield":3015,"minecraft:drop":68,"minecraft:play_time":206929,"minecraft:sneak_time":2470,"minecraft:deaths":51,"minecraft:walk_under_water_one_cm":2498,"minecraft:jump":2705,"minecraft:interact_with_blast_furnace":2,"minecraft:total_world_time":206929,"minecraft:walk_on_water_one_cm":42505,"minecraft:interact_with_furnace":12,"minecraft:interact_with_cartography_table":2,"minecraft:sleep_in_bed":7,"minecraft:time_since_rest":5345,"minecraft:waystone_activated":1,"minecraft:damage_taken":25741,"minecraft:damage_absorbed":390,"minecraft:trigger_trapped_chest":1,"minecraft:damage_dealt":23678,"minecraft:player_kills":1,"minecraft:swim_one_cm":305,"minecraft:fly_one_cm":514282,"minecraft:open_chest":239,"minecraft:crouch_one_cm":2546,"minecraft:fall_one_cm":70141},"minecraft:killed":{"minecraft:cave_spider":3,"mowziesmobs:umvuthi":1,"minecraft:spider":23,"minecraft:skeleton":17,"mowziesmobs:ferrous_wroughtnaut":1,"alexsmobs:leafcutter_ant":1,"minecraft:chicken":8,"mowziesmobs:umvuthana_crane":4,"alexsmobs:kangaroo":4,"mowziesmobs:umvuthana":2,"artifacts:mimic":1,"mowziesmobs:umvuthana_follower_raptor":2,"minecraft:creeper":2,"minecraft:sheep":1,"minecraft:zombie":39,"alexsmobs:gazelle":4,"minecraft:stray":6,"minecraft:wither_skeleton":2,"minecraft:cow":2},"minecraft:used":{"minecraft:iron_bars":2,"minecraft:chest":2,"minecraft:shield":33,"minecraft:iron_sword":144,"minecraft:stone":4,"minecraft:cooked_chicken":1,"minecraft:rotten_flesh":18,"minecraft:iron_chestplate":1,"minecraft:torch":222,"minecraft:anvil":1,"mowziesmobs:umvuthana_mask_bliss":1,"minecraft:dirt":1,"minecraft:nether_bricks":1,"minecraft:jungle_planks":1,"alexsmobs:cooked_kangaroo_meat":3,"minecraft:diamond_helmet":3,"minecraft:tuff":6,"mowziesmobs:wrought_helmet":1,"minecraft:wooden_axe":22,"minecraft:lava_bucket":3,"minecraft:iron_axe":29,"minecraft:stone_bricks":1,"minecraft:egg":2,"minecraft:potato":3,"minecraft:cooked_beef":19,"minecraft:cobbled_deepslate":33,"minecraft:iron_leggings":1,"minecraft:cooked_mutton":4,"minecraft:water_bucket":41,"minecraft:mossy_stone_bricks":1,"minecraft:leather_leggings":1,"minecraft:stone_pickaxe":64,"minecraft:baked_potato":4,"minecraft:oak_planks":14,"minecraft:wooden_pickaxe":38,"minecraft:chainmail_helmet":3,"minecraft:diamond_axe":26,"minecraft:golden_apple":14,"minecraft:crafting_table":3,"waystones:waystone":1,"minecraft:diamond_pickaxe":353,"minecraft:apple":3,"minecraft:bread":9,"minecraft:iron_pickaxe":169,"mowziesmobs:sol_visage":1,"minecraft:golden_leggings":1,"minecraft:stone_axe":22,"minecraft:diamond_sword":232,"mowziesmobs:umvuthana_mask_fury":1,"minecraft:potion":1,"minecraft:cobblestone":1,"minecraft:andesite":8,"minecraft:chainmail_boots":1,"minecraft:bucket":45,"minecraft:cooked_porkchop":1,"minecraft:birch_log":1,"minecraft:golden_pickaxe":16},"minecraft:crafted":{"minecraft:oak_planks":136,"minecraft:leather":3,"minecraft:iron_axe":1,"minecraft:stone_pickaxe":2,"minecraft:chest":2,"sophisticatedbackpacks:iron_backpack":1,"minecraft:crafting_table":3,"minecraft:wooden_pickaxe":2,"minecraft:iron_sword":1,"immersive_melodies:lute":1,"sophisticatedbackpacks:gold_backpack":1,"minecraft:bucket":1,"minecraft:stone_axe":1,"sophisticatedbackpacks:upgrade_base":1,"minecraft:air":0,"minecraft:jungle_planks":132,"minecraft:stick":156,"minecraft:iron_ingot":30,"minecraft:wooden_axe":1,"minecraft:iron_block":4,"minecraft:anvil":1,"minecraft:torch":196},"minecraft:picked_up":{"minecraft:wooden_axe":1,"sophisticatedbackpacks:gold_backpack":3,"minecraft:iron_chestplate":11,"minecraft:crafting_table":1,"minecraft:chainmail_boots":9,"minecraft:chicken":1,"minecraft:clay_ball":20,"minecraft:leather_leggings":4,"farmersdelight:rice_panicle":4,"minecraft:diamond_sword":42,"minecraft:wooden_pickaxe":2,"immersive_armors:wither_boots":1,"minecraft:enchanted_book":9,"minecraft:potion":1,"minecraft:golden_shovel":2,"minecraft:shield":8,"immersive_armors:wither_helmet":1,"alexsmobs:gazelle_horn":5,"minecraft:string":113,"minecraft:iron_axe":2,"minecraft:iron_leggings":12,"minecraft:iron_shovel":5,"minecraft:cracked_stone_bricks":66,"minecraft:cobbled_deepslate":182,"minecraft:smooth_stone":4,"farmersdelight:cabbage":2,"minecraft:beef":1,"minecraft:azalea":1,"minecraft:iron_pickaxe":12,"minecraft:iron_boots":2,"minecraft:egg":1,"minecraft:tipped_arrow":4,"minecraft:golden_helmet":1,"minecraft:raw_iron":38,"minecraft:stick":171,"minecraft:stone":29,"mowziesmobs:sol_visage":1,"minecraft:torch":24,"sophisticatedbackpacks:backpack":3,"immersive_armors:wither_leggings":1,"minecraft:carrot":6,"minecraft:redstone":90,"minecraft:stone_pressure_plate":1,"mowziesmobs:umvuthana_mask_faith":3,"minecraft:quartz_block":1,"minecraft:arrow":170,"minecraft:rotten_flesh":238,"minecraft:diamond_chestplate":3,"minecraft:jungle_stairs":1,"minecraft:nether_bricks":10,"alexsmobs:emu_egg":1,"mowziesmobs:umvuthana_mask_bliss":2,"minecraft:gold_ingot":122,"artifacts:panic_necklace":1,"supplementaries:quiver":2,"supplementaries:ash":11,"endrem:rogue_eye":3,"minecraft:glow_berries":2,"minecraft:iron_bars":33,"minecraft:white_wool":1,"minecraft:cobblestone":264,"minecraft:birch_log":4,"mowziesmobs:umvuthana_mask_fury":1,"minecraft:lime_bed":1,"minecraft:mossy_cobblestone_slab":2,"minecraft:leather_chestplate":1,"minecraft:feather":31,"minecraft:cooked_beef":20,"minecraft:iron_door":1,"minecraft:jungle_log":33,"minecraft:water_bucket":3,"minecraft:andesite":21,"minecraft:leather":3,"minecraft:potato":52,"minecraft:tuff":22,"minecraft:oak_log":35,"minecraft:chainmail_chestplate":4,"alexsmobs:cooked_kangaroo_meat":17,"minecraft:gunpowder":4,"mowziesmobs:wrought_axe":1,"minecraft:lapis_lazuli":15,"minecraft:dirt":32,"minecraft:paper":12,"minecraft:name_tag":6,"minecraft:cooked_mutton":27,"minecraft:bone":58,"minecraft:apple":8,"minecraft:stone_bricks":6,"minecraft:bow":3,"minecraft:wheat_seeds":6,"minecraft:wild_armor_trim_smithing_template":6,"minecraft:raw_gold":3,"minecraft:iron_ingot":202,"minecraft:cooked_chicken":87,"minecraft:mossy_stone_bricks":6,"minecraft:diamond_helmet":3,"minecraft:glass_bottle":3,"minecraft:moss_block":2,"minecraft:oak_planks":538,"minecraft:iron_sword":3,"mowziesmobs:umvuthana_mask_misery":1,"minecraft:mossy_stone_brick_stairs":1,"minecraft:book":28,"minecraft:pitcher_plant":4,"minecraft:cooked_porkchop":7,"artifacts:rooted_boots":9,"immersive_armors:wither_chestplate":1,"minecraft:jungle_planks":127,"mowziesmobs:wrought_helmet":1,"minecraft:nether_brick_stairs":9,"minecraft:nether_brick_slab":2,"minecraft:spider_eye":9,"minecraft:mossy_cobblestone":8,"alexsmobs:kangaroo_hide":7,"minecraft:diamond_shovel":3,"minecraft:diamond":18,"waystones:waystone":2,"minecraft:iron_helmet":6,"minecraft:diamond_axe":13,"minecraft:granite":4,"minecraft:golden_apple":38,"minecraft:mossy_cobblestone_stairs":1,"minecraft:chainmail_helmet":1,"mowziesmobs:umvuthana_mask_fear":2,"minecraft:baked_potato":6,"minecraft:oak_sapling":2,"minecraft:coal":82,"minecraft:diamond_pickaxe":4,"minecraft:ender_pearl":41},"minecraft:killed_by":{"minecraft:player":2,"minecraft:stray":4,"minecraft:creeper":2,"minecraft:enderman":1,"mowziesmobs:ferrous_wroughtnaut":34,"minecraft:skeleton":2,"minecraft:zombie":5},"minecraft:mined":{"minecraft:tuff":22,"minecraft:stone_pressure_plate":1,"minecraft:mossy_cobblestone":6,"minecraft:deepslate_diamond_ore":8,"minecraft:jungle_leaves":3,"minecraft:cave_vines_plant":1,"minecraft:nether_bricks":8,"minecraft:granite":6,"minecraft:grass_block":8,"minecraft:jungle_planks":3,"minecraft:jungle_log":33,"minecraft:coal_block":1,"minecraft:moss_block":2,"minecraft:spawner":50,"minecraft:mossy_cobblestone_slab":2,"minecraft:mossy_cobblestone_stairs":5,"minecraft:iron_ore":10,"minecraft:andesite":23,"minecraft:nether_brick_stairs":8,"minecraft:mossy_stone_brick_stairs":3,"minecraft:bookshelf":6,"minecraft:vine":15,"minecraft:cave_vines":2,"minecraft:deepslate_iron_ore":11,"minecraft:iron_bars":25,"farmersdelight:rice_panicles":1,"minecraft:azalea":1,"minecraft:stone":115,"minecraft:cake":1,"minecraft:deepslate_redstone_ore":18,"minecraft:quartz_block":1,"minecraft:clay":5,"minecraft:crafting_table":1,"minecraft:torch":2,"minecraft:jungle_stairs":1,"minecraft:nether_brick_slab":2,"farmersdelight:cabbages":2,"minecraft:tall_grass":14,"minecraft:cobblestone":4,"minecraft:deepslate_gold_ore":1,"minecraft:oak_planks":7,"minecraft:iron_door":2,"minecraft:diorite":2,"minecraft:tnt":1,"minecraft:stone_brick_stairs":1,"minecraft:grass":36,"minecraft:coal_ore":25,"minecraft:oak_log":35,"minecraft:pitcher_crop":1,"minecraft:dirt":8,"minecraft:cobweb":16,"minecraft:cracked_stone_bricks":8,"minecraft:stone_bricks":10,"minecraft:netherrack":2,"minecraft:mossy_stone_bricks":8,"minecraft:oak_leaves":8,"minecraft:deepslate":183,"minecraft:fern":3}},"DataVersion":3465}