{"stats":{"minecraft:dropped":{"minecraft:nether_brick_stairs":4,"minecraft:water_bucket":1,"minecraft:mossy_cobblestone":2,"minecraft:glass_bottle":1,"minecraft:iron_helmet":1,"minecraft:cobblestone":11,"minecraft:jungle_planks":1,"minecraft:mossy_stone_brick_stairs":1,"minecraft:cracked_stone_bricks":1,"minecraft:golden_apple":4,"minecraft:dirt":5,"minecraft:mossy_cobblestone_slab":2,"minecraft:iron_door":1,"minecraft:iron_leggings":6,"minecraft:mossy_cobblestone_stairs":1,"artifacts:rooted_boots":1,"minecraft:string":17,"minecraft:bone":3,"minecraft:golden_chestplate":1,"minecraft:rotten_flesh":74,"minecraft:oak_planks":60,"minecraft:iron_boots":1,"minecraft:diamond_sword":6,"minecraft:tipped_arrow":1,"minecraft:diamond_chestplate":1,"minecraft:iron_chestplate":2,"minecraft:jungle_stairs":1,"minecraft:mossy_stone_bricks":1,"minecraft:chainmail_boots":1,"minecraft:leather_leggings":1,"minecraft:stone_pressure_plate":1,"minecraft:stone_bricks":2,"minecraft:iron_bars":7,"minecraft:bow":3,"minecraft:wooden_pickaxe":2},"minecraft:custom":{"minecraft:interact_with_anvil":9,"minecraft:mob_kills":107,"minecraft:interact_with_crafting_table":21,"minecraft:damage_dealt_resisted":102,"minecraft:leave_game":5,"minecraft:time_since_death":2112,"minecraft:climb_one_cm":12944,"minecraft:sprint_one_cm":1053314,"minecraft:walk_one_cm":478616,"minecraft:damage_blocked_by_shield":3015,"minecraft:drop":64,"minecraft:play_time":156538,"minecraft:sneak_time":1108,"minecraft:deaths":47,"minecraft:walk_under_water_one_cm":147,"minecraft:jump":1545,"minecraft:walk_on_water_one_cm":22377,"minecraft:total_world_time":156538,"minecraft:interact_with_furnace":9,"minecraft:sleep_in_bed":5,"minecraft:time_since_rest":2137,"minecraft:waystone_activated":1,"minecraft:damage_taken":24118,"minecraft:damage_absorbed":311,"minecraft:damage_dealt":20263,"minecraft:swim_one_cm":102,"minecraft:fly_one_cm":304575,"minecraft:open_chest":217,"minecraft:crouch_one_cm":1889,"minecraft:fall_one_cm":43870},"minecraft:killed":{"minecraft:cave_spider":2,"minecraft:spider":23,"minecraft:skeleton":14,"mowziesmobs:ferrous_wroughtnaut":1,"minecraft:chicken":3,"alexsmobs:kangaroo":4,"mowziesmobs:umvuthana_follower_raptor":2,"minecraft:creeper":2,"minecraft:sheep":1,"minecraft:zombie":35,"alexsmobs:gazelle":4,"minecraft:stray":6,"minecraft:wither_skeleton":2,"minecraft:cow":2},"minecraft:used":{"minecraft:iron_bars":2,"minecraft:chest":2,"minecraft:shield":33,"minecraft:stone":1,"minecraft:iron_sword":144,"minecraft:cooked_chicken":1,"minecraft:rotten_flesh":18,"minecraft:iron_chestplate":1,"minecraft:torch":170,"mowziesmobs:umvuthana_mask_bliss":1,"minecraft:anvil":1,"minecraft:jungle_planks":1,"minecraft:nether_bricks":1,"alexsmobs:cooked_kangaroo_meat":3,"minecraft:diamond_helmet":3,"mowziesmobs:wrought_helmet":1,"minecraft:wooden_axe":22,"minecraft:iron_axe":29,"minecraft:stone_bricks":1,"minecraft:cooked_beef":19,"minecraft:egg":1,"minecraft:potato":3,"minecraft:iron_leggings":1,"minecraft:mossy_stone_bricks":1,"minecraft:leather_leggings":1,"minecraft:stone_pickaxe":12,"minecraft:baked_potato":4,"minecraft:oak_planks":14,"minecraft:wooden_pickaxe":3,"minecraft:chainmail_helmet":3,"minecraft:diamond_axe":26,"minecraft:golden_apple":10,"minecraft:crafting_table":2,"waystones:waystone":1,"minecraft:diamond_pickaxe":44,"minecraft:apple":3,"minecraft:bread":9,"minecraft:iron_pickaxe":169,"minecraft:golden_leggings":1,"minecraft:stone_axe":22,"minecraft:diamond_sword":149,"minecraft:potion":1,"minecraft:chainmail_boots":1,"mowziesmobs:umvuthana_mask_fury":1,"minecraft:andesite":1,"minecraft:bucket":1,"minecraft:golden_pickaxe":16},"minecraft:crafted":{"minecraft:oak_planks":124,"minecraft:leather":3,"minecraft:iron_axe":1,"minecraft:stone_pickaxe":1,"minecraft:chest":2,"sophisticatedbackpacks:iron_backpack":1,"minecraft:crafting_table":2,"minecraft:wooden_pickaxe":1,"minecraft:iron_sword":1,"immersive_melodies:lute":1,"sophisticatedbackpacks:gold_backpack":1,"minecraft:bucket":1,"minecraft:stone_axe":1,"sophisticatedbackpacks:upgrade_base":1,"minecraft:air":0,"minecraft:jungle_planks":132,"minecraft:stick":84,"minecraft:iron_ingot":12,"minecraft:wooden_axe":1,"minecraft:iron_block":4,"minecraft:anvil":1,"minecraft:torch":128},"minecraft:picked_up":{"minecraft:wooden_axe":1,"sophisticatedbackpacks:gold_backpack":2,"minecraft:iron_chestplate":10,"minecraft:crafting_table":1,"minecraft:chainmail_boots":9,"minecraft:leather_leggings":4,"minecraft:wooden_pickaxe":2,"minecraft:diamond_sword":40,"farmersdelight:rice_panicle":4,"minecraft:potion":1,"minecraft:enchanted_book":7,"minecraft:golden_shovel":2,"minecraft:shield":8,"alexsmobs:gazelle_horn":5,"minecraft:string":96,"minecraft:iron_axe":2,"minecraft:iron_leggings":11,"minecraft:iron_shovel":5,"minecraft:cracked_stone_bricks":66,"minecraft:smooth_stone":4,"farmersdelight:cabbage":2,"minecraft:iron_pickaxe":11,"minecraft:iron_boots":1,"minecraft:tipped_arrow":4,"minecraft:golden_helmet":1,"minecraft:stick":171,"minecraft:raw_iron":3,"minecraft:stone":29,"minecraft:torch":21,"sophisticatedbackpacks:backpack":3,"minecraft:carrot":6,"minecraft:stone_pressure_plate":1,"minecraft:quartz_block":1,"minecraft:arrow":160,"minecraft:rotten_flesh":231,"minecraft:diamond_chestplate":3,"minecraft:jungle_stairs":1,"minecraft:nether_bricks":10,"alexsmobs:emu_egg":1,"mowziesmobs:umvuthana_mask_bliss":1,"minecraft:gold_ingot":122,"supplementaries:quiver":2,"supplementaries:ash":10,"endrem:rogue_eye":3,"minecraft:iron_bars":33,"minecraft:white_wool":1,"minecraft:cobblestone":196,"minecraft:birch_log":3,"mowziesmobs:umvuthana_mask_fury":1,"minecraft:mossy_cobblestone_slab":2,"minecraft:leather_chestplate":1,"minecraft:feather":8,"minecraft:cooked_beef":20,"minecraft:iron_door":1,"minecraft:andesite":6,"minecraft:water_bucket":3,"minecraft:jungle_log":33,"minecraft:leather":1,"minecraft:potato":52,"minecraft:oak_log":32,"minecraft:chainmail_chestplate":4,"alexsmobs:cooked_kangaroo_meat":17,"minecraft:gunpowder":4,"minecraft:lapis_lazuli":15,"minecraft:paper":12,"minecraft:dirt":21,"minecraft:name_tag":6,"minecraft:cooked_mutton":27,"minecraft:bone":50,"minecraft:apple":8,"minecraft:stone_bricks":6,"minecraft:bow":3,"minecraft:wheat_seeds":3,"minecraft:wild_armor_trim_smithing_template":6,"minecraft:iron_ingot":202,"minecraft:cooked_chicken":80,"minecraft:mossy_stone_bricks":6,"minecraft:diamond_helmet":3,"minecraft:glass_bottle":3,"minecraft:iron_sword":3,"minecraft:oak_planks":538,"minecraft:mossy_stone_brick_stairs":1,"minecraft:book":28,"minecraft:cooked_porkchop":7,"minecraft:pitcher_plant":4,"artifacts:rooted_boots":8,"minecraft:jungle_planks":127,"mowziesmobs:wrought_helmet":1,"minecraft:nether_brick_stairs":9,"minecraft:nether_brick_slab":2,"minecraft:spider_eye":7,"minecraft:mossy_cobblestone":8,"alexsmobs:kangaroo_hide":7,"minecraft:diamond_shovel":3,"minecraft:diamond":2,"waystones:waystone":1,"minecraft:iron_helmet":6,"minecraft:diamond_axe":12,"minecraft:golden_apple":38,"minecraft:mossy_cobblestone_stairs":1,"minecraft:chainmail_helmet":1,"minecraft:baked_potato":6,"minecraft:oak_sapling":2,"minecraft:coal":48,"minecraft:diamond_pickaxe":4,"minecraft:ender_pearl":41},"minecraft:killed_by":{"minecraft:player":2,"minecraft:stray":4,"minecraft:enderman":1,"mowziesmobs:ferrous_wroughtnaut":34,"minecraft:skeleton":1,"minecraft:zombie":5},"minecraft:mined":{"minecraft:stone_pressure_plate":1,"minecraft:mossy_cobblestone":6,"minecraft:jungle_leaves":2,"minecraft:granite":2,"minecraft:nether_bricks":8,"minecraft:grass_block":3,"minecraft:jungle_planks":3,"minecraft:jungle_log":33,"minecraft:coal_block":1,"minecraft:spawner":49,"minecraft:mossy_cobblestone_slab":2,"minecraft:mossy_cobblestone_stairs":5,"minecraft:iron_ore":3,"minecraft:andesite":7,"minecraft:nether_brick_stairs":8,"minecraft:mossy_stone_brick_stairs":3,"minecraft:bookshelf":6,"minecraft:vine":13,"minecraft:iron_bars":25,"farmersdelight:rice_panicles":1,"minecraft:stone":48,"minecraft:cake":1,"minecraft:quartz_block":1,"minecraft:crafting_table":1,"minecraft:torch":2,"minecraft:jungle_stairs":1,"minecraft:nether_brick_slab":2,"farmersdelight:cabbages":2,"minecraft:tall_grass":6,"minecraft:cobblestone":3,"minecraft:oak_planks":7,"minecraft:diorite":2,"minecraft:iron_door":2,"minecraft:stone_brick_stairs":1,"minecraft:grass":14,"minecraft:oak_log":32,"minecraft:coal_ore":3,"minecraft:pitcher_crop":1,"minecraft:dirt":2,"minecraft:cracked_stone_bricks":8,"minecraft:stone_bricks":10,"minecraft:netherrack":2,"minecraft:mossy_stone_bricks":8,"minecraft:oak_leaves":5}},"DataVersion":3465}