{"stats":{"minecraft:custom":{"minecraft:interact_with_crafting_table":60,"minecraft:open_barrel":33,"minecraft:eat_cake_slice":1,"minecraft:leave_game":17,"minecraft:time_since_death":4806,"minecraft:sprint_one_cm":2418423,"minecraft:damage_blocked_by_shield":7290,"minecraft:drop":113,"minecraft:play_time":441518,"minecraft:deaths":56,"minecraft:jump":7010,"minecraft:walk_on_water_one_cm":58216,"minecraft:interact_with_furnace":44,"minecraft:interact_with_cartography_table":2,"minecraft:interact_with_loom":12,"minecraft:sleep_in_bed":15,"minecraft:waystone_activated":5,"minecraft:damage_dealt":54122,"minecraft:player_kills":2,"minecraft:crouch_one_cm":27005,"minecraft:interact_with_anvil":17,"minecraft:mob_kills":301,"minecraft:damage_dealt_resisted":241,"minecraft:climb_one_cm":28652,"minecraft:walk_one_cm":1017094,"minecraft:sneak_time":12840,"minecraft:walk_under_water_one_cm":4053,"minecraft:boat_one_cm":27270,"minecraft:interact_with_blast_furnace":3,"minecraft:total_world_time":441518,"minecraft:interact_with_grindstone":1,"minecraft:time_since_rest":4833,"minecraft:damage_taken":32467,"minecraft:damage_absorbed":589,"minecraft:trigger_trapped_chest":1,"minecraft:swim_one_cm":9172,"minecraft:fly_one_cm":1249770,"minecraft:open_chest":425,"minecraft:fall_one_cm":197123},"minecraft:crafted":{"minecraft:oak_planks":244,"minecraft:dark_oak_boat":1,"supplementaries:soap":6,"minecraft:cooked_mutton":6,"minecraft:bow":1,"minecraft:chest":4,"sophisticatedbackpacks:backpack":1,"immersive_armors:bone_leggings":1,"minecraft:cooked_porkchop":17,"minecraft:crafting_table":11,"minecraft:wooden_pickaxe":5,"immersive_melodies:lute":1,"sophisticatedbackpacks:upgrade_base":1,"minecraft:diamond_pickaxe":1,"minecraft:stick":256,"minecraft:iron_pickaxe":3,"minecraft:iron_ingot":38,"minecraft:iron_block":7,"immersive_armors:bone_boots":1,"minecraft:iron_nugget":9,"minecraft:furnace":1,"minecraft:leather":10,"minecraft:iron_axe":1,"minecraft:stone_pickaxe":3,"minecraft:dark_oak_planks":172,"sophisticatedbackpacks:iron_backpack":2,"alexsmobs:cooked_kangaroo_meat":29,"minecraft:iron_sword":1,"sophisticatedbackpacks:gold_backpack":1,"minecraft:bucket":2,"minecraft:stone_axe":2,"minecraft:air":0,"minecraft:jungle_planks":240,"supplementaries:bubble_blower":3,"minecraft:wooden_axe":2,"minecraft:anvil":2,"minecraft:white_bed":1,"minecraft:acacia_planks":40,"minecraft:torch":472},"minecraft:killed":{"minecraft:cave_spider":3,"mowziesmobs:umvuthi":1,"minecraft:spider":30,"minecraft:skeleton":55,"alexsmobs:leafcutter_ant":1,"minecraft:chicken":10,"mowziesmobs:umvuthana_crane":12,"alexsmobs:kangaroo":23,"artifacts:mimic":2,"minecraft:pig":9,"minecraft:zombie_villager":2,"minecraft:creeper":13,"minecraft:sheep":10,"minecraft:zombie":84,"minecraft:stray":7,"minecraft:cow":2,"mowziesmobs:ferrous_wroughtnaut":1,"mowziesmobs:umvuthana":11,"mowziesmobs:umvuthana_follower_raptor":2,"alexsmobs:rhinoceros":1,"alexsmobs:emu":4,"alexsmobs:gazelle":6,"minecraft:wither_skeleton":4},"minecraft:used":{"minecraft:polished_granite_stairs":1,"minecraft:chest":3,"minecraft:shield":83,"minecraft:stone":4,"minecraft:iron_sword":543,"minecraft:rotten_flesh":18,"minecraft:iron_chestplate":2,"mowziesmobs:umvuthana_mask_bliss":1,"minecraft:mutton":4,"minecraft:nether_bricks":1,"minecraft:jungle_planks":58,"minecraft:carrot":6,"minecraft:acacia_sapling":2,"minecraft:tuff":6,"minecraft:lava_bucket":3,"minecraft:bricks":2,"minecraft:quartz_block":2,"minecraft:iron_helmet":1,"minecraft:stone_bricks":1,"minecraft:dark_oak_boat":1,"minecraft:oak_sapling":1,"minecraft:furnace":1,"minecraft:egg":2,"minecraft:potato":3,"minecraft:mossy_stone_bricks":9,"minecraft:leather_leggings":2,"minecraft:stone_pickaxe":134,"minecraft:oak_planks":66,"minecraft:wooden_pickaxe":123,"minecraft:chainmail_helmet":4,"minecraft:diamond_axe":26,"minecraft:golden_apple":19,"minecraft:glow_berries":4,"waystones:waystone":2,"minecraft:melon_slice":7,"minecraft:bread":12,"minecraft:diamond_sword":279,"minecraft:chainmail_boots":1,"minecraft:andesite":39,"minecraft:birch_log":1,"minecraft:golden_pickaxe":16,"minecraft:cobweb":3,"minecraft:oak_fence":1,"minecraft:iron_bars":2,"minecraft:cooked_chicken":1,"minecraft:torch":589,"minecraft:dirt":6,"minecraft:anvil":2,"minecraft:chainmail_chestplate":2,"alexsmobs:cooked_kangaroo_meat":32,"minecraft:diamond_helmet":3,"minecraft:granite":2,"mowziesmobs:wrought_helmet":1,"minecraft:wooden_axe":29,"minecraft:iron_axe":133,"alexscaves:spelunkery_table":1,"minecraft:cooked_beef":26,"minecraft:pumpkin":1,"minecraft:cobbled_deepslate":175,"minecraft:acacia_planks":25,"minecraft:iron_leggings":1,"minecraft:cooked_mutton":16,"minecraft:water_bucket":42,"minecraft:baked_potato":4,"minecraft:mossy_cobblestone":2,"minecraft:crafting_table":13,"supplementaries:bomb":2,"minecraft:white_bed":4,"minecraft:diamond_pickaxe":528,"minecraft:apple":6,"minecraft:chicken":2,"minecraft:iron_pickaxe":1210,"mowziesmobs:sol_visage":1,"minecraft:golden_leggings":1,"minecraft:stone_axe":53,"mowziesmobs:umvuthana_mask_fury":1,"minecraft:cobblestone":122,"minecraft:potion":1,"minecraft:porkchop":1,"minecraft:cooked_porkchop":13,"minecraft:bucket":47,"minecraft:yellow_bed":1,"minecraft:stripped_oak_log":1,"minecraft:candle":4,"alexsmobs:emu_egg":1},"minecraft:mined":{"minecraft:stone_pressure_plate":2,"minecraft:white_bed":3,"minecraft:jungle_leaves":4,"minecraft:cave_vines_plant":2,"minecraft:granite":22,"minecraft:acacia_log":10,"minecraft:grass_block":17,"minecraft:jungle_log":39,"minecraft:coal_block":1,"minecraft:spawner":67,"minecraft:mossy_cobblestone_slab":2,"minecraft:mossy_cobblestone_stairs":5,"minecraft:iron_ore":74,"minecraft:cobbled_deepslate":4,"minecraft:fire":2,"minecraft:pumpkin":1,"minecraft:deepslate_lapis_ore":14,"minecraft:nether_brick_stairs":10,"minecraft:cave_vines":5,"minecraft:iron_bars":29,"farmersdelight:rice_panicles":1,"minecraft:azalea":2,"minecraft:polished_granite_stairs":1,"minecraft:deepslate_redstone_ore":18,"minecraft:quartz_block":14,"minecraft:amethyst_cluster":12,"minecraft:clay":5,"minecraft:torch":12,"minecraft:jungle_stairs":1,"minecraft:blast_furnace":1,"minecraft:calcite":5,"minecraft:melon":2,"minecraft:nether_brick_slab":2,"farmersdelight:cabbages":2,"minecraft:cobblestone":4,"minecraft:sugar_cane":3,"minecraft:oak_planks":12,"minecraft:bricks":2,"minecraft:iron_door":2,"minecraft:wall_torch":14,"minecraft:amethyst_block":5,"minecraft:jungle_wood":9,"minecraft:wheat":1,"minecraft:stone_brick_stairs":1,"minecraft:tnt":1,"minecraft:grass":78,"minecraft:oak_log":62,"minecraft:dirt":35,"minecraft:smooth_basalt":4,"minecraft:netherrack":3,"minecraft:oak_leaves":40,"minecraft:deepslate":432,"alexscaves:spelunkery_table":1,"minecraft:tuff":71,"minecraft:mossy_cobblestone":13,"minecraft:deepslate_diamond_ore":17,"minecraft:candle":1,"minecraft:dark_oak_log":44,"minecraft:nether_bricks":10,"minecraft:jungle_planks":4,"minecraft:stripped_jungle_wood":12,"farmersdelight:tomatoes":2,"minecraft:moss_block":9,"minecraft:carrots":2,"minecraft:andesite":87,"minecraft:mossy_stone_brick_stairs":4,"minecraft:bookshelf":10,"minecraft:deepslate_iron_ore":39,"minecraft:vine":36,"minecraft:stripped_oak_log":3,"minecraft:bamboo":7,"minecraft:stone":629,"minecraft:cake":1,"minecraft:flowering_azalea":2,"minecraft:polished_granite":1,"minecraft:oak_fence":1,"minecraft:crafting_table":3,"minecraft:copper_ore":2,"minecraft:tall_grass":32,"minecraft:deepslate_gold_ore":17,"minecraft:diorite":32,"minecraft:torchflower":1,"minecraft:birch_leaves":1,"minecraft:yellow_bed":2,"minecraft:coal_ore":140,"minecraft:pitcher_crop":1,"minecraft:gravel":21,"minecraft:cobweb":51,"minecraft:cracked_stone_bricks":14,"minecraft:stone_bricks":14,"minecraft:mossy_stone_bricks":17,"minecraft:chipped_anvil":1,"minecraft:fern":4},"minecraft:picked_up":{"minecraft:wooden_axe":1,"minecraft:iron_chestplate":13,"minecraft:wheat":2,"minecraft:chainmail_boots":11,"minecraft:diamond_sword":42,"farmersdelight:rice_panicle":4,"alexscaves:cave_tablet":10,"immersive_armors:wither_boots":1,"minecraft:potion":1,"minecraft:enchanted_book":11,"minecraft:golden_shovel":2,"minecraft:amethyst_block":4,"alexsmobs:gazelle_horn":5,"minecraft:string":162,"minecraft:raw_copper":7,"minecraft:iron_leggings":15,"alexsmobs:emu_feather":2,"minecraft:cobbled_deepslate":442,"minecraft:smooth_stone":4,"minecraft:bucket":1,"farmersdelight:cabbage":2,"minecraft:calcite":5,"minecraft:azalea":1,"minecraft:iron_pickaxe":13,"minecraft:melon_slice":11,"minecraft:iron_boots":2,"minecraft:tipped_arrow":5,"minecraft:golden_helmet":1,"minecraft:stick":244,"mowziesmobs:sol_visage":1,"minecraft:oak_fence":4,"minecraft:torch":59,"minecraft:acacia_log":10,"minecraft:porkchop":19,"minecraft:diorite":38,"minecraft:quartz_block":10,"minecraft:rotten_flesh":277,"alexsmobs:emu_egg":2,"supplementaries:ash":15,"supplementaries:quiver":2,"artifacts:panic_necklace":1,"endrem:rogue_eye":3,"minecraft:iron_bars":37,"minecraft:cobblestone":808,"minecraft:birch_log":4,"minecraft:mossy_cobblestone_slab":2,"minecraft:leather_chestplate":2,"minecraft:feather":46,"minecraft:cooked_beef":20,"minecraft:iron_door":1,"minecraft:andesite":90,"minecraft:water_bucket":3,"minecraft:jungle_log":39,"minecraft:jungle_wood":9,"minecraft:potato":54,"minecraft:flint":2,"minecraft:tuff":75,"alexsmobs:cooked_kangaroo_meat":17,"minecraft:lapis_lazuli":147,"farmersdelight:tomato":6,"minecraft:dirt":65,"minecraft:polished_granite":1,"minecraft:name_tag":10,"minecraft:leather_boots":3,"minecraft:bone":100,"minecraft:chipped_anvil":2,"minecraft:acacia_planks":31,"minecraft:bow":7,"minecraft:wheat_seeds":32,"minecraft:raw_gold":32,"minecraft:mossy_stone_bricks":16,"minecraft:diamond_helmet":3,"minecraft:bamboo":47,"minecraft:moss_block":8,"minecraft:oak_planks":550,"minecraft:mossy_stone_brick_stairs":2,"minecraft:cooked_porkchop":21,"artifacts:rooted_boots":9,"minecraft:jungle_planks":150,"minecraft:nether_brick_stairs":11,"minecraft:dark_oak_log":43,"minecraft:barrel":3,"minecraft:mossy_cobblestone":30,"artifacts:plastic_drinking_hat":1,"alexsmobs:kangaroo_hide":24,"immersive_armors:bone_boots":1,"minecraft:diamond":27,"waystones:waystone":3,"minecraft:granite":16,"minecraft:golden_apple":38,"minecraft:chainmail_helmet":1,"minecraft:oak_sapling":10,"minecraft:netherrack":1,"minecraft:bricks":4,"minecraft:diamond_pickaxe":5,"sophisticatedbackpacks:gold_backpack":3,"minecraft:crafting_table":3,"minecraft:chicken":4,"minecraft:clay_ball":20,"minecraft:leather_leggings":5,"minecraft:wooden_pickaxe":2,"minecraft:shield":9,"immersive_armors:wither_helmet":1,"minecraft:iron_axe":3,"artifacts:power_glove":2,"minecraft:compass":1,"minecraft:iron_shovel":5,"minecraft:cracked_stone_bricks":70,"minecraft:candle":7,"minecraft:beef":1,"minecraft:sugar_cane":3,"minecraft:egg":1,"minecraft:dark_oak_sapling":3,"minecraft:raw_iron":142,"minecraft:stone":29,"sophisticatedbackpacks:backpack":4,"farmersdelight:tomato_seeds":4,"immersive_armors:wither_leggings":1,"minecraft:carrot":18,"minecraft:redstone":90,"minecraft:stone_pressure_plate":1,"mowziesmobs:umvuthana_mask_faith":4,"minecraft:polished_granite_stairs":1,"minecraft:arrow":240,"minecraft:diamond_chestplate":3,"minecraft:jungle_stairs":1,"minecraft:nether_bricks":12,"alexscaves:spelunkery_table":1,"mowziesmobs:umvuthana_mask_bliss":7,"minecraft:saddle":1,"minecraft:gold_ingot":122,"minecraft:brick_stairs":1,"minecraft:glow_berries":5,"minecraft:mutton":18,"alexsmobs:kangaroo_meat":29,"minecraft:white_wool":14,"minecraft:stripped_oak_log":1,"mowziesmobs:umvuthana_mask_fury":1,"minecraft:lime_bed":1,"immersive_armors:bone_leggings":1,"minecraft:glow_ink_sac":2,"minecraft:leather":3,"alexsmobs:acacia_blossom":1,"minecraft:torchflower":1,"minecraft:oak_log":76,"minecraft:chainmail_chestplate":4,"minecraft:yellow_bed":3,"minecraft:gunpowder":24,"mowziesmobs:wrought_axe":1,"minecraft:paper":38,"minecraft:cooked_mutton":31,"minecraft:apple":8,"minecraft:stone_bricks":8,"minecraft:wild_armor_trim_smithing_template":6,"minecraft:iron_ingot":211,"minecraft:stone_pickaxe":3,"minecraft:cooked_chicken":87,"minecraft:glass_bottle":3,"minecraft:flowering_azalea":2,"minecraft:iron_sword":5,"mowziesmobs:umvuthana_mask_misery":5,"minecraft:acacia_sapling":4,"minecraft:book":40,"minecraft:smooth_basalt":4,"minecraft:pitcher_plant":4,"minecraft:pumpkin":1,"minecraft:gravel":19,"immersive_armors:wither_chestplate":1,"minecraft:amethyst_shard":48,"mowziesmobs:wrought_helmet":1,"minecraft:blast_furnace":2,"minecraft:white_bed":3,"minecraft:nether_brick_slab":2,"minecraft:spider_eye":10,"minecraft:diamond_shovel":4,"minecraft:stone_axe":2,"minecraft:stripped_jungle_wood":12,"minecraft:iron_helmet":9,"minecraft:diamond_axe":13,"minecraft:mossy_cobblestone_stairs":3,"mowziesmobs:umvuthana_mask_fear":2,"minecraft:baked_potato":6,"minecraft:coal":244,"minecraft:ender_pearl":41},"minecraft:dropped":{"minecraft:nether_brick_stairs":4,"minecraft:glass_bottle":1,"minecraft:mossy_stone_brick_stairs":1,"minecraft:jungle_planks":1,"minecraft:cracked_stone_bricks":1,"farmersdelight:rice":4,"minecraft:dirt":15,"minecraft:iron_pickaxe":2,"minecraft:bone":9,"minecraft:golden_chestplate":1,"minecraft:cobbled_deepslate":7,"alexscaves:cave_tablet":10,"minecraft:rotten_flesh":77,"minecraft:oak_planks":64,"minecraft:cooked_mutton":4,"minecraft:tipped_arrow":1,"minecraft:jungle_stairs":1,"minecraft:leather_boots":2,"minecraft:acacia_sapling":1,"minecraft:chainmail_boots":1,"minecraft:leather_leggings":3,"minecraft:iron_bars":7,"minecraft:water_bucket":1,"minecraft:mossy_cobblestone":20,"minecraft:feather":2,"minecraft:oak_fence":3,"minecraft:iron_helmet":1,"minecraft:cobblestone":95,"minecraft:granite":6,"minecraft:golden_apple":4,"minecraft:mossy_cobblestone_slab":2,"minecraft:diorite":16,"minecraft:iron_door":1,"minecraft:iron_leggings":7,"minecraft:mossy_cobblestone_stairs":3,"artifacts:rooted_boots":1,"minecraft:paper":23,"minecraft:string":17,"minecraft:acacia_planks":31,"minecraft:iron_boots":1,"minecraft:diamond_sword":7,"minecraft:diamond_chestplate":1,"minecraft:iron_chestplate":3,"minecraft:andesite":23,"minecraft:mossy_stone_bricks":2,"minecraft:oak_sapling":7,"minecraft:stone_pressure_plate":1,"minecraft:stone_bricks":2,"minecraft:bow":4,"minecraft:stone_pickaxe":2,"minecraft:wooden_pickaxe":2,"waystones:waystone":1},"minecraft:broken":{"minecraft:shield":1,"minecraft:iron_pickaxe":4},"minecraft:killed_by":{"minecraft:creeper":3,"minecraft:zombie":5,"minecraft:player":2,"minecraft:stray":4,"minecraft:enderman":1,"mowziesmobs:ferrous_wroughtnaut":34,"minecraft:skeleton":5}},"DataVersion":3465}