{"stats":{"minecraft:custom":{"minecraft:interact_with_crafting_table":102,"minecraft:open_barrel":58,"minecraft:eat_cake_slice":1,"minecraft:leave_game":23,"minecraft:time_since_death":219075,"minecraft:sprint_one_cm":3641893,"minecraft:damage_blocked_by_shield":9797,"minecraft:drop":363,"minecraft:talked_to_villager":2,"minecraft:play_time":764601,"minecraft:deaths":62,"minecraft:jump":11764,"minecraft:walk_on_water_one_cm":132614,"minecraft:enchant_item":90,"minecraft:interact_with_furnace":141,"minecraft:interact_with_cartography_table":2,"minecraft:interact_with_loom":14,"minecraft:sleep_in_bed":21,"minecraft:waystone_activated":9,"minecraft:damage_dealt":133803,"minecraft:player_kills":7,"minecraft:crouch_one_cm":97373,"minecraft:interact_with_anvil":44,"minecraft:mob_kills":2341,"minecraft:damage_dealt_resisted":1199,"minecraft:climb_one_cm":43165,"minecraft:walk_one_cm":1754989,"minecraft:damage_dealt_absorbed":484,"minecraft:sneak_time":39558,"minecraft:walk_under_water_one_cm":22971,"minecraft:boat_one_cm":27270,"minecraft:interact_with_blast_furnace":5,"minecraft:total_world_time":764601,"minecraft:tune_noteblock":3,"minecraft:interact_with_grindstone":27,"minecraft:time_since_rest":2972,"minecraft:damage_taken":41921,"minecraft:damage_absorbed":1123,"minecraft:trigger_trapped_chest":1,"minecraft:swim_one_cm":93823,"minecraft:fly_one_cm":1951490,"minecraft:open_chest":824,"minecraft:fall_one_cm":335246},"minecraft:used":{"minecraft:polished_granite_stairs":1,"minecraft:shield":115,"minecraft:chest":28,"minecraft:stone":4,"minecraft:iron_sword":1098,"minecraft:rotten_flesh":18,"minecraft:iron_chestplate":2,"minecraft:mutton":4,"mowziesmobs:umvuthana_mask_bliss":1,"minecraft:nether_bricks":1,"minecraft:jungle_planks":58,"minecraft:carrot":6,"minecraft:acacia_sapling":2,"minecraft:tuff":28,"minecraft:obsidian":11,"farmersdelight:tomato":1,"minecraft:lava_bucket":3,"minecraft:bricks":2,"minecraft:quartz_block":2,"minecraft:iron_helmet":1,"minecraft:stone_bricks":18,"minecraft:item_frame":1,"supplementaries:bomb_blue":2,"minecraft:bow":69,"minecraft:dark_oak_boat":1,"minecraft:oak_sapling":6,"minecraft:furnace":1,"minecraft:egg":2,"minecraft:potato":107,"minecraft:mossy_stone_bricks":9,"minecraft:leather_leggings":3,"minecraft:oak_planks":100,"minecraft:stone_pickaxe":134,"minecraft:ender_pearl":3,"minecraft:wooden_pickaxe":165,"minecraft:chainmail_helmet":4,"minecraft:diamond_axe":196,"minecraft:glow_berries":4,"minecraft:golden_apple":34,"alexscaves:cave_book":2,"minecraft:mushroom_stew":2,"waystones:waystone":4,"easy_villagers:villager":1,"minecraft:melon_slice":7,"minecraft:bread":134,"minecraft:string":1,"nethersdelight:hoglin_sirloin":4,"minecraft:jungle_sign":3,"minecraft:diamond_sword":1077,"minecraft:chainmail_boots":2,"minecraft:andesite":47,"minecraft:birch_log":1,"minecraft:golden_pickaxe":16,"minecraft:bone_meal":179,"minecraft:cobweb":3,"minecraft:oak_fence":1,"minecraft:iron_bars":3,"minecraft:flint_and_steel":6,"minecraft:spruce_planks":20,"minecraft:cooked_chicken":1,"minecraft:netherrack":138,"minecraft:torch":668,"minecraft:dirt":9,"minecraft:anvil":4,"minecraft:chainmail_chestplate":2,"alexsmobs:cooked_kangaroo_meat":32,"minecraft:diamond_helmet":4,"minecraft:granite":2,"mowziesmobs:wrought_helmet":1,"minecraft:iron_hoe":63,"minecraft:dark_oak_planks":35,"minecraft:wooden_axe":29,"minecraft:bookshelf":4,"minecraft:iron_axe":188,"minecraft:iron_boots":1,"minecraft:crimson_planks":15,"minecraft:diamond_chestplate":1,"alexscaves:spelunkery_table":2,"minecraft:pumpkin":1,"minecraft:cooked_beef":26,"minecraft:cobbled_deepslate":390,"minecraft:acacia_planks":41,"minecraft:iron_leggings":1,"sophisticatedbackpacks:gold_backpack":1,"minecraft:calcite":7,"minecraft:cooked_mutton":20,"minecraft:water_bucket":75,"minecraft:birch_planks":28,"minecraft:baked_potato":15,"minecraft:mossy_cobblestone":2,"minecraft:crafting_table":16,"supplementaries:bomb":2,"minecraft:white_bed":5,"minecraft:oak_log":1,"minecraft:diamond_pickaxe":2515,"minecraft:apple":8,"minecraft:diamond_shovel":6,"minecraft:chicken":2,"minecraft:iron_pickaxe":1406,"mowziesmobs:sol_visage":1,"minecraft:golden_leggings":1,"minecraft:stone_axe":53,"minecraft:porkchop":1,"minecraft:cobblestone":274,"minecraft:cooked_porkchop":19,"mowziesmobs:umvuthana_mask_fury":1,"minecraft:potion":1,"minecraft:bucket":80,"minecraft:yellow_bed":1,"minecraft:stripped_oak_log":1,"minecraft:diamond_leggings":2,"minecraft:candle":4,"alexsmobs:emu_egg":2},"minecraft:killed_by":{"minecraft:creeper":3,"minecraft:zombie":6,"minecraft:player":3,"minecraft:stray":5,"minecraft:enderman":1,"mowziesmobs:ferrous_wroughtnaut":34,"minecraft:skeleton":8},"minecraft:mined":{"minecraft:stone_pressure_plate":2,"minecraft:white_bed":5,"sophisticatedbackpacks:gold_backpack":1,"minecraft:jungle_leaves":6,"minecraft:red_nether_bricks":3,"minecraft:obsidian":28,"minecraft:cave_vines_plant":2,"minecraft:granite":43,"minecraft:acacia_log":14,"minecraft:grass_block":27,"minecraft:jungle_log":42,"minecraft:coal_block":1,"minecraft:soul_soil":6,"minecraft:spawner":91,"minecraft:weeping_vines_plant":1,"minecraft:mossy_cobblestone_slab":2,"minecraft:mossy_cobblestone_stairs":5,"minecraft:iron_ore":92,"minecraft:fire":9,"minecraft:cobbled_deepslate":10,"minecraft:pumpkin":1,"minecraft:anvil":2,"minecraft:deepslate_lapis_ore":49,"minecraft:nether_brick_stairs":17,"minecraft:cave_vines":5,"minecraft:iron_bars":43,"farmersdelight:rice_panicles":1,"minecraft:azalea":2,"minecraft:polished_granite_stairs":1,"minecraft:deepslate_redstone_ore":20,"minecraft:quartz_block":14,"minecraft:cyan_terracotta":1,"minecraft:crimson_nylium":28,"minecraft:amethyst_cluster":12,"minecraft:clay":5,"minecraft:torch":13,"minecraft:jungle_stairs":1,"minecraft:blast_furnace":1,"minecraft:calcite":12,"minecraft:melon":2,"minecraft:chest":16,"minecraft:nether_brick_slab":3,"farmersdelight:cabbages":2,"minecraft:nether_quartz_ore":8,"minecraft:cobblestone":6,"minecraft:oak_planks":24,"minecraft:sugar_cane":3,"minecraft:bricks":6,"minecraft:iron_door":2,"minecraft:wall_torch":16,"minecraft:amethyst_block":5,"minecraft:jungle_wood":9,"minecraft:nether_wart_block":53,"minecraft:birch_log":7,"minecraft:wheat":1,"minecraft:tnt":1,"minecraft:stone_brick_stairs":1,"minecraft:grass":101,"minecraft:oak_log":126,"minecraft:dirt":42,"minecraft:crimson_planks":3,"minecraft:smooth_basalt":4,"minecraft:netherrack":1064,"minecraft:deepslate":737,"minecraft:oak_leaves":54,"minecraft:nether_gold_ore":13,"alexscaves:spelunkery_table":2,"minecraft:tuff":101,"minecraft:mossy_cobblestone":13,"minecraft:deepslate_diamond_ore":32,"minecraft:candle":1,"minecraft:dark_oak_log":44,"minecraft:nether_bricks":17,"minecraft:dark_oak_fence":1,"minecraft:spruce_fence":1,"minecraft:jungle_planks":4,"minecraft:stripped_jungle_wood":12,"farmersdelight:tomatoes":2,"minecraft:moss_block":14,"minecraft:cracked_nether_bricks":2,"minecraft:crimson_stem":11,"minecraft:hay_block":24,"minecraft:carrots":2,"minecraft:andesite":115,"minecraft:nether_brick_fence":2,"minecraft:mossy_stone_brick_stairs":4,"minecraft:bookshelf":42,"minecraft:potatoes":77,"minecraft:shroomlight":3,"minecraft:deepslate_iron_ore":56,"minecraft:vine":43,"minecraft:stripped_oak_log":6,"minecraft:bamboo":10,"minecraft:stone":926,"minecraft:cake":1,"minecraft:flowering_azalea":2,"minecraft:polished_granite":7,"minecraft:jungle_sign":1,"minecraft:oak_fence":1,"minecraft:crafting_table":3,"minecraft:copper_ore":2,"minecraft:tall_grass":38,"minecraft:lapis_ore":2,"minecraft:deepslate_gold_ore":54,"minecraft:diorite":42,"supplementaries:urn":3,"minecraft:spruce_stairs":1,"minecraft:black_stained_glass":1,"minecraft:spruce_log":5,"minecraft:torchflower":1,"minecraft:birch_leaves":3,"minecraft:yellow_bed":2,"supplementaries:stick_tomatoes":2,"minecraft:coal_ore":199,"minecraft:pitcher_crop":1,"minecraft:cobweb":55,"minecraft:gravel":26,"minecraft:cracked_stone_bricks":14,"minecraft:stone_bricks":17,"minecraft:mossy_stone_bricks":17,"minecraft:gold_ore":4,"minecraft:chipped_anvil":1,"minecraft:fern":6,"minecraft:dark_oak_planks":1},"minecraft:broken":{"minecraft:shield":1,"minecraft:iron_pickaxe":4,"minecraft:iron_helmet":1},"minecraft:crafted":{"minecraft:oak_planks":396,"minecraft:dark_oak_boat":1,"supplementaries:soap":6,"minecraft:nether_brick":49,"immersive_armors:wooden_chestplate":1,"minecraft:cooked_mutton":9,"minecraft:bow":1,"minecraft:iron_boots":1,"minecraft:raw_copper":27,"minecraft:chest":6,"immersive_armors:wooden_helmet":1,"immersive_armors:bone_chestplate":1,"sophisticatedbackpacks:backpack":1,"immersive_armors:bone_leggings":1,"minecraft:cooked_porkchop":17,"minecraft:diamond_axe":1,"minecraft:crafting_table":14,"minecraft:spruce_planks":20,"minecraft:wooden_pickaxe":6,"minecraft:baked_potato":281,"immersive_armors:wooden_leggings":1,"immersive_melodies:lute":1,"minecraft:birch_planks":28,"sophisticatedbackpacks:upgrade_base":1,"immersive_armors:wooden_boots":1,"minecraft:diamond_pickaxe":2,"minecraft:shield":1,"minecraft:stick":290,"minecraft:iron_ingot":38,"minecraft:iron_pickaxe":3,"minecraft:iron_block":7,"immersive_armors:bone_boots":1,"minecraft:jungle_sign":3,"minecraft:iron_nugget":9,"minecraft:furnace":1,"minecraft:bone_meal":384,"minecraft:flint_and_steel":2,"minecraft:leather":10,"minecraft:iron_axe":1,"minecraft:iron_hoe":2,"minecraft:stone_pickaxe":3,"minecraft:diamond_boots":1,"minecraft:dark_oak_planks":172,"alexsmobs:blood_sprayer":1,"minecraft:wheat":210,"sophisticatedbackpacks:iron_backpack":4,"minecraft:crimson_planks":12,"minecraft:diamond_sword":1,"alexsmobs:cooked_kangaroo_meat":29,"minecraft:iron_sword":1,"sophisticatedbackpacks:gold_backpack":4,"minecraft:bucket":2,"minecraft:stone_axe":2,"minecraft:bread":72,"minecraft:air":0,"minecraft:jungle_planks":252,"minecraft:golden_apple":5,"supplementaries:bubble_blower":3,"minecraft:wooden_axe":2,"minecraft:anvil":2,"minecraft:white_bed":1,"minecraft:torch":512,"minecraft:acacia_planks":56},"minecraft:picked_up":{"minecraft:wooden_axe":1,"minecraft:iron_chestplate":50,"minecraft:wheat":8,"minecraft:chainmail_boots":26,"minecraft:anvil":4,"supplementaries:bomb_blue":1,"minecraft:diamond_sword":43,"farmersdelight:rice_panicle":4,"alexscaves:cave_tablet":10,"immersive_armors:wither_boots":1,"minecraft:enchanted_book":11,"minecraft:potion":1,"minecraft:golden_shovel":4,"minecraft:crimson_planks":3,"minecraft:amethyst_block":4,"alexsmobs:gazelle_horn":5,"minecraft:string":263,"minecraft:soul_soil":5,"minecraft:raw_copper":7,"minecraft:red_nether_bricks":2,"minecraft:iron_leggings":45,"minecraft:diamond_leggings":4,"alexsmobs:blood_sac":4,"alexsmobs:emu_feather":4,"minecraft:smooth_stone":4,"minecraft:gold_nugget":103,"minecraft:cobbled_deepslate":765,"farmersdelight:cabbage":2,"minecraft:bucket":6,"minecraft:calcite":27,"minecraft:azalea":1,"nethersdelight:hoglin_sirloin":4,"minecraft:iron_pickaxe":22,"minecraft:melon_slice":11,"minecraft:iron_boots":24,"minecraft:golden_helmet":17,"minecraft:tipped_arrow":257,"minecraft:stick":273,"mowziesmobs:sol_visage":1,"minecraft:oak_fence":4,"minecraft:torch":69,"minecraft:acacia_log":14,"minecraft:spruce_stairs":1,"minecraft:porkchop":19,"minecraft:diorite":48,"minecraft:golden_chestplate":11,"alexsmobs:centipede_leg":3,"easy_villagers:villager":5,"minecraft:quartz_block":10,"minecraft:rotten_flesh":690,"minecraft:cyan_terracotta":1,"alexsmobs:emu_egg":3,"minecraft:bookshelf":8,"supplementaries:ash":28,"supplementaries:quiver":3,"artifacts:panic_necklace":1,"minecraft:blaze_rod":23,"endrem:rogue_eye":3,"minecraft:obsidian":23,"minecraft:iron_bars":64,"minecraft:cobblestone":1122,"minecraft:birch_log":11,"minecraft:mossy_cobblestone_slab":2,"minecraft:leather_chestplate":25,"minecraft:feather":47,"minecraft:cooked_beef":20,"minecraft:andesite":102,"minecraft:iron_door":1,"minecraft:water_bucket":3,"minecraft:jungle_log":42,"minecraft:golden_leggings":16,"minecraft:jungle_wood":9,"minecraft:potato":439,"alexscaves:cave_book":2,"minecraft:flint":4,"minecraft:tuff":105,"supplementaries:flax_seeds":6,"alexsmobs:cooked_kangaroo_meat":17,"minecraft:lapis_lazuli":681,"farmersdelight:tomato":8,"minecraft:dirt":75,"minecraft:polished_granite":3,"minecraft:name_tag":11,"minecraft:leather_boots":14,"minecraft:bone":1937,"minecraft:chipped_anvil":2,"minecraft:acacia_planks":31,"minecraft:bow":72,"minecraft:wheat_seeds":46,"minecraft:raw_gold":121,"minecraft:mossy_stone_bricks":16,"minecraft:diamond_helmet":19,"minecraft:bamboo":89,"minecraft:moss_block":12,"minecraft:oak_planks":650,"minecraft:mossy_stone_brick_stairs":2,"minecraft:cooked_porkchop":21,"artifacts:rooted_boots":14,"minecraft:jungle_planks":205,"minecraft:nether_brick_stairs":22,"sophisticatedbackpacks:iron_backpack":6,"minecraft:dark_oak_log":43,"minecraft:barrel":3,"minecraft:mossy_cobblestone":30,"artifacts:plastic_drinking_hat":6,"alexsmobs:kangaroo_hide":24,"immersive_armors:bone_boots":1,"minecraft:diamond":60,"waystones:waystone":6,"minecraft:granite":25,"minecraft:golden_apple":49,"minecraft:spruce_sign":1,"minecraft:bread":322,"minecraft:chainmail_helmet":10,"minecraft:oak_sapling":32,"minecraft:netherrack":822,"minecraft:dark_oak_fence":3,"minecraft:bricks":4,"minecraft:crimson_roots":2,"minecraft:diamond_pickaxe":5,"sophisticatedbackpacks:gold_backpack":5,"nethersdelight:hoglin_loin":5,"minecraft:crafting_table":3,"minecraft:chicken":4,"minecraft:ladder":1,"minecraft:clay_ball":20,"minecraft:golden_pickaxe":5,"minecraft:leather_leggings":33,"minecraft:wooden_pickaxe":2,"minecraft:shield":46,"immersive_armors:wither_helmet":1,"minecraft:iron_axe":11,"artifacts:power_glove":6,"minecraft:flint_and_steel":2,"minecraft:item_frame":2,"minecraft:compass":1,"minecraft:iron_shovel":15,"minecraft:cracked_stone_bricks":70,"minecraft:candle":7,"minecraft:beef":13,"alexsmobs:elastic_tendon":4,"minecraft:sugar_cane":6,"minecraft:chest":23,"minecraft:phantom_membrane":5,"minecraft:egg":1,"minecraft:dark_oak_sapling":3,"minecraft:raw_iron":213,"minecraft:stone":29,"minecraft:bowl":1,"sophisticatedbackpacks:backpack":4,"farmersdelight:tomato_seeds":6,"immersive_armors:wither_leggings":1,"minecraft:carrot":28,"minecraft:redstone":105,"minecraft:stone_pressure_plate":1,"minecraft:jungle_sign":2,"minecraft:dark_oak_planks":22,"mowziesmobs:umvuthana_mask_faith":4,"minecraft:polished_granite_stairs":1,"minecraft:arrow":1770,"minecraft:diamond_chestplate":8,"minecraft:jungle_stairs":1,"minecraft:nether_bricks":18,"minecraft:diamond_boots":1,"minecraft:hay_block":26,"alexscaves:spelunkery_table":2,"mowziesmobs:umvuthana_mask_bliss":7,"minecraft:saddle":1,"minecraft:gold_ingot":134,"sophisticatedbackpacks:copper_backpack":7,"minecraft:brick_stairs":1,"minecraft:glow_berries":5,"minecraft:mutton":18,"alexsmobs:kangaroo_meat":29,"minecraft:white_wool":14,"minecraft:rail":2,"minecraft:stripped_oak_log":4,"mowziesmobs:umvuthana_mask_fury":1,"minecraft:lime_bed":1,"immersive_armors:bone_leggings":1,"minecraft:jungle_boat":1,"minecraft:crimson_stem":3,"minecraft:glow_ink_sac":19,"minecraft:leather":4,"alexsmobs:acacia_blossom":1,"minecraft:torchflower":1,"minecraft:oak_log":139,"minecraft:chainmail_chestplate":9,"minecraft:golden_boots":30,"minecraft:yellow_bed":3,"minecraft:gunpowder":35,"mowziesmobs:wrought_axe":1,"alexsmobs:mosquito_proboscis":1,"minecraft:paper":38,"endrem:cryptic_eye":2,"minecraft:cooked_mutton":32,"minecraft:apple":29,"minecraft:stone_bricks":55,"minecraft:wild_armor_trim_smithing_template":6,"minecraft:rabbit_hide":4,"minecraft:iron_ingot":240,"artifacts:whoopee_cushion":1,"minecraft:stone_pickaxe":3,"minecraft:cooked_chicken":87,"minecraft:glass_bottle":3,"minecraft:acacia_sapling":4,"minecraft:iron_sword":19,"mowziesmobs:umvuthana_mask_misery":5,"minecraft:flowering_azalea":2,"minecraft:book":124,"minecraft:smooth_basalt":4,"minecraft:pitcher_plant":4,"minecraft:pumpkin":1,"minecraft:quartz":18,"minecraft:cracked_nether_bricks":1,"immersive_armors:slime_leggings":1,"minecraft:gravel":25,"immersive_armors:wither_chestplate":1,"minecraft:amethyst_shard":48,"mowziesmobs:wrought_helmet":1,"minecraft:blast_furnace":2,"minecraft:spruce_log":5,"minecraft:white_bed":5,"minecraft:nether_brick_slab":3,"minecraft:spider_eye":36,"minecraft:leather_helmet":7,"minecraft:diamond_shovel":8,"minecraft:stone_axe":2,"minecraft:chainmail_leggings":14,"minecraft:iron_helmet":40,"minecraft:stripped_jungle_wood":12,"minecraft:diamond_axe":13,"minecraft:mossy_cobblestone_stairs":3,"mowziesmobs:umvuthana_mask_fear":2,"minecraft:baked_potato":27,"minecraft:coal":836,"minecraft:ender_pearl":46},"minecraft:killed":{"minecraft:cave_spider":3,"mowziesmobs:umvuthi":1,"minecraft:spider":49,"alexsmobs:murmur":1,"minecraft:skeleton":775,"minecraft:bee":1,"alexsmobs:leafcutter_ant":1,"minecraft:chicken":10,"mowziesmobs:umvuthana_crane":12,"minecraft:silverfish":1,"alexsmobs:centipede_head":1,"minecraft:piglin_brute":1,"alexsmobs:kangaroo":23,"artifacts:mimic":2,"minecraft:magma_cube":1,"minecraft:piglin":3,"minecraft:pig":9,"minecraft:zombie_villager":3,"minecraft:creeper":18,"alexsmobs:crimson_mosquito":7,"minecraft:sheep":10,"minecraft:zombie":373,"minecraft:ghast":1,"minecraft:stray":380,"minecraft:glow_squid":1,"minecraft:blaze":14,"minecraft:cow":4,"alexsmobs:bone_serpent":3,"minecraft:phantom":2,"mowziesmobs:ferrous_wroughtnaut":1,"alexsmobs:underminer":1,"mowziesmobs:umvuthana":11,"minecraft:husk":5,"mowziesmobs:umvuthana_follower_raptor":2,"alexsmobs:rhinoceros":1,"minecraft:hoglin":3,"alexsmobs:emu":5,"alexsmobs:gazelle":6,"minecraft:wither_skeleton":450},"minecraft:dropped":{"minecraft:nether_brick_stairs":11,"sophisticatedbackpacks:iron_backpack":1,"minecraft:iron_sword":2,"minecraft:lapis_lazuli":128,"minecraft:golden_pickaxe":2,"minecraft:glass_bottle":1,"mowziesmobs:umvuthana_mask_faith":1,"minecraft:leather":1,"minecraft:cracked_stone_bricks":1,"minecraft:mossy_stone_brick_stairs":1,"minecraft:jungle_planks":1,"minecraft:leather_helmet":3,"farmersdelight:rice":4,"minecraft:item_frame":1,"sophisticatedbackpacks:gold_backpack":1,"minecraft:flint":5,"minecraft:cyan_terracotta":1,"minecraft:dirt":22,"minecraft:dark_oak_fence":2,"minecraft:gold_nugget":47,"minecraft:iron_pickaxe":5,"minecraft:dark_oak_planks":11,"minecraft:bone":184,"minecraft:gravel":3,"minecraft:golden_chestplate":4,"minecraft:cobbled_deepslate":39,"alexscaves:cave_tablet":10,"minecraft:wheat":5,"minecraft:obsidian":1,"minecraft:rotten_flesh":121,"minecraft:oak_planks":178,"minecraft:diamond_shovel":1,"minecraft:cooked_mutton":4,"minecraft:white_bed":1,"minecraft:chainmail_chestplate":2,"minecraft:rabbit_hide":5,"minecraft:leather_chestplate":4,"supplementaries:flax_seeds":6,"supplementaries:ash":7,"alexsmobs:blood_sac":2,"minecraft:tipped_arrow":74,"alexscaves:cave_book":2,"minecraft:jungle_stairs":1,"minecraft:chainmail_boots":5,"minecraft:leather_boots":6,"minecraft:acacia_sapling":1,"minecraft:leather_leggings":14,"minecraft:iron_bars":20,"minecraft:arrow":86,"minecraft:beef":12,"minecraft:quartz":18,"minecraft:polished_granite":2,"minecraft:water_bucket":1,"minecraft:enchanted_book":1,"minecraft:golden_boots":9,"minecraft:wheat_seeds":9,"minecraft:golden_helmet":2,"minecraft:mossy_cobblestone":20,"minecraft:bookshelf":2,"minecraft:book":16,"minecraft:iron_helmet":8,"minecraft:oak_fence":3,"minecraft:feather":3,"minecraft:cobblestone":181,"minecraft:granite":7,"endrem:cryptic_eye":2,"minecraft:chainmail_helmet":1,"minecraft:coal":71,"minecraft:golden_apple":4,"minecraft:stick":9,"minecraft:mossy_cobblestone_slab":2,"minecraft:diorite":21,"artifacts:plastic_drinking_hat":1,"minecraft:iron_door":1,"supplementaries:bomb_blue":1,"minecraft:diamond_helmet":5,"minecraft:iron_leggings":17,"minecraft:jungle_boat":1,"minecraft:mossy_cobblestone_stairs":3,"artifacts:rooted_boots":1,"minecraft:chainmail_leggings":2,"minecraft:iron_shovel":4,"minecraft:paper":23,"minecraft:string":53,"minecraft:bucket":1,"minecraft:acacia_planks":31,"minecraft:soul_soil":5,"minecraft:bowl":3,"minecraft:tuff":8,"minecraft:iron_boots":7,"minecraft:stripped_oak_log":3,"minecraft:nether_bricks":2,"minecraft:diamond_sword":7,"minecraft:shield":14,"minecraft:diamond_chestplate":1,"mowziesmobs:umvuthana_mask_misery":1,"minecraft:iron_chestplate":12,"minecraft:andesite":27,"minecraft:mossy_stone_bricks":2,"minecraft:golden_leggings":6,"minecraft:oak_sapling":24,"minecraft:stone_pressure_plate":1,"easy_villagers:villager":2,"minecraft:spider_eye":25,"minecraft:stone_bricks":48,"sophisticatedbackpacks:copper_backpack":4,"minecraft:bow":22,"minecraft:stone_pickaxe":2,"minecraft:wooden_pickaxe":2,"waystones:waystone":2,"minecraft:calcite":7}},"DataVersion":3465}