{"stats":{"minecraft:custom":{"minecraft:interact_with_crafting_table":84,"minecraft:open_barrel":58,"minecraft:eat_cake_slice":1,"minecraft:leave_game":20,"minecraft:time_since_death":92171,"minecraft:sprint_one_cm":3244494,"minecraft:damage_blocked_by_shield":9587,"minecraft:drop":264,"minecraft:play_time":637697,"minecraft:deaths":62,"minecraft:jump":10115,"minecraft:enchant_item":43,"minecraft:walk_on_water_one_cm":116918,"minecraft:interact_with_furnace":50,"minecraft:interact_with_cartography_table":2,"minecraft:interact_with_loom":13,"minecraft:sleep_in_bed":18,"minecraft:waystone_activated":7,"minecraft:damage_dealt":111707,"minecraft:player_kills":6,"minecraft:crouch_one_cm":63652,"minecraft:interact_with_anvil":34,"minecraft:mob_kills":1607,"minecraft:damage_dealt_resisted":810,"minecraft:climb_one_cm":42590,"minecraft:walk_one_cm":1416348,"minecraft:damage_dealt_absorbed":384,"minecraft:sneak_time":28983,"minecraft:walk_under_water_one_cm":15840,"minecraft:boat_one_cm":27270,"minecraft:interact_with_blast_furnace":5,"minecraft:total_world_time":637697,"minecraft:tune_noteblock":3,"minecraft:interact_with_grindstone":22,"minecraft:time_since_rest":92196,"minecraft:damage_taken":39261,"minecraft:damage_absorbed":766,"minecraft:trigger_trapped_chest":1,"minecraft:swim_one_cm":84094,"minecraft:fly_one_cm":1740656,"minecraft:open_chest":721,"minecraft:fall_one_cm":287665},"minecraft:killed":{"minecraft:cave_spider":3,"mowziesmobs:umvuthi":1,"minecraft:spider":41,"alexsmobs:murmur":1,"minecraft:skeleton":503,"alexsmobs:leafcutter_ant":1,"minecraft:chicken":10,"mowziesmobs:umvuthana_crane":12,"minecraft:silverfish":1,"alexsmobs:centipede_head":1,"minecraft:piglin_brute":1,"alexsmobs:kangaroo":23,"artifacts:mimic":2,"minecraft:pig":9,"minecraft:zombie_villager":3,"minecraft:creeper":18,"minecraft:sheep":10,"minecraft:zombie":264,"minecraft:stray":226,"minecraft:glow_squid":1,"minecraft:cow":4,"mowziesmobs:ferrous_wroughtnaut":1,"alexsmobs:underminer":1,"mowziesmobs:umvuthana":11,"minecraft:husk":5,"mowziesmobs:umvuthana_follower_raptor":2,"alexsmobs:rhinoceros":1,"alexsmobs:emu":5,"alexsmobs:gazelle":6,"minecraft:wither_skeleton":299},"minecraft:dropped":{"minecraft:nether_brick_stairs":9,"sophisticatedbackpacks:iron_backpack":1,"minecraft:iron_sword":2,"minecraft:golden_pickaxe":2,"minecraft:glass_bottle":1,"mowziesmobs:umvuthana_mask_faith":1,"minecraft:mossy_stone_brick_stairs":1,"minecraft:jungle_planks":1,"minecraft:cracked_stone_bricks":1,"minecraft:leather_helmet":3,"farmersdelight:rice":4,"minecraft:item_frame":1,"sophisticatedbackpacks:gold_backpack":1,"minecraft:cyan_terracotta":1,"minecraft:dirt":15,"minecraft:dark_oak_fence":1,"minecraft:iron_pickaxe":5,"minecraft:dark_oak_planks":11,"minecraft:bone":110,"minecraft:gravel":3,"minecraft:golden_chestplate":3,"minecraft:cobbled_deepslate":38,"alexscaves:cave_tablet":10,"minecraft:diamond_shovel":1,"minecraft:rotten_flesh":112,"minecraft:oak_planks":90,"minecraft:cooked_mutton":4,"minecraft:white_bed":1,"minecraft:chainmail_chestplate":2,"minecraft:rabbit_hide":5,"minecraft:leather_chestplate":4,"supplementaries:flax_seeds":6,"supplementaries:ash":5,"minecraft:tipped_arrow":10,"minecraft:jungle_stairs":1,"minecraft:leather_boots":3,"minecraft:acacia_sapling":1,"minecraft:chainmail_boots":5,"minecraft:leather_leggings":12,"minecraft:iron_bars":20,"minecraft:arrow":84,"minecraft:water_bucket":1,"minecraft:golden_boots":9,"minecraft:wheat_seeds":9,"minecraft:golden_helmet":1,"minecraft:mossy_cobblestone":20,"minecraft:bookshelf":2,"minecraft:feather":3,"minecraft:iron_helmet":6,"minecraft:oak_fence":3,"minecraft:cobblestone":181,"minecraft:book":16,"minecraft:granite":7,"minecraft:chainmail_helmet":1,"minecraft:coal":64,"minecraft:golden_apple":4,"minecraft:mossy_cobblestone_slab":2,"minecraft:diorite":21,"minecraft:iron_door":1,"minecraft:diamond_helmet":3,"minecraft:iron_leggings":14,"minecraft:iron_shovel":4,"minecraft:mossy_cobblestone_stairs":3,"artifacts:rooted_boots":1,"minecraft:chainmail_leggings":2,"minecraft:paper":23,"minecraft:string":39,"minecraft:acacia_planks":31,"minecraft:bowl":3,"minecraft:tuff":8,"minecraft:iron_boots":5,"minecraft:stripped_oak_log":3,"minecraft:nether_bricks":2,"minecraft:diamond_sword":7,"minecraft:shield":5,"minecraft:diamond_chestplate":1,"mowziesmobs:umvuthana_mask_misery":1,"minecraft:iron_chestplate":9,"minecraft:andesite":27,"minecraft:mossy_stone_bricks":2,"minecraft:golden_leggings":5,"minecraft:oak_sapling":7,"minecraft:stone_pressure_plate":1,"minecraft:stone_bricks":48,"sophisticatedbackpacks:copper_backpack":1,"minecraft:bow":18,"minecraft:stone_pickaxe":2,"minecraft:wooden_pickaxe":2,"waystones:waystone":1,"minecraft:calcite":7},"minecraft:killed_by":{"minecraft:creeper":3,"minecraft:zombie":6,"minecraft:player":3,"minecraft:stray":5,"minecraft:enderman":1,"mowziesmobs:ferrous_wroughtnaut":34,"minecraft:skeleton":8},"minecraft:mined":{"minecraft:stone_pressure_plate":2,"minecraft:white_bed":5,"minecraft:jungle_leaves":6,"minecraft:cave_vines_plant":2,"minecraft:granite":31,"minecraft:acacia_log":14,"minecraft:grass_block":18,"minecraft:jungle_log":42,"minecraft:coal_block":1,"minecraft:spawner":91,"minecraft:mossy_cobblestone_slab":2,"minecraft:mossy_cobblestone_stairs":5,"minecraft:iron_ore":92,"minecraft:cobbled_deepslate":4,"minecraft:fire":7,"minecraft:pumpkin":1,"minecraft:anvil":1,"minecraft:deepslate_lapis_ore":47,"minecraft:nether_brick_stairs":15,"minecraft:cave_vines":5,"minecraft:iron_bars":42,"farmersdelight:rice_panicles":1,"minecraft:azalea":2,"minecraft:polished_granite_stairs":1,"minecraft:deepslate_redstone_ore":20,"minecraft:quartz_block":14,"minecraft:cyan_terracotta":1,"minecraft:amethyst_cluster":12,"minecraft:clay":5,"minecraft:torch":12,"minecraft:jungle_stairs":1,"minecraft:blast_furnace":1,"minecraft:calcite":12,"minecraft:melon":2,"minecraft:nether_brick_slab":2,"farmersdelight:cabbages":2,"minecraft:cobblestone":6,"minecraft:oak_planks":16,"minecraft:sugar_cane":3,"minecraft:bricks":2,"minecraft:iron_door":2,"minecraft:wall_torch":14,"minecraft:amethyst_block":5,"minecraft:jungle_wood":9,"minecraft:wheat":1,"minecraft:tnt":1,"minecraft:stone_brick_stairs":1,"minecraft:grass":90,"minecraft:oak_log":74,"minecraft:dirt":37,"minecraft:smooth_basalt":4,"minecraft:netherrack":3,"minecraft:deepslate":603,"minecraft:oak_leaves":49,"alexscaves:spelunkery_table":2,"minecraft:tuff":97,"minecraft:mossy_cobblestone":13,"minecraft:deepslate_diamond_ore":28,"minecraft:candle":1,"minecraft:dark_oak_log":44,"minecraft:nether_bricks":12,"minecraft:dark_oak_fence":1,"minecraft:spruce_fence":1,"minecraft:jungle_planks":4,"minecraft:stripped_jungle_wood":12,"farmersdelight:tomatoes":2,"minecraft:moss_block":9,"minecraft:hay_block":24,"minecraft:carrots":2,"minecraft:andesite":100,"minecraft:mossy_stone_brick_stairs":4,"minecraft:bookshelf":42,"minecraft:deepslate_iron_ore":44,"minecraft:vine":43,"minecraft:stripped_oak_log":6,"minecraft:bamboo":10,"minecraft:stone":787,"minecraft:cake":1,"minecraft:flowering_azalea":2,"minecraft:polished_granite":1,"minecraft:jungle_sign":1,"minecraft:oak_fence":1,"minecraft:crafting_table":3,"minecraft:copper_ore":2,"minecraft:tall_grass":33,"minecraft:deepslate_gold_ore":46,"minecraft:diorite":39,"supplementaries:urn":3,"minecraft:spruce_stairs":1,"minecraft:black_stained_glass":1,"minecraft:torchflower":1,"minecraft:birch_leaves":2,"minecraft:yellow_bed":2,"supplementaries:stick_tomatoes":2,"minecraft:coal_ore":199,"minecraft:pitcher_crop":1,"minecraft:gravel":21,"minecraft:cobweb":55,"minecraft:cracked_stone_bricks":14,"minecraft:stone_bricks":17,"minecraft:gold_ore":4,"minecraft:mossy_stone_bricks":17,"minecraft:chipped_anvil":1,"minecraft:fern":6,"minecraft:dark_oak_planks":1},"minecraft:picked_up":{"minecraft:wooden_axe":1,"minecraft:iron_chestplate":31,"minecraft:wheat":8,"minecraft:chainmail_boots":23,"minecraft:anvil":3,"minecraft:diamond_sword":43,"farmersdelight:rice_panicle":4,"alexscaves:cave_tablet":10,"immersive_armors:wither_boots":1,"minecraft:potion":1,"minecraft:enchanted_book":11,"minecraft:golden_shovel":3,"minecraft:amethyst_block":4,"alexsmobs:gazelle_horn":5,"minecraft:string":210,"minecraft:raw_copper":7,"minecraft:iron_leggings":32,"alexsmobs:emu_feather":4,"minecraft:diamond_leggings":4,"minecraft:smooth_stone":4,"minecraft:cobbled_deepslate":623,"minecraft:bucket":6,"farmersdelight:cabbage":2,"minecraft:calcite":27,"minecraft:azalea":1,"minecraft:iron_pickaxe":22,"minecraft:melon_slice":11,"minecraft:iron_boots":14,"minecraft:tipped_arrow":66,"minecraft:golden_helmet":5,"minecraft:stick":264,"mowziesmobs:sol_visage":1,"minecraft:oak_fence":4,"minecraft:torch":66,"minecraft:acacia_log":14,"minecraft:spruce_stairs":1,"minecraft:porkchop":19,"minecraft:diorite":45,"alexsmobs:centipede_leg":3,"minecraft:golden_chestplate":5,"easy_villagers:villager":2,"minecraft:quartz_block":10,"minecraft:rotten_flesh":473,"minecraft:bookshelf":8,"minecraft:cyan_terracotta":1,"alexsmobs:emu_egg":3,"supplementaries:ash":26,"supplementaries:quiver":3,"artifacts:panic_necklace":1,"endrem:rogue_eye":3,"minecraft:iron_bars":63,"minecraft:cobblestone":1047,"minecraft:birch_log":4,"minecraft:mossy_cobblestone_slab":2,"minecraft:leather_chestplate":10,"minecraft:feather":47,"minecraft:cooked_beef":20,"minecraft:iron_door":1,"minecraft:jungle_log":42,"minecraft:water_bucket":3,"minecraft:andesite":102,"minecraft:golden_leggings":10,"minecraft:jungle_wood":9,"minecraft:potato":58,"minecraft:flint":2,"minecraft:tuff":101,"supplementaries:flax_seeds":6,"alexsmobs:cooked_kangaroo_meat":17,"minecraft:lapis_lazuli":491,"farmersdelight:tomato":8,"minecraft:dirt":68,"minecraft:polished_granite":1,"minecraft:name_tag":11,"minecraft:leather_boots":7,"minecraft:bone":1083,"minecraft:chipped_anvil":2,"minecraft:acacia_planks":31,"minecraft:bow":42,"minecraft:wheat_seeds":42,"minecraft:raw_gold":105,"minecraft:mossy_stone_bricks":16,"minecraft:diamond_helmet":12,"minecraft:bamboo":89,"minecraft:moss_block":8,"minecraft:oak_planks":642,"minecraft:mossy_stone_brick_stairs":2,"minecraft:cooked_porkchop":21,"artifacts:rooted_boots":14,"minecraft:jungle_planks":205,"minecraft:nether_brick_stairs":20,"sophisticatedbackpacks:iron_backpack":6,"minecraft:dark_oak_log":43,"minecraft:barrel":3,"minecraft:mossy_cobblestone":30,"artifacts:plastic_drinking_hat":6,"alexsmobs:kangaroo_hide":24,"immersive_armors:bone_boots":1,"minecraft:diamond":53,"waystones:waystone":3,"minecraft:granite":25,"minecraft:golden_apple":49,"minecraft:chainmail_helmet":5,"minecraft:spruce_sign":1,"minecraft:bread":322,"minecraft:oak_sapling":12,"minecraft:netherrack":1,"minecraft:dark_oak_fence":3,"minecraft:bricks":4,"minecraft:diamond_pickaxe":5,"sophisticatedbackpacks:gold_backpack":4,"minecraft:crafting_table":3,"minecraft:chicken":4,"minecraft:ladder":1,"minecraft:clay_ball":20,"minecraft:golden_pickaxe":4,"minecraft:leather_leggings":15,"minecraft:wooden_pickaxe":2,"minecraft:shield":31,"immersive_armors:wither_helmet":1,"minecraft:flint_and_steel":2,"minecraft:iron_axe":8,"artifacts:power_glove":6,"minecraft:item_frame":2,"minecraft:compass":1,"minecraft:iron_shovel":12,"minecraft:cracked_stone_bricks":70,"minecraft:candle":7,"minecraft:beef":4,"alexsmobs:elastic_tendon":4,"minecraft:sugar_cane":6,"minecraft:egg":1,"minecraft:dark_oak_sapling":3,"minecraft:raw_iron":187,"minecraft:stone":29,"minecraft:bowl":1,"sophisticatedbackpacks:backpack":4,"farmersdelight:tomato_seeds":6,"immersive_armors:wither_leggings":1,"minecraft:carrot":28,"minecraft:redstone":105,"minecraft:stone_pressure_plate":1,"minecraft:jungle_sign":2,"minecraft:dark_oak_planks":22,"mowziesmobs:umvuthana_mask_faith":4,"minecraft:polished_granite_stairs":1,"minecraft:arrow":989,"minecraft:diamond_chestplate":8,"minecraft:jungle_stairs":1,"minecraft:nether_bricks":14,"minecraft:diamond_boots":1,"minecraft:hay_block":26,"alexscaves:spelunkery_table":2,"mowziesmobs:umvuthana_mask_bliss":7,"sophisticatedbackpacks:copper_backpack":3,"minecraft:saddle":1,"minecraft:gold_ingot":134,"minecraft:brick_stairs":1,"minecraft:glow_berries":5,"minecraft:mutton":18,"minecraft:rail":1,"alexsmobs:kangaroo_meat":29,"minecraft:white_wool":14,"minecraft:stripped_oak_log":4,"mowziesmobs:umvuthana_mask_fury":1,"minecraft:lime_bed":1,"immersive_armors:bone_leggings":1,"minecraft:glow_ink_sac":19,"minecraft:leather":3,"alexsmobs:acacia_blossom":1,"minecraft:torchflower":1,"minecraft:oak_log":87,"minecraft:chainmail_chestplate":8,"minecraft:golden_boots":18,"minecraft:yellow_bed":3,"minecraft:gunpowder":35,"mowziesmobs:wrought_axe":1,"minecraft:paper":38,"minecraft:cooked_mutton":32,"minecraft:apple":29,"minecraft:stone_bricks":55,"minecraft:wild_armor_trim_smithing_template":6,"minecraft:rabbit_hide":4,"minecraft:iron_ingot":237,"minecraft:stone_pickaxe":3,"minecraft:cooked_chicken":87,"minecraft:glass_bottle":3,"minecraft:iron_sword":14,"mowziesmobs:umvuthana_mask_misery":5,"minecraft:flowering_azalea":2,"minecraft:acacia_sapling":4,"minecraft:book":124,"minecraft:smooth_basalt":4,"minecraft:pitcher_plant":4,"minecraft:pumpkin":1,"immersive_armors:slime_leggings":1,"minecraft:gravel":25,"immersive_armors:wither_chestplate":1,"minecraft:amethyst_shard":48,"mowziesmobs:wrought_helmet":1,"minecraft:blast_furnace":2,"minecraft:white_bed":5,"minecraft:nether_brick_slab":2,"minecraft:leather_helmet":5,"minecraft:spider_eye":18,"minecraft:diamond_shovel":8,"minecraft:chainmail_leggings":3,"minecraft:stone_axe":2,"minecraft:iron_helmet":26,"minecraft:stripped_jungle_wood":12,"minecraft:diamond_axe":13,"minecraft:mossy_cobblestone_stairs":3,"mowziesmobs:umvuthana_mask_fear":2,"minecraft:baked_potato":26,"minecraft:coal":492,"minecraft:ender_pearl":46},"minecraft:crafted":{"minecraft:oak_planks":284,"minecraft:dark_oak_boat":1,"supplementaries:soap":6,"minecraft:cooked_mutton":9,"minecraft:raw_copper":27,"minecraft:bow":1,"minecraft:iron_boots":1,"minecraft:chest":5,"immersive_armors:bone_chestplate":1,"sophisticatedbackpacks:backpack":1,"immersive_armors:bone_leggings":1,"minecraft:cooked_porkchop":17,"minecraft:crafting_table":14,"minecraft:wooden_pickaxe":6,"immersive_melodies:lute":1,"sophisticatedbackpacks:upgrade_base":1,"minecraft:diamond_pickaxe":2,"minecraft:stick":284,"minecraft:iron_pickaxe":3,"minecraft:iron_ingot":38,"minecraft:iron_block":7,"immersive_armors:bone_boots":1,"minecraft:jungle_sign":3,"minecraft:iron_nugget":9,"minecraft:furnace":1,"minecraft:leather":10,"minecraft:iron_axe":1,"minecraft:iron_hoe":1,"minecraft:stone_pickaxe":3,"minecraft:diamond_boots":1,"minecraft:dark_oak_planks":172,"minecraft:wheat":210,"sophisticatedbackpacks:iron_backpack":3,"minecraft:diamond_sword":1,"alexsmobs:cooked_kangaroo_meat":29,"minecraft:iron_sword":1,"sophisticatedbackpacks:gold_backpack":3,"minecraft:bucket":2,"minecraft:stone_axe":2,"minecraft:bread":72,"minecraft:air":0,"minecraft:jungle_planks":252,"supplementaries:bubble_blower":3,"minecraft:wooden_axe":2,"minecraft:anvil":2,"minecraft:white_bed":1,"minecraft:acacia_planks":56,"minecraft:torch":472},"minecraft:broken":{"minecraft:shield":1,"minecraft:iron_pickaxe":4,"minecraft:iron_helmet":1},"minecraft:used":{"minecraft:polished_granite_stairs":1,"minecraft:chest":4,"minecraft:shield":109,"minecraft:stone":4,"minecraft:iron_sword":1098,"minecraft:rotten_flesh":18,"minecraft:iron_chestplate":2,"mowziesmobs:umvuthana_mask_bliss":1,"minecraft:mutton":4,"minecraft:nether_bricks":1,"minecraft:jungle_planks":58,"minecraft:carrot":6,"minecraft:acacia_sapling":2,"minecraft:tuff":24,"minecraft:lava_bucket":3,"minecraft:bricks":2,"minecraft:quartz_block":2,"minecraft:iron_helmet":1,"minecraft:stone_bricks":18,"minecraft:item_frame":1,"minecraft:bow":21,"minecraft:dark_oak_boat":1,"minecraft:oak_sapling":3,"minecraft:furnace":1,"minecraft:egg":2,"minecraft:potato":3,"minecraft:mossy_stone_bricks":9,"minecraft:leather_leggings":3,"minecraft:stone_pickaxe":134,"minecraft:oak_planks":84,"minecraft:ender_pearl":3,"minecraft:wooden_pickaxe":165,"minecraft:chainmail_helmet":4,"minecraft:diamond_axe":26,"minecraft:golden_apple":24,"minecraft:glow_berries":4,"minecraft:mushroom_stew":2,"waystones:waystone":2,"minecraft:melon_slice":7,"minecraft:bread":112,"minecraft:string":1,"minecraft:jungle_sign":3,"minecraft:diamond_sword":687,"minecraft:chainmail_boots":2,"minecraft:andesite":47,"minecraft:birch_log":1,"minecraft:golden_pickaxe":16,"minecraft:cobweb":3,"minecraft:oak_fence":1,"minecraft:iron_bars":2,"minecraft:flint_and_steel":5,"minecraft:cooked_chicken":1,"minecraft:torch":649,"minecraft:dirt":9,"minecraft:anvil":3,"minecraft:chainmail_chestplate":2,"alexsmobs:cooked_kangaroo_meat":32,"minecraft:diamond_helmet":4,"minecraft:granite":2,"mowziesmobs:wrought_helmet":1,"minecraft:iron_hoe":27,"minecraft:dark_oak_planks":35,"minecraft:wooden_axe":29,"minecraft:bookshelf":4,"minecraft:iron_axe":188,"minecraft:iron_boots":1,"minecraft:diamond_chestplate":1,"alexscaves:spelunkery_table":1,"minecraft:cooked_beef":26,"minecraft:pumpkin":1,"minecraft:cobbled_deepslate":306,"minecraft:acacia_planks":41,"minecraft:iron_leggings":1,"minecraft:calcite":7,"minecraft:cooked_mutton":19,"minecraft:water_bucket":71,"minecraft:baked_potato":4,"minecraft:mossy_cobblestone":2,"minecraft:crafting_table":16,"supplementaries:bomb":2,"minecraft:white_bed":5,"minecraft:oak_log":1,"minecraft:diamond_pickaxe":904,"minecraft:apple":8,"minecraft:diamond_shovel":6,"minecraft:chicken":2,"minecraft:iron_pickaxe":1406,"mowziesmobs:sol_visage":1,"minecraft:golden_leggings":1,"minecraft:stone_axe":53,"mowziesmobs:umvuthana_mask_fury":1,"minecraft:porkchop":1,"minecraft:cobblestone":222,"minecraft:potion":1,"minecraft:cooked_porkchop":16,"minecraft:bucket":77,"minecraft:yellow_bed":1,"minecraft:stripped_oak_log":1,"minecraft:diamond_leggings":2,"minecraft:candle":4,"alexsmobs:emu_egg":2}},"DataVersion":3465}