{"stats":{"minecraft:killed":{"minecraft:cave_spider":2,"minecraft:spider":21,"minecraft:skeleton":5,"minecraft:zombie":26,"minecraft:stray":6,"minecraft:wither_skeleton":2},"minecraft:killed_by":{"minecraft:player":1,"minecraft:stray":4,"minecraft:skeleton":1,"minecraft:zombie":5},"minecraft:mined":{"minecraft:stone_pressure_plate":1,"minecraft:mossy_cobblestone":6,"minecraft:jungle_leaves":2,"minecraft:nether_bricks":8,"minecraft:jungle_planks":1,"minecraft:jungle_log":33,"minecraft:coal_block":1,"minecraft:spawner":45,"minecraft:mossy_cobblestone_slab":2,"minecraft:mossy_cobblestone_stairs":5,"minecraft:iron_ore":3,"minecraft:andesite":7,"minecraft:nether_brick_stairs":8,"minecraft:mossy_stone_brick_stairs":3,"minecraft:bookshelf":6,"minecraft:vine":13,"minecraft:iron_bars":23,"farmersdelight:rice_panicles":1,"minecraft:stone":37,"minecraft:cake":1,"minecraft:quartz_block":1,"minecraft:crafting_table":1,"minecraft:torch":2,"minecraft:nether_brick_slab":2,"farmersdelight:cabbages":2,"minecraft:cobblestone":3,"minecraft:oak_planks":7,"minecraft:diorite":2,"minecraft:iron_door":2,"minecraft:oak_log":20,"minecraft:coal_ore":1,"minecraft:pitcher_crop":1,"minecraft:cracked_stone_bricks":7,"minecraft:stone_bricks":8,"minecraft:netherrack":2,"minecraft:mossy_stone_bricks":7},"minecraft:custom":{"minecraft:mob_kills":62,"minecraft:interact_with_crafting_table":11,"minecraft:damage_dealt_resisted":51,"minecraft:leave_game":2,"minecraft:time_since_death":25820,"minecraft:climb_one_cm":10400,"minecraft:sprint_one_cm":617413,"minecraft:walk_one_cm":245196,"minecraft:damage_blocked_by_shield":2145,"minecraft:drop":31,"minecraft:play_time":83854,"minecraft:deaths":11,"minecraft:sneak_time":766,"minecraft:walk_under_water_one_cm":147,"minecraft:jump":672,"minecraft:walk_on_water_one_cm":22377,"minecraft:total_world_time":83854,"minecraft:interact_with_furnace":5,"minecraft:sleep_in_bed":2,"minecraft:time_since_rest":25866,"minecraft:damage_taken":5561,"minecraft:damage_absorbed":311,"minecraft:damage_dealt":10905,"minecraft:swim_one_cm":102,"minecraft:fly_one_cm":88951,"minecraft:open_chest":166,"minecraft:crouch_one_cm":1564,"minecraft:fall_one_cm":21336},"minecraft:crafted":{"minecraft:oak_planks":76,"minecraft:iron_axe":1,"minecraft:stone_pickaxe":1,"minecraft:chest":2,"minecraft:crafting_table":1,"minecraft:wooden_pickaxe":1,"minecraft:iron_sword":1,"minecraft:stone_axe":1,"minecraft:air":0,"minecraft:jungle_planks":132,"minecraft:stick":84,"minecraft:iron_ingot":3,"minecraft:wooden_axe":1,"minecraft:torch":128},"minecraft:picked_up":{"minecraft:wooden_axe":1,"minecraft:iron_chestplate":7,"minecraft:crafting_table":1,"minecraft:chainmail_boots":4,"minecraft:leather_leggings":2,"farmersdelight:rice_panicle":4,"minecraft:enchanted_book":6,"minecraft:potion":1,"minecraft:golden_shovel":2,"minecraft:shield":5,"minecraft:string":87,"minecraft:iron_axe":2,"minecraft:iron_leggings":6,"minecraft:iron_shovel":4,"minecraft:cracked_stone_bricks":65,"farmersdelight:cabbage":2,"minecraft:iron_pickaxe":10,"minecraft:iron_boots":1,"minecraft:tipped_arrow":4,"minecraft:golden_helmet":1,"minecraft:raw_iron":3,"minecraft:stick":7,"minecraft:stone":29,"minecraft:torch":12,"sophisticatedbackpacks:backpack":2,"minecraft:carrot":6,"minecraft:stone_pressure_plate":1,"minecraft:quartz_block":1,"minecraft:diamond_chestplate":1,"minecraft:arrow":48,"minecraft:rotten_flesh":152,"minecraft:nether_bricks":7,"minecraft:gold_ingot":122,"endrem:rogue_eye":3,"minecraft:iron_bars":24,"minecraft:cobblestone":81,"minecraft:mossy_cobblestone_slab":2,"minecraft:leather_chestplate":1,"minecraft:cooked_beef":15,"minecraft:iron_door":1,"minecraft:jungle_log":33,"minecraft:andesite":6,"minecraft:potato":39,"minecraft:oak_log":19,"minecraft:chainmail_chestplate":4,"minecraft:paper":12,"minecraft:name_tag":6,"minecraft:bone":21,"minecraft:apple":2,"minecraft:stone_bricks":4,"minecraft:wild_armor_trim_smithing_template":6,"minecraft:iron_ingot":202,"minecraft:mossy_stone_bricks":3,"minecraft:glass_bottle":3,"minecraft:oak_planks":315,"minecraft:iron_sword":2,"minecraft:mossy_stone_brick_stairs":1,"minecraft:book":18,"minecraft:pitcher_plant":4,"artifacts:rooted_boots":6,"minecraft:jungle_planks":125,"minecraft:nether_brick_stairs":8,"minecraft:nether_brick_slab":2,"minecraft:spider_eye":5,"minecraft:mossy_cobblestone":8,"minecraft:diamond":2,"minecraft:iron_helmet":6,"minecraft:diamond_axe":3,"minecraft:golden_apple":5,"minecraft:mossy_cobblestone_stairs":1,"minecraft:chainmail_helmet":1,"minecraft:baked_potato":4,"minecraft:coal":12,"minecraft:ender_pearl":6},"minecraft:dropped":{"minecraft:nether_brick_stairs":4,"minecraft:mossy_cobblestone":2,"minecraft:glass_bottle":1,"minecraft:iron_helmet":1,"minecraft:mossy_stone_brick_stairs":1,"minecraft:mossy_cobblestone_slab":2,"minecraft:iron_door":1,"minecraft:iron_leggings":3,"minecraft:mossy_cobblestone_stairs":1,"minecraft:bone":3,"minecraft:golden_chestplate":1,"minecraft:rotten_flesh":10,"minecraft:iron_boots":1,"minecraft:tipped_arrow":1,"minecraft:iron_chestplate":2,"minecraft:mossy_stone_bricks":1,"minecraft:stone_pressure_plate":1,"minecraft:iron_bars":7},"minecraft:used":{"minecraft:iron_bars":2,"minecraft:chest":2,"minecraft:shield":24,"minecraft:stone":1,"minecraft:iron_sword":144,"minecraft:rotten_flesh":18,"minecraft:iron_chestplate":1,"minecraft:torch":154,"minecraft:nether_bricks":1,"minecraft:wooden_axe":22,"minecraft:iron_axe":29,"minecraft:stone_bricks":1,"minecraft:egg":1,"minecraft:cooked_beef":12,"minecraft:potato":3,"minecraft:iron_leggings":1,"minecraft:leather_leggings":1,"minecraft:stone_pickaxe":12,"minecraft:baked_potato":2,"minecraft:oak_planks":14,"minecraft:wooden_pickaxe":3,"minecraft:chainmail_helmet":3,"minecraft:diamond_axe":9,"minecraft:golden_apple":9,"minecraft:crafting_table":1,"minecraft:diamond_pickaxe":14,"minecraft:apple":1,"minecraft:bread":9,"minecraft:iron_pickaxe":169,"minecraft:golden_leggings":1,"minecraft:stone_axe":22,"minecraft:diamond_sword":22,"minecraft:potion":1,"minecraft:chainmail_boots":1,"minecraft:andesite":1,"minecraft:golden_pickaxe":16}},"DataVersion":3465}