{"stats":{"minecraft:custom":{"minecraft:interact_with_crafting_table":40,"minecraft:open_barrel":31,"minecraft:eat_cake_slice":1,"minecraft:leave_game":17,"minecraft:time_since_death":124352,"minecraft:sprint_one_cm":2140157,"minecraft:damage_blocked_by_shield":4860,"minecraft:drop":105,"minecraft:play_time":368591,"minecraft:deaths":55,"minecraft:jump":5035,"minecraft:walk_on_water_one_cm":50019,"minecraft:interact_with_furnace":27,"minecraft:interact_with_cartography_table":2,"minecraft:sleep_in_bed":14,"minecraft:waystone_activated":4,"minecraft:damage_dealt":38676,"minecraft:player_kills":1,"minecraft:crouch_one_cm":23980,"minecraft:mob_kills":210,"minecraft:interact_with_anvil":11,"minecraft:damage_dealt_resisted":119,"minecraft:climb_one_cm":27665,"minecraft:walk_one_cm":894607,"minecraft:sneak_time":11246,"minecraft:walk_under_water_one_cm":3822,"minecraft:interact_with_blast_furnace":3,"minecraft:total_world_time":368591,"minecraft:interact_with_grindstone":1,"minecraft:time_since_rest":0,"minecraft:damage_taken":29501,"minecraft:damage_absorbed":510,"minecraft:trigger_trapped_chest":1,"minecraft:swim_one_cm":2049,"minecraft:fly_one_cm":923583,"minecraft:open_chest":409,"minecraft:fall_one_cm":133825},"minecraft:killed":{"minecraft:cave_spider":3,"mowziesmobs:umvuthi":1,"minecraft:spider":28,"minecraft:skeleton":35,"alexsmobs:leafcutter_ant":1,"minecraft:chicken":8,"mowziesmobs:umvuthana_crane":4,"alexsmobs:kangaroo":23,"artifacts:mimic":2,"minecraft:zombie_villager":1,"minecraft:creeper":8,"minecraft:sheep":6,"minecraft:zombie":58,"minecraft:stray":7,"minecraft:cow":2,"mowziesmobs:ferrous_wroughtnaut":1,"mowziesmobs:umvuthana":2,"mowziesmobs:umvuthana_follower_raptor":2,"alexsmobs:emu":1,"alexsmobs:gazelle":5,"minecraft:wither_skeleton":4},"minecraft:dropped":{"minecraft:nether_brick_stairs":4,"minecraft:glass_bottle":1,"minecraft:mossy_stone_brick_stairs":1,"minecraft:jungle_planks":1,"minecraft:cracked_stone_bricks":1,"minecraft:dirt":15,"minecraft:iron_pickaxe":1,"minecraft:bone":8,"minecraft:golden_chestplate":1,"minecraft:cobbled_deepslate":7,"minecraft:rotten_flesh":77,"minecraft:oak_planks":64,"minecraft:cooked_mutton":4,"minecraft:tipped_arrow":1,"minecraft:jungle_stairs":1,"minecraft:leather_boots":2,"minecraft:acacia_sapling":1,"minecraft:chainmail_boots":1,"minecraft:leather_leggings":3,"minecraft:iron_bars":7,"minecraft:water_bucket":1,"minecraft:mossy_cobblestone":20,"minecraft:iron_helmet":1,"minecraft:feather":2,"minecraft:cobblestone":95,"minecraft:granite":6,"minecraft:golden_apple":4,"minecraft:mossy_cobblestone_slab":2,"minecraft:diorite":16,"minecraft:iron_door":1,"minecraft:iron_leggings":7,"minecraft:mossy_cobblestone_stairs":3,"artifacts:rooted_boots":1,"minecraft:string":17,"minecraft:acacia_planks":31,"minecraft:iron_boots":1,"minecraft:diamond_sword":7,"minecraft:diamond_chestplate":1,"minecraft:iron_chestplate":3,"minecraft:andesite":23,"minecraft:mossy_stone_bricks":2,"minecraft:oak_sapling":7,"minecraft:stone_pressure_plate":1,"minecraft:stone_bricks":2,"minecraft:bow":4,"minecraft:wooden_pickaxe":2,"waystones:waystone":1},"minecraft:killed_by":{"minecraft:creeper":3,"minecraft:zombie":5,"minecraft:player":2,"minecraft:stray":4,"minecraft:enderman":1,"mowziesmobs:ferrous_wroughtnaut":34,"minecraft:skeleton":4},"minecraft:mined":{"minecraft:stone_pressure_plate":2,"minecraft:white_bed":2,"minecraft:jungle_leaves":4,"minecraft:cave_vines_plant":2,"minecraft:granite":22,"minecraft:acacia_log":10,"minecraft:grass_block":15,"minecraft:jungle_log":39,"minecraft:coal_block":1,"minecraft:spawner":67,"minecraft:mossy_cobblestone_slab":2,"minecraft:mossy_cobblestone_stairs":5,"minecraft:iron_ore":42,"minecraft:cobbled_deepslate":4,"minecraft:fire":2,"minecraft:pumpkin":1,"minecraft:deepslate_lapis_ore":14,"minecraft:nether_brick_stairs":10,"minecraft:cave_vines":5,"minecraft:iron_bars":29,"farmersdelight:rice_panicles":1,"minecraft:azalea":2,"minecraft:polished_granite_stairs":1,"minecraft:deepslate_redstone_ore":18,"minecraft:quartz_block":14,"minecraft:amethyst_cluster":12,"minecraft:clay":5,"minecraft:torch":11,"minecraft:jungle_stairs":1,"minecraft:blast_furnace":1,"minecraft:calcite":5,"minecraft:melon":2,"minecraft:nether_brick_slab":2,"farmersdelight:cabbages":2,"minecraft:cobblestone":4,"minecraft:sugar_cane":3,"minecraft:oak_planks":12,"minecraft:bricks":2,"minecraft:iron_door":2,"minecraft:wall_torch":13,"minecraft:amethyst_block":5,"minecraft:jungle_wood":9,"minecraft:wheat":1,"minecraft:tnt":1,"minecraft:stone_brick_stairs":1,"minecraft:grass":53,"minecraft:oak_log":62,"minecraft:dirt":24,"minecraft:smooth_basalt":4,"minecraft:netherrack":3,"minecraft:oak_leaves":27,"minecraft:deepslate":416,"minecraft:tuff":70,"minecraft:mossy_cobblestone":13,"minecraft:deepslate_diamond_ore":15,"minecraft:nether_bricks":10,"minecraft:jungle_planks":4,"minecraft:stripped_jungle_wood":12,"farmersdelight:tomatoes":2,"minecraft:moss_block":9,"minecraft:carrots":2,"minecraft:andesite":82,"minecraft:mossy_stone_brick_stairs":4,"minecraft:bookshelf":8,"minecraft:deepslate_iron_ore":36,"minecraft:vine":36,"minecraft:stone":512,"minecraft:cake":1,"minecraft:flowering_azalea":2,"minecraft:polished_granite":1,"minecraft:oak_fence":1,"minecraft:crafting_table":3,"minecraft:tall_grass":26,"minecraft:copper_ore":2,"minecraft:deepslate_gold_ore":17,"minecraft:diorite":32,"minecraft:torchflower":1,"minecraft:yellow_bed":2,"minecraft:coal_ore":137,"minecraft:pitcher_crop":1,"minecraft:gravel":13,"minecraft:cobweb":43,"minecraft:cracked_stone_bricks":14,"minecraft:stone_bricks":14,"minecraft:mossy_stone_bricks":17,"minecraft:chipped_anvil":1,"minecraft:fern":4},"minecraft:picked_up":{"minecraft:wooden_axe":1,"minecraft:iron_chestplate":12,"minecraft:wheat":2,"minecraft:chainmail_boots":10,"minecraft:diamond_sword":42,"farmersdelight:rice_panicle":4,"immersive_armors:wither_boots":1,"minecraft:potion":1,"minecraft:enchanted_book":11,"minecraft:golden_shovel":2,"minecraft:amethyst_block":4,"alexsmobs:gazelle_horn":5,"minecraft:string":150,"minecraft:raw_copper":7,"minecraft:iron_leggings":14,"alexsmobs:emu_feather":1,"minecraft:cobbled_deepslate":417,"minecraft:smooth_stone":4,"farmersdelight:cabbage":2,"minecraft:calcite":5,"minecraft:azalea":1,"minecraft:iron_pickaxe":12,"minecraft:melon_slice":11,"minecraft:iron_boots":2,"minecraft:tipped_arrow":5,"minecraft:golden_helmet":1,"minecraft:stick":211,"mowziesmobs:sol_visage":1,"minecraft:oak_fence":4,"minecraft:torch":55,"minecraft:acacia_log":10,"minecraft:diorite":36,"minecraft:quartz_block":10,"minecraft:rotten_flesh":255,"alexsmobs:emu_egg":1,"supplementaries:ash":11,"supplementaries:quiver":2,"artifacts:panic_necklace":1,"endrem:rogue_eye":3,"minecraft:iron_bars":37,"minecraft:cobblestone":670,"minecraft:birch_log":4,"minecraft:leather_chestplate":2,"minecraft:mossy_cobblestone_slab":2,"minecraft:feather":31,"minecraft:cooked_beef":20,"minecraft:iron_door":1,"minecraft:andesite":80,"minecraft:water_bucket":3,"minecraft:jungle_log":39,"minecraft:jungle_wood":9,"minecraft:potato":54,"minecraft:flint":2,"minecraft:tuff":74,"alexsmobs:cooked_kangaroo_meat":17,"minecraft:lapis_lazuli":147,"farmersdelight:tomato":6,"minecraft:dirt":57,"minecraft:polished_granite":1,"minecraft:name_tag":10,"minecraft:leather_boots":3,"minecraft:bone":79,"minecraft:chipped_anvil":2,"minecraft:acacia_planks":31,"minecraft:bow":5,"minecraft:wheat_seeds":16,"minecraft:raw_gold":32,"minecraft:diamond_helmet":3,"minecraft:mossy_stone_bricks":16,"minecraft:moss_block":8,"minecraft:oak_planks":550,"minecraft:mossy_stone_brick_stairs":2,"minecraft:cooked_porkchop":7,"artifacts:rooted_boots":9,"minecraft:jungle_planks":150,"minecraft:nether_brick_stairs":11,"minecraft:barrel":3,"minecraft:mossy_cobblestone":30,"alexsmobs:kangaroo_hide":24,"minecraft:diamond":25,"waystones:waystone":3,"minecraft:granite":16,"minecraft:golden_apple":38,"minecraft:chainmail_helmet":1,"minecraft:oak_sapling":10,"minecraft:netherrack":1,"minecraft:bricks":4,"minecraft:diamond_pickaxe":5,"sophisticatedbackpacks:gold_backpack":3,"minecraft:crafting_table":3,"minecraft:chicken":2,"minecraft:clay_ball":20,"minecraft:leather_leggings":5,"minecraft:wooden_pickaxe":2,"minecraft:shield":8,"immersive_armors:wither_helmet":1,"minecraft:iron_axe":2,"artifacts:power_glove":1,"minecraft:compass":1,"minecraft:iron_shovel":5,"minecraft:cracked_stone_bricks":70,"minecraft:candle":4,"minecraft:beef":1,"minecraft:sugar_cane":3,"minecraft:egg":1,"minecraft:raw_iron":107,"minecraft:stone":29,"sophisticatedbackpacks:backpack":4,"farmersdelight:tomato_seeds":4,"immersive_armors:wither_leggings":1,"minecraft:carrot":18,"minecraft:redstone":90,"minecraft:stone_pressure_plate":1,"mowziesmobs:umvuthana_mask_faith":3,"minecraft:polished_granite_stairs":1,"minecraft:arrow":192,"minecraft:diamond_chestplate":3,"minecraft:jungle_stairs":1,"minecraft:nether_bricks":12,"mowziesmobs:umvuthana_mask_bliss":2,"minecraft:saddle":1,"minecraft:gold_ingot":122,"minecraft:brick_stairs":1,"minecraft:glow_berries":5,"minecraft:mutton":8,"alexsmobs:kangaroo_meat":29,"minecraft:white_wool":6,"mowziesmobs:umvuthana_mask_fury":1,"minecraft:lime_bed":1,"minecraft:leather":3,"alexsmobs:acacia_blossom":1,"minecraft:torchflower":1,"minecraft:oak_log":76,"minecraft:chainmail_chestplate":4,"minecraft:yellow_bed":3,"minecraft:gunpowder":20,"mowziesmobs:wrought_axe":1,"minecraft:paper":15,"minecraft:cooked_mutton":31,"minecraft:apple":8,"minecraft:stone_bricks":8,"minecraft:wild_armor_trim_smithing_template":6,"minecraft:iron_ingot":211,"minecraft:stone_pickaxe":1,"minecraft:cooked_chicken":87,"minecraft:glass_bottle":3,"minecraft:acacia_sapling":4,"minecraft:flowering_azalea":2,"minecraft:iron_sword":4,"mowziesmobs:umvuthana_mask_misery":1,"minecraft:book":34,"minecraft:smooth_basalt":4,"minecraft:pitcher_plant":4,"minecraft:pumpkin":1,"minecraft:gravel":11,"immersive_armors:wither_chestplate":1,"minecraft:amethyst_shard":48,"mowziesmobs:wrought_helmet":1,"minecraft:blast_furnace":2,"minecraft:white_bed":2,"minecraft:nether_brick_slab":2,"minecraft:spider_eye":10,"minecraft:diamond_shovel":3,"minecraft:stone_axe":2,"minecraft:stripped_jungle_wood":12,"minecraft:iron_helmet":8,"minecraft:diamond_axe":13,"minecraft:mossy_cobblestone_stairs":3,"mowziesmobs:umvuthana_mask_fear":2,"minecraft:baked_potato":6,"minecraft:coal":241,"minecraft:ender_pearl":41},"minecraft:crafted":{"minecraft:oak_planks":244,"minecraft:cooked_mutton":6,"minecraft:chest":3,"sophisticatedbackpacks:backpack":1,"minecraft:crafting_table":8,"minecraft:wooden_pickaxe":5,"immersive_melodies:lute":1,"sophisticatedbackpacks:upgrade_base":1,"minecraft:stick":208,"minecraft:iron_pickaxe":2,"minecraft:iron_ingot":38,"minecraft:iron_block":4,"minecraft:leather":10,"minecraft:iron_axe":1,"minecraft:stone_pickaxe":3,"sophisticatedbackpacks:iron_backpack":2,"alexsmobs:cooked_kangaroo_meat":29,"minecraft:iron_sword":1,"sophisticatedbackpacks:gold_backpack":1,"minecraft:bucket":2,"minecraft:stone_axe":2,"minecraft:air":0,"minecraft:jungle_planks":240,"minecraft:wooden_axe":2,"minecraft:anvil":1,"minecraft:white_bed":1,"minecraft:acacia_planks":40,"minecraft:torch":368},"minecraft:broken":{"minecraft:iron_pickaxe":3},"minecraft:used":{"minecraft:polished_granite_stairs":1,"minecraft:chest":2,"minecraft:shield":60,"minecraft:stone":4,"minecraft:iron_sword":314,"minecraft:rotten_flesh":18,"minecraft:iron_chestplate":2,"mowziesmobs:umvuthana_mask_bliss":1,"minecraft:nether_bricks":1,"minecraft:jungle_planks":58,"minecraft:carrot":6,"minecraft:acacia_sapling":2,"minecraft:tuff":6,"minecraft:lava_bucket":3,"minecraft:bricks":2,"minecraft:quartz_block":2,"minecraft:iron_helmet":1,"minecraft:stone_bricks":1,"minecraft:oak_sapling":1,"minecraft:egg":2,"minecraft:potato":3,"minecraft:mossy_stone_bricks":9,"minecraft:leather_leggings":2,"minecraft:stone_pickaxe":134,"minecraft:oak_planks":66,"minecraft:wooden_pickaxe":123,"minecraft:chainmail_helmet":4,"minecraft:diamond_axe":26,"minecraft:golden_apple":17,"minecraft:glow_berries":4,"waystones:waystone":2,"minecraft:melon_slice":7,"minecraft:bread":9,"minecraft:diamond_sword":279,"minecraft:chainmail_boots":1,"minecraft:andesite":15,"minecraft:birch_log":1,"minecraft:golden_pickaxe":16,"minecraft:cobweb":3,"minecraft:oak_fence":1,"minecraft:iron_bars":2,"minecraft:cooked_chicken":1,"minecraft:torch":463,"minecraft:dirt":6,"minecraft:anvil":1,"minecraft:chainmail_chestplate":2,"alexsmobs:cooked_kangaroo_meat":15,"minecraft:diamond_helmet":3,"mowziesmobs:wrought_helmet":1,"minecraft:wooden_axe":29,"minecraft:iron_axe":80,"minecraft:cooked_beef":26,"minecraft:pumpkin":1,"minecraft:cobbled_deepslate":169,"minecraft:acacia_planks":9,"minecraft:iron_leggings":1,"minecraft:cooked_mutton":16,"minecraft:water_bucket":42,"minecraft:baked_potato":4,"minecraft:mossy_cobblestone":2,"minecraft:crafting_table":10,"supplementaries:bomb":2,"minecraft:white_bed":3,"minecraft:diamond_pickaxe":528,"minecraft:apple":6,"minecraft:iron_pickaxe":1026,"mowziesmobs:sol_visage":1,"minecraft:golden_leggings":1,"minecraft:stone_axe":53,"minecraft:cobblestone":34,"minecraft:potion":1,"mowziesmobs:umvuthana_mask_fury":1,"minecraft:cooked_porkchop":2,"minecraft:bucket":47,"minecraft:yellow_bed":1,"minecraft:candle":4}},"DataVersion":3465}