{"stats":{"minecraft:dropped":{"sophisticatedbackpacks:iron_backpack":1,"minecraft:iron_sword":2,"minecraft:lapis_lazuli":256,"minecraft:glass_bottle":2,"minecraft:diamond":9,"immersive_melodies:lute":2,"minecraft:mossy_stone_brick_stairs":1,"minecraft:cracked_stone_bricks":1,"minecraft:leather_helmet":10,"minecraft:item_frame":1,"sophisticatedbackpacks:gold_backpack":3,"minecraft:dirt":25,"minecraft:dark_oak_fence":2,"mowziesmobs:umvuthana_mask_bliss":1,"minecraft:jungle_sapling":69,"minecraft:gold_nugget":47,"minecraft:iron_pickaxe":5,"minecraft:dark_oak_planks":11,"alexsmobs:raccoon_tail":2,"minecraft:bone":505,"minecraft:golden_chestplate":5,"minecraft:cobbled_deepslate":40,"alexscaves:cave_tablet":10,"minecraft:wheat":5,"minecraft:obsidian":1,"minecraft:rotten_flesh":224,"minecraft:oak_planks":178,"minecraft:glowstone_dust":2,"minecraft:white_bed":5,"minecraft:salmon":16,"supplementaries:flax_seeds":8,"alexsmobs:blood_sac":2,"minecraft:tipped_arrow":89,"alexscaves:cave_book":2,"minecraft:brick_stairs":1,"minecraft:jungle_stairs":1,"minecraft:jungle_log":2,"minecraft:leather_boots":8,"minecraft:acacia_sapling":1,"minecraft:ladder":1,"minecraft:leather_leggings":15,"alexsmobs:blood_sprayer":1,"minecraft:beef":15,"minecraft:egg":1,"farmersdelight:tomato_seeds":11,"minecraft:enchanted_book":1,"minecraft:golden_boots":9,"minecraft:wheat_seeds":12,"minecraft:book":55,"minecraft:cobblestone":184,"minecraft:feather":8,"minecraft:oak_fence":3,"minecraft:iron_helmet":13,"minecraft:apple":3,"minecraft:granite":7,"minecraft:chainmail_helmet":1,"minecraft:coal":214,"minecraft:golden_apple":6,"minecraft:ink_sac":2,"artifacts:plastic_drinking_hat":2,"minecraft:diamond_helmet":6,"minecraft:jungle_boat":1,"minecraft:mossy_cobblestone_stairs":3,"minecraft:chainmail_leggings":3,"minecraft:iron_shovel":5,"minecraft:paper":23,"minecraft:string":55,"minecraft:acacia_planks":31,"minecraft:soul_soil":5,"minecraft:cocoa_beans":27,"minecraft:bowl":3,"minecraft:iron_boots":8,"minecraft:nether_bricks":2,"minecraft:diamond_sword":7,"minecraft:potato":10,"easy_villagers:villager":2,"minecraft:stone_pressure_plate":1,"minecraft:spider_eye":36,"minecraft:stone_bricks":48,"minecraft:sandstone":5,"sophisticatedbackpacks:copper_backpack":4,"minecraft:bow":23,"waystones:waystone":2,"farmersdelight:tomato":1,"minecraft:nether_brick_stairs":11,"minecraft:oak_log":6,"minecraft:baked_potato":1,"minecraft:golden_pickaxe":2,"mowziesmobs:umvuthana_mask_faith":1,"minecraft:leather":1,"minecraft:jungle_planks":385,"farmersdelight:rice":4,"minecraft:flint":5,"minecraft:cyan_terracotta":1,"minecraft:gravel":3,"minecraft:beetroot":1,"minecraft:diamond_shovel":6,"minecraft:cooked_mutton":4,"minecraft:carrot":1,"waystones:warp_stone":1,"minecraft:chainmail_chestplate":2,"minecraft:rabbit_hide":5,"minecraft:leather_chestplate":4,"supplementaries:ash":10,"alexsmobs:elastic_tendon":2,"minecraft:gunpowder":2,"minecraft:beetroot_seeds":7,"minecraft:chainmail_boots":5,"immersive_melodies:didgeridoo":1,"minecraft:iron_bars":20,"minecraft:arrow":373,"minecraft:quartz":18,"minecraft:polished_granite":2,"mowziesmobs:umvuthana_mask_fury":1,"minecraft:water_bucket":1,"minecraft:golden_helmet":2,"minecraft:mossy_cobblestone":20,"minecraft:bookshelf":2,"endrem:cryptic_eye":2,"minecraft:grass_block":1,"minecraft:stick":16,"minecraft:mossy_cobblestone_slab":2,"minecraft:diorite":21,"minecraft:iron_door":1,"supplementaries:bomb_blue":1,"minecraft:iron_leggings":18,"minecraft:iron_axe":1,"artifacts:rooted_boots":1,"minecraft:bucket":1,"minecraft:tuff":8,"minecraft:raw_iron":64,"minecraft:stripped_oak_log":3,"minecraft:flint_and_steel":1,"minecraft:shield":17,"minecraft:diamond_chestplate":1,"mowziesmobs:umvuthana_mask_misery":1,"minecraft:iron_chestplate":16,"minecraft:andesite":27,"minecraft:mossy_stone_bricks":2,"minecraft:golden_leggings":7,"minecraft:oak_sapling":46,"supplementaries:bubble_blower":1,"minecraft:stone_pickaxe":2,"minecraft:wooden_pickaxe":2,"minecraft:raw_gold":64,"minecraft:calcite":12},"minecraft:picked_up":{"minecraft:wooden_axe":1,"minecraft:iron_chestplate":60,"waystones:warp_stone":1,"minecraft:chainmail_boots":27,"minecraft:anvil":4,"minecraft:diamond_sword":47,"farmersdelight:rice_panicle":4,"minecraft:enchanted_book":14,"minecraft:golden_shovel":4,"minecraft:amethyst_block":9,"alexsmobs:blood_sprayer":1,"minecraft:string":293,"minecraft:soul_soil":5,"minecraft:red_nether_bricks":2,"minecraft:beetroot":2,"alexsmobs:emu_feather":4,"minecraft:diamond_leggings":7,"minecraft:gold_nugget":103,"minecraft:cobbled_deepslate":803,"minecraft:melon_slice":11,"minecraft:golden_helmet":18,"minecraft:acacia_log":23,"alexsmobs:centipede_leg":3,"minecraft:golden_chestplate":15,"easy_villagers:villager":5,"minecraft:cyan_terracotta":1,"minecraft:bookshelf":8,"supplementaries:quiver":4,"supplementaries:ash":31,"endrem:rogue_eye":3,"minecraft:blaze_rod":23,"minecraft:iron_bars":64,"minecraft:birch_log":11,"minecraft:mossy_cobblestone_slab":2,"minecraft:feather":52,"minecraft:cooked_beef":20,"minecraft:iron_door":1,"minecraft:water_bucket":3,"minecraft:jungle_log":1369,"minecraft:acacia_leaves":2,"minecraft:jungle_wood":9,"minecraft:flint":4,"alexsmobs:cooked_kangaroo_meat":17,"farmersdelight:tomato":9,"minecraft:chipped_anvil":2,"minecraft:diamond_helmet":25,"minecraft:glowstone_dust":2,"minecraft:moss_block":12,"sophisticatedbackpacks:iron_backpack":6,"minecraft:ink_sac":2,"minecraft:barrel":3,"minecraft:dark_oak_log":43,"alexsmobs:kangaroo_hide":24,"immersive_armors:bone_boots":1,"supplementaries:bubble_blower":1,"minecraft:granite":25,"minecraft:chainmail_helmet":11,"minecraft:bread":322,"minecraft:dark_oak_fence":3,"minecraft:bricks":4,"minecraft:crimson_roots":2,"minecraft:diamond_pickaxe":8,"sophisticatedbackpacks:gold_backpack":14,"minecraft:crafting_table":3,"minecraft:clay_ball":20,"minecraft:leather_leggings":38,"minecraft:golden_pickaxe":5,"immersive_armors:wither_helmet":1,"artifacts:power_glove":6,"minecraft:flint_and_steel":5,"minecraft:compass":1,"minecraft:iron_shovel":20,"minecraft:cracked_stone_bricks":70,"minecraft:beef":16,"immersive_armors:wooden_leggings":2,"minecraft:jungle_sapling":69,"minecraft:poppy":2,"minecraft:chest":23,"minecraft:egg":3,"minecraft:sandstone":5,"minecraft:stone":29,"sophisticatedbackpacks:backpack":4,"farmersdelight:tomato_seeds":17,"immersive_armors:wither_leggings":1,"minecraft:carrot":31,"minecraft:redstone":105,"minecraft:jungle_sign":2,"mowziesmobs:umvuthana_mask_faith":4,"minecraft:polished_granite_stairs":1,"immersive_armors:wooden_helmet":2,"minecraft:diamond_chestplate":10,"minecraft:beetroot_seeds":7,"minecraft:diamond_boots":3,"minecraft:hay_block":26,"mowziesmobs:umvuthana_mask_bliss":8,"minecraft:gold_ingot":134,"sophisticatedbackpacks:copper_backpack":8,"minecraft:glow_berries":5,"minecraft:mutton":25,"minecraft:white_wool":14,"alexsmobs:kangaroo_meat":29,"minecraft:rail":2,"minecraft:stripped_oak_log":4,"minecraft:lime_bed":1,"alexsmobs:acacia_blossom":1,"minecraft:torchflower":1,"minecraft:oak_log":312,"minecraft:golden_boots":34,"mowziesmobs:wrought_axe":1,"alexsmobs:mosquito_proboscis":1,"minecraft:paper":38,"endrem:cryptic_eye":2,"minecraft:apple":37,"minecraft:stone_bricks":57,"minecraft:wild_armor_trim_smithing_template":6,"minecraft:stone_pickaxe":3,"minecraft:glass_bottle":4,"minecraft:iron_sword":19,"minecraft:flowering_azalea":2,"minecraft:smooth_basalt":6,"minecraft:cracked_nether_bricks":1,"immersive_armors:slime_leggings":1,"minecraft:gravel":25,"immersive_armors:wither_chestplate":1,"minecraft:spruce_log":5,"minecraft:leather_helmet":17,"minecraft:diamond_shovel":11,"minecraft:stone_axe":2,"minecraft:diamond_axe":16,"mowziesmobs:umvuthana_mask_fear":2,"minecraft:baked_potato":92,"minecraft:ender_pearl":49,"minecraft:wheat":8,"supplementaries:bomb_blue":1,"alexscaves:cave_tablet":10,"immersive_armors:wither_boots":1,"minecraft:potion":1,"minecraft:crimson_planks":3,"alexsmobs:gazelle_horn":10,"minecraft:raw_copper":7,"minecraft:iron_leggings":47,"alexsmobs:blood_sac":4,"alexsmobs:banana":23,"minecraft:smooth_stone":4,"minecraft:bucket":6,"farmersdelight:cabbage":2,"minecraft:calcite":33,"minecraft:azalea":1,"nethersdelight:hoglin_sirloin":4,"minecraft:iron_pickaxe":22,"alexsmobs:raccoon_tail":2,"minecraft:iron_boots":25,"minecraft:tipped_arrow":352,"minecraft:stick":433,"mowziesmobs:sol_visage":1,"minecraft:oak_fence":4,"minecraft:torch":116,"minecraft:spruce_stairs":1,"minecraft:porkchop":19,"minecraft:diorite":48,"minecraft:quartz_block":10,"minecraft:rotten_flesh":916,"alexsmobs:emu_egg":3,"artifacts:panic_necklace":1,"minecraft:obsidian":23,"minecraft:cobblestone":1140,"minecraft:leather_chestplate":29,"minecraft:andesite":102,"minecraft:golden_leggings":18,"minecraft:potato":567,"alexsmobs:bear_fur":7,"alexscaves:cave_book":2,"minecraft:tuff":105,"supplementaries:flax_seeds":8,"minecraft:lapis_lazuli":734,"minecraft:dirt":92,"minecraft:polished_granite":3,"minecraft:name_tag":11,"minecraft:leather_boots":16,"minecraft:bone":2611,"minecraft:acacia_planks":31,"minecraft:bow":89,"minecraft:wheat_seeds":51,"easy_villagers:trader":1,"minecraft:raw_gold":121,"minecraft:mossy_stone_bricks":16,"minecraft:bamboo":109,"minecraft:mossy_stone_brick_stairs":2,"minecraft:oak_planks":650,"minecraft:cooked_porkchop":21,"artifacts:rooted_boots":16,"minecraft:sand":53,"minecraft:jungle_planks":205,"minecraft:nether_brick_stairs":22,"minecraft:grass_block":1,"minecraft:mossy_cobblestone":30,"artifacts:plastic_drinking_hat":6,"minecraft:diamond":91,"waystones:waystone":7,"minecraft:golden_apple":53,"minecraft:spruce_sign":1,"minecraft:emerald":12,"minecraft:oak_sapling":80,"minecraft:netherrack":822,"nethersdelight:hoglin_loin":5,"minecraft:cocoa_beans":27,"artifacts:night_vision_goggles":3,"minecraft:chicken":4,"minecraft:ladder":1,"minecraft:wooden_pickaxe":2,"minecraft:shield":54,"minecraft:iron_axe":12,"immersive_melodies:lute":2,"minecraft:item_frame":2,"minecraft:candle":7,"alexsmobs:elastic_tendon":5,"minecraft:sugar_cane":6,"minecraft:phantom_membrane":5,"minecraft:dark_oak_sapling":3,"minecraft:raw_iron":220,"minecraft:bowl":1,"minecraft:stone_pressure_plate":1,"minecraft:dark_oak_planks":22,"minecraft:arrow":2766,"minecraft:jungle_stairs":1,"minecraft:nether_bricks":18,"alexscaves:spelunkery_table":2,"minecraft:saddle":1,"minecraft:brick_stairs":2,"mowziesmobs:umvuthana_mask_fury":2,"immersive_armors:bone_leggings":1,"minecraft:air":5,"minecraft:jungle_boat":1,"minecraft:glow_ink_sac":19,"minecraft:crimson_stem":3,"minecraft:leather":6,"minecraft:chainmail_chestplate":9,"minecraft:yellow_bed":3,"minecraft:gunpowder":42,"minecraft:cooked_mutton":32,"immersive_armors:warrior_leggings":1,"minecraft:rabbit_hide":4,"minecraft:iron_ingot":242,"artifacts:whoopee_cushion":4,"minecraft:cooked_chicken":87,"mowziesmobs:umvuthana_mask_misery":5,"minecraft:acacia_sapling":9,"sophisticatedbackpacks:diamond_backpack":1,"minecraft:book":182,"minecraft:pumpkin":1,"minecraft:pitcher_plant":4,"minecraft:quartz":18,"minecraft:amethyst_shard":100,"mowziesmobs:wrought_helmet":1,"minecraft:blast_furnace":2,"minecraft:white_bed":5,"minecraft:nether_brick_slab":3,"minecraft:spider_eye":63,"minecraft:pumpkin_seeds":2,"immersive_armors:wooden_chestplate":1,"minecraft:chainmail_leggings":16,"minecraft:iron_helmet":48,"minecraft:stripped_jungle_wood":12,"minecraft:mossy_cobblestone_stairs":3,"minecraft:coal":955},"minecraft:used":{"minecraft:polished_granite_stairs":1,"minecraft:poppy":2,"minecraft:chest":29,"minecraft:stone":4,"minecraft:rotten_flesh":18,"mowziesmobs:umvuthana_mask_bliss":1,"minecraft:acacia_sapling":2,"minecraft:lava_bucket":3,"minecraft:quartz_block":2,"supplementaries:bomb_blue":2,"minecraft:bow":99,"minecraft:dark_oak_boat":1,"minecraft:furnace":1,"minecraft:oak_sapling":6,"minecraft:egg":3,"minecraft:potato":107,"minecraft:mossy_stone_bricks":9,"minecraft:leather_leggings":3,"minecraft:wooden_pickaxe":165,"minecraft:golden_apple":34,"minecraft:glow_berries":4,"minecraft:sand":53,"minecraft:acacia_leaves":2,"minecraft:diamond_sword":1781,"minecraft:birch_log":1,"minecraft:iron_bars":3,"minecraft:netherrack":138,"minecraft:torch":669,"minecraft:anvil":4,"minecraft:chainmail_chestplate":2,"minecraft:iron_axe":188,"minecraft:jungle_log":5,"easy_villagers:trader":1,"minecraft:diamond_chestplate":1,"minecraft:acacia_planks":41,"minecraft:cobbled_deepslate":427,"sophisticatedbackpacks:gold_backpack":1,"minecraft:calcite":8,"minecraft:water_bucket":75,"minecraft:birch_planks":28,"minecraft:mossy_cobblestone":2,"minecraft:crafting_table":18,"supplementaries:bomb":2,"minecraft:white_bed":5,"minecraft:oak_log":1,"minecraft:diamond_pickaxe":2640,"minecraft:diamond_shovel":7,"minecraft:iron_pickaxe":1406,"minecraft:cobblestone":289,"minecraft:potion":1,"minecraft:porkchop":1,"minecraft:cooked_porkchop":19,"mowziesmobs:umvuthana_mask_fury":1,"minecraft:stripped_oak_log":1,"minecraft:candle":4,"minecraft:diamond_leggings":2,"minecraft:shield":135,"minecraft:iron_sword":1098,"minecraft:iron_chestplate":2,"minecraft:mutton":4,"minecraft:jungle_planks":58,"minecraft:nether_bricks":1,"minecraft:carrot":6,"minecraft:tuff":28,"minecraft:obsidian":11,"farmersdelight:tomato":1,"minecraft:bricks":2,"minecraft:iron_helmet":1,"minecraft:stone_bricks":18,"minecraft:item_frame":1,"minecraft:stone_pickaxe":134,"minecraft:oak_planks":106,"minecraft:ender_pearl":5,"minecraft:chainmail_helmet":4,"minecraft:diamond_axe":1993,"alexscaves:cave_book":2,"minecraft:mushroom_stew":2,"waystones:waystone":5,"easy_villagers:villager":7,"minecraft:melon_slice":7,"minecraft:bread":134,"minecraft:string":1,"nethersdelight:hoglin_sirloin":4,"minecraft:jungle_sign":3,"minecraft:chainmail_boots":2,"minecraft:andesite":47,"minecraft:bone_meal":179,"minecraft:golden_pickaxe":16,"minecraft:cobweb":3,"minecraft:oak_fence":1,"minecraft:flint_and_steel":6,"minecraft:spruce_planks":20,"minecraft:cooked_chicken":1,"minecraft:dirt":21,"alexsmobs:cooked_kangaroo_meat":32,"minecraft:diamond_helmet":4,"minecraft:granite":2,"mowziesmobs:wrought_helmet":1,"minecraft:iron_hoe":63,"minecraft:dark_oak_planks":35,"minecraft:wooden_axe":30,"minecraft:bookshelf":4,"minecraft:iron_boots":1,"minecraft:crimson_planks":15,"alexscaves:spelunkery_table":2,"alexsmobs:banana":1,"minecraft:cooked_beef":26,"minecraft:pumpkin":1,"minecraft:iron_leggings":1,"minecraft:cooked_mutton":20,"minecraft:amethyst_block":4,"minecraft:baked_potato":68,"minecraft:apple":9,"minecraft:chicken":2,"mowziesmobs:sol_visage":1,"minecraft:golden_leggings":1,"minecraft:stone_axe":53,"minecraft:bucket":80,"minecraft:yellow_bed":1,"alexsmobs:emu_egg":2},"minecraft:mined":{"minecraft:dark_oak_planks":1,"minecraft:white_bed":5,"minecraft:jungle_leaves":14,"minecraft:red_nether_bricks":3,"minecraft:obsidian":28,"minecraft:granite":43,"minecraft:acacia_log":26,"minecraft:jungle_log":1443,"minecraft:coal_block":1,"minecraft:spawner":91,"minecraft:weeping_vines_plant":1,"minecraft:mossy_cobblestone_stairs":5,"minecraft:cobbled_deepslate":13,"minecraft:fire":9,"minecraft:pumpkin":1,"minecraft:deepslate_lapis_ore":51,"minecraft:nether_brick_stairs":17,"minecraft:cave_vines":5,"farmersdelight:rice_panicles":1,"minecraft:crimson_nylium":28,"minecraft:amethyst_cluster":19,"minecraft:torch":13,"minecraft:blast_furnace":1,"minecraft:melon":2,"minecraft:dead_bush":2,"minecraft:nether_brick_slab":3,"farmersdelight:cabbages":2,"minecraft:sugar_cane":3,"minecraft:bricks":6,"minecraft:amethyst_block":10,"minecraft:jungle_wood":9,"minecraft:wheat":1,"minecraft:stone_brick_stairs":1,"minecraft:grass":138,"minecraft:smooth_basalt":6,"minecraft:deepslate":774,"minecraft:light_gray_stained_glass_pane":2,"minecraft:mossy_cobblestone":13,"minecraft:dark_oak_log":44,"minecraft:nether_bricks":17,"minecraft:dark_oak_fence":1,"minecraft:spruce_fence":1,"minecraft:jungle_planks":4,"minecraft:stripped_jungle_wood":12,"minecraft:moss_block":14,"minecraft:andesite":115,"minecraft:mossy_stone_brick_stairs":4,"minecraft:potatoes":103,"minecraft:vine":128,"minecraft:bamboo":10,"minecraft:cake":1,"minecraft:jungle_sign":1,"minecraft:tall_grass":47,"minecraft:copper_ore":2,"minecraft:deepslate_gold_ore":54,"farmersdelight:wild_tomatoes":11,"minecraft:diorite":42,"minecraft:black_stained_glass":1,"minecraft:torchflower":1,"minecraft:spruce_log":5,"minecraft:birch_leaves":3,"minecraft:pitcher_crop":1,"minecraft:gravel":26,"minecraft:cobweb":55,"minecraft:stone_bricks":19,"minecraft:chipped_anvil":1,"minecraft:gold_ore":4,"minecraft:fern":12,"minecraft:stone_pressure_plate":2,"sophisticatedbackpacks:gold_backpack":1,"minecraft:cave_vines_plant":2,"minecraft:grass_block":29,"minecraft:soul_soil":6,"minecraft:mossy_cobblestone_slab":2,"minecraft:iron_ore":92,"minecraft:anvil":2,"minecraft:iron_bars":43,"minecraft:azalea":2,"minecraft:polished_granite_stairs":1,"minecraft:deepslate_redstone_ore":20,"minecraft:quartz_block":14,"minecraft:cyan_terracotta":1,"minecraft:clay":5,"minecraft:jungle_stairs":1,"minecraft:calcite":18,"minecraft:chest":17,"minecraft:nether_quartz_ore":8,"minecraft:cobblestone":21,"minecraft:oak_planks":24,"minecraft:iron_door":2,"minecraft:wall_torch":16,"farmersdelight:sandy_shrub":3,"minecraft:nether_wart_block":53,"minecraft:birch_log":7,"minecraft:tnt":1,"minecraft:oak_log":319,"minecraft:sand":1,"minecraft:dirt":45,"minecraft:crimson_planks":3,"minecraft:netherrack":1064,"minecraft:oak_leaves":64,"minecraft:nether_gold_ore":13,"alexscaves:spelunkery_table":2,"minecraft:tuff":101,"minecraft:deepslate_diamond_ore":46,"minecraft:candle":1,"minecraft:brick_stairs":1,"farmersdelight:tomatoes":2,"minecraft:cracked_nether_bricks":2,"minecraft:crimson_stem":11,"minecraft:hay_block":24,"minecraft:carrots":2,"minecraft:nether_brick_fence":2,"minecraft:bookshelf":42,"minecraft:deepslate_iron_ore":60,"minecraft:shroomlight":3,"minecraft:stripped_oak_log":6,"minecraft:stone":926,"minecraft:flowering_azalea":2,"minecraft:polished_granite":7,"minecraft:oak_fence":1,"minecraft:crafting_table":3,"minecraft:lapis_ore":2,"supplementaries:urn":4,"minecraft:spruce_stairs":1,"farmersdelight:wild_beetroots":7,"minecraft:yellow_bed":2,"supplementaries:stick_tomatoes":2,"minecraft:coal_ore":199,"minecraft:cocoa":1,"minecraft:cracked_stone_bricks":14,"minecraft:mossy_stone_bricks":17},"minecraft:broken":{"minecraft:shield":1,"minecraft:iron_pickaxe":4,"minecraft:iron_helmet":1},"minecraft:killed_by":{"minecraft:zombie":6,"minecraft:stray":5,"minecraft:creeper":3,"minecraft:player":5,"minecraft:enderman":1,"mowziesmobs:ferrous_wroughtnaut":34,"minecraft:skeleton":8},"minecraft:crafted":{"supplementaries:soap":6,"sophisticatedbackpacks:crafting_upgrade":1,"minecraft:nether_brick":49,"minecraft:cooked_mutton":9,"minecraft:emerald":216,"immersive_armors:bone_leggings":1,"minecraft:cooked_porkchop":17,"minecraft:diamond_axe":1,"waystones:warp_stone":1,"minecraft:iron_pickaxe":3,"minecraft:iron_block":9,"minecraft:jungle_sign":3,"minecraft:iron_nugget":9,"minecraft:bone_meal":384,"minecraft:stone_pickaxe":3,"minecraft:diamond_boots":1,"minecraft:dark_oak_planks":172,"alexsmobs:blood_sprayer":1,"minecraft:wheat":210,"sophisticatedbackpacks:gold_backpack":4,"minecraft:enchanted_book":6,"minecraft:golden_apple":5,"supplementaries:bubble_blower":3,"minecraft:wooden_axe":3,"minecraft:white_bed":5,"minecraft:oak_planks":480,"minecraft:dark_oak_boat":1,"immersive_armors:wooden_chestplate":2,"minecraft:bow":1,"minecraft:iron_boots":1,"minecraft:raw_copper":27,"minecraft:chest":8,"immersive_armors:wooden_helmet":1,"immersive_armors:bone_chestplate":1,"sophisticatedbackpacks:backpack":1,"immersive_melodies:didgeridoo":1,"minecraft:crafting_table":17,"minecraft:spruce_planks":20,"minecraft:wooden_pickaxe":6,"minecraft:baked_potato":281,"immersive_armors:wooden_leggings":1,"immersive_melodies:lute":2,"minecraft:birch_planks":28,"sophisticatedbackpacks:upgrade_base":2,"immersive_armors:wooden_boots":1,"minecraft:diamond_pickaxe":2,"minecraft:shield":1,"sophisticatedbackpacks:diamond_backpack":1,"minecraft:stick":294,"minecraft:iron_ingot":56,"immersive_armors:bone_boots":1,"minecraft:furnace":1,"minecraft:flint_and_steel":2,"minecraft:leather":10,"minecraft:iron_axe":1,"minecraft:iron_hoe":2,"sophisticatedbackpacks:iron_backpack":4,"minecraft:crimson_planks":12,"minecraft:diamond_sword":1,"alexsmobs:cooked_kangaroo_meat":29,"minecraft:iron_sword":1,"minecraft:bucket":2,"minecraft:stone_axe":2,"minecraft:bread":72,"minecraft:air":0,"minecraft:jungle_planks":252,"minecraft:white_wool":12,"minecraft:anvil":2,"minecraft:acacia_planks":92,"minecraft:torch":512},"minecraft:killed":{"minecraft:cave_spider":3,"alexsmobs:murmur":1,"minecraft:skeleton":981,"alexsmobs:leafcutter_ant":1,"minecraft:chicken":10,"mowziesmobs:umvuthana_crane":12,"alexsmobs:centipede_head":1,"minecraft:magma_cube":1,"minecraft:zombie":488,"minecraft:glow_squid":1,"minecraft:cow":5,"alexsmobs:raccoon":2,"mowziesmobs:ferrous_wroughtnaut":1,"alexsmobs:underminer":1,"minecraft:husk":5,"alexsmobs:rhinoceros":2,"minecraft:enderman":1,"minecraft:witch":1,"mowziesmobs:umvuthi":1,"minecraft:spider":64,"minecraft:bee":1,"minecraft:silverfish":1,"minecraft:piglin_brute":1,"alexsmobs:kangaroo":23,"artifacts:mimic":2,"minecraft:piglin":3,"minecraft:pig":9,"alexsmobs:grizzly_bear":2,"minecraft:zombie_villager":3,"minecraft:creeper":22,"alexsmobs:crimson_mosquito":7,"minecraft:sheep":10,"minecraft:stray":489,"minecraft:ghast":1,"mowziesmobs:umvuthana_raptor":1,"minecraft:blaze":14,"alexsmobs:bone_serpent":3,"alexsmobs:tasmanian_devil":1,"minecraft:phantom":2,"mowziesmobs:umvuthana":11,"mowziesmobs:umvuthana_follower_raptor":5,"minecraft:hoglin":3,"alexsmobs:emu":5,"alexsmobs:gazelle":9,"minecraft:wither_skeleton":622},"minecraft:custom":{"minecraft:interact_with_crafting_table":119,"minecraft:open_barrel":58,"minecraft:eat_cake_slice":1,"minecraft:leave_game":26,"minecraft:time_since_death":41709,"minecraft:damage_blocked_by_shield":11087,"minecraft:play_time":892244,"minecraft:deaths":64,"minecraft:jump":13872,"minecraft:enchant_item":91,"minecraft:interact_with_furnace":157,"minecraft:traded_with_villager":222,"minecraft:interact_with_cartography_table":2,"minecraft:sleep_in_bed":27,"minecraft:waystone_activated":12,"minecraft:damage_dealt":166598,"minecraft:interact_with_anvil":55,"minecraft:damage_dealt_absorbed":564,"minecraft:sneak_time":44336,"minecraft:interact_with_blast_furnace":5,"minecraft:total_world_time":892244,"minecraft:tune_noteblock":3,"minecraft:time_since_rest":7023,"minecraft:swim_one_cm":191204,"minecraft:fly_one_cm":2391461,"minecraft:open_chest":921,"minecraft:fall_one_cm":388009,"minecraft:sprint_one_cm":4145192,"minecraft:drop":516,"minecraft:talked_to_villager":7,"minecraft:walk_on_water_one_cm":148365,"minecraft:interact_with_loom":14,"minecraft:player_kills":7,"minecraft:crouch_one_cm":134997,"minecraft:mob_kills":2992,"minecraft:damage_dealt_resisted":1218,"minecraft:climb_one_cm":45864,"minecraft:walk_one_cm":2031578,"minecraft:walk_under_water_one_cm":42696,"minecraft:boat_one_cm":27270,"minecraft:interact_with_grindstone":28,"minecraft:damage_taken":44540,"minecraft:damage_absorbed":1123,"minecraft:trigger_trapped_chest":1}},"DataVersion":3465}