{"stats":{"minecraft:custom":{"minecraft:interact_with_crafting_table":72,"minecraft:open_barrel":16,"minecraft:leave_game":20,"minecraft:time_since_death":228,"minecraft:damage_resisted":276,"minecraft:sprint_one_cm":1844641,"minecraft:damage_blocked_by_shield":11165,"minecraft:drop":920,"minecraft:play_time":443130,"minecraft:deaths":127,"minecraft:jump":6116,"minecraft:walk_on_water_one_cm":59119,"minecraft:interact_with_furnace":93,"minecraft:sleep_in_bed":9,"minecraft:waystone_activated":8,"minecraft:damage_dealt":63148,"minecraft:player_kills":1,"minecraft:crouch_one_cm":101200,"minecraft:interact_with_anvil":7,"minecraft:mob_kills":551,"minecraft:inspect_hopper":2,"minecraft:damage_dealt_resisted":296,"minecraft:climb_one_cm":63921,"minecraft:walk_one_cm":909509,"minecraft:sneak_time":33615,"minecraft:walk_under_water_one_cm":955,"minecraft:total_world_time":443130,"minecraft:interact_with_grindstone":6,"minecraft:time_since_rest":252,"minecraft:damage_absorbed":400,"minecraft:damage_taken":50830,"minecraft:swim_one_cm":1007,"minecraft:fly_one_cm":1119763,"minecraft:open_chest":360,"minecraft:fall_one_cm":155286},"minecraft:killed":{"minecraft:cave_spider":7,"minecraft:spider":11,"minecraft:skeleton":77,"mowziesmobs:umvuthana_crane_player":1,"minecraft:bee":1,"minecraft:chicken":7,"mowziesmobs:umvuthana_crane":2,"minecraft:silverfish":107,"alexsmobs:kangaroo":3,"minecraft:magma_cube":7,"minecraft:pig":16,"minecraft:creeper":35,"minecraft:sheep":5,"minecraft:zombie":75,"minecraft:stray":44,"minecraft:cow":7,"mowziesmobs:umvuthana":1,"minecraft:husk":1,"mowziesmobs:umvuthana_follower_raptor":1,"alexsmobs:gazelle":5,"minecraft:wither_skeleton":75,"minecraft:enderman":1},"minecraft:dropped":{"minecraft:nether_brick_stairs":3,"minecraft:iron_sword":14,"minecraft:soul_sand":1,"minecraft:brown_mushroom":1,"minecraft:diamond_axe":2,"minecraft:lapis_lazuli":42,"minecraft:cooked_beef":12,"minecraft:baked_potato":9,"immersive_melodies:trumpet":3,"minecraft:golden_pickaxe":1,"minecraft:ender_pearl":19,"minecraft:glass_bottle":70,"minecraft:diamond":6,"minecraft:crafting_table":1,"minecraft:cooked_porkchop":7,"immersive_melodies:lute":3,"minecraft:leather":10,"minecraft:mossy_stone_brick_stairs":9,"minecraft:jungle_planks":105,"minecraft:cracked_stone_bricks":68,"minecraft:saddle":17,"minecraft:leather_helmet":7,"sophisticatedbackpacks:gold_backpack":2,"minecraft:red_mushroom":19,"minecraft:flint":23,"minecraft:gold_block":51,"immersive_armors:wither_boots":1,"minecraft:mutton":1,"minecraft:gold_nugget":167,"minecraft:phantom_membrane":16,"minecraft:iron_pickaxe":6,"minecraft:white_wool":8,"minecraft:cauldron":1,"minecraft:gold_ingot":266,"minecraft:bone":494,"minecraft:gravel":8,"minecraft:stone_axe":5,"minecraft:compass":13,"alexsmobs:gazelle_horn":19,"minecraft:iron_nugget":71,"minecraft:cooked_chicken":1,"minecraft:golden_chestplate":13,"minecraft:nether_brick":4,"minecraft:wheat":16,"immersive_melodies:flute":1,"minecraft:rotten_flesh":925,"minecraft:oak_planks":33,"minecraft:enchanted_golden_apple":1,"minecraft:diamond_shovel":14,"minecraft:golden_shovel":1,"minecraft:carrot":45,"minecraft:chainmail_chestplate":11,"minecraft:leather_chestplate":5,"supplementaries:ash":8,"minecraft:tipped_arrow":7,"minecraft:gunpowder":136,"minecraft:skeleton_skull":2,"minecraft:melon_seeds":12,"minecraft:quartz_block":21,"minecraft:beetroot_seeds":8,"minecraft:hopper":1,"minecraft:leather_boots":2,"minecraft:chainmail_boots":9,"minecraft:chest":76,"farmersdelight:rope":75,"minecraft:leather_leggings":2,"minecraft:iron_bars":36,"minecraft:arrow":605,"minecraft:beef":5,"minecraft:stone_brick_stairs":6,"mowziesmobs:umvuthana_mask_fury":12,"minecraft:egg":48,"farmersdelight:tomato_seeds":8,"minecraft:stone_hoe":1,"minecraft:enchanted_book":29,"minecraft:golden_boots":6,"minecraft:iron_ingot":290,"minecraft:bread":17,"minecraft:wheat_seeds":11,"minecraft:clock":5,"minecraft:golden_helmet":3,"immersive_armors:wither_chestplate":2,"minecraft:tnt":2,"minecraft:mossy_cobblestone":130,"minecraft:minecart":7,"minecraft:diamond_leggings":3,"minecraft:book":22,"minecraft:feather":122,"minecraft:iron_helmet":6,"minecraft:cobblestone":271,"minecraft:lead":5,"minecraft:apple":12,"minecraft:spruce_stairs":6,"minecraft:chainmail_helmet":14,"minecraft:coal":100,"minecraft:golden_apple":26,"minecraft:stick":123,"minecraft:cobweb":19,"minecraft:diamond_horse_armor":9,"minecraft:wooden_hoe":1,"minecraft:torch":48,"minecraft:wooden_axe":2,"minecraft:melon_slice":24,"minecraft:brown_wool":12,"minecraft:iron_door":3,"minecraft:diamond_helmet":5,"minecraft:potion":52,"minecraft:green_carpet":2,"minecraft:iron_leggings":17,"mowziesmobs:wrought_helmet":1,"minecraft:iron_axe":3,"minecraft:mossy_cobblestone_stairs":12,"minecraft:smooth_stone":20,"artifacts:rooted_boots":2,"minecraft:iron_shovel":15,"minecraft:paper":44,"minecraft:string":394,"minecraft:tripwire_hook":4,"minecraft:blue_carpet":1,"minecraft:bucket":2,"minecraft:music_disc_cat":8,"minecraft:redstone":102,"minecraft:bricks":4,"minecraft:wild_armor_trim_smithing_template":6,"minecraft:raw_copper":2,"minecraft:bowl":49,"minecraft:deepslate":5,"supplementaries:bomb":5,"farmersdelight:cabbage_seeds":8,"minecraft:clay_ball":42,"minecraft:iron_boots":12,"minecraft:stone_slab":10,"minecraft:name_tag":3,"immersive_armors:heavy_chestplate":1,"minecraft:flint_and_steel":7,"minecraft:diamond_sword":19,"minecraft:potato":44,"minecraft:stone":61,"minecraft:shield":23,"mowziesmobs:umvuthana_mask_misery":2,"minecraft:spruce_planks":112,"minecraft:iron_chestplate":7,"minecraft:diamond_pickaxe":6,"minecraft:mossy_stone_bricks":172,"minecraft:golden_leggings":2,"minecraft:oak_sapling":19,"minecraft:golden_sword":2,"minecraft:stone_pressure_plate":4,"minecraft:stone_bricks":221,"minecraft:spider_eye":36,"minecraft:bamboo":115,"minecraft:spruce_log":1,"minecraft:slime_ball":21,"minecraft:bow":4,"minecraft:stone_pickaxe":4,"minecraft:wooden_pickaxe":2,"waystones:waystone":2,"minecraft:cooked_rabbit":3,"minecraft:black_wool":2,"minecraft:brick":33,"supplementaries:flute":6},"minecraft:killed_by":{"minecraft:wither_skeleton":12,"minecraft:creeper":3,"minecraft:cave_spider":17,"minecraft:zombie":11,"minecraft:husk":3,"minecraft:player":1,"minecraft:stray":16,"minecraft:spider":2,"mowziesmobs:ferrous_wroughtnaut":29,"minecraft:skeleton":31},"minecraft:mined":{"minecraft:blue_carpet":1,"minecraft:stone_pressure_plate":3,"minecraft:jungle_leaves":28,"minecraft:granite":2,"minecraft:infested_cobblestone":2,"minecraft:jungle_log":138,"minecraft:coal_block":5,"minecraft:chiseled_stone_bricks":10,"minecraft:spawner":107,"minecraft:hopper":1,"minecraft:smooth_stone":5,"minecraft:mossy_cobblestone_slab":2,"minecraft:mossy_cobblestone_stairs":51,"minecraft:barrel":7,"minecraft:fire":26,"minecraft:anvil":1,"minecraft:nether_brick_stairs":6,"supplementaries:stick":1,"minecraft:iron_bars":61,"minecraft:green_carpet":1,"minecraft:tripwire":4,"minecraft:red_bed":7,"minecraft:quartz_block":52,"minecraft:torch":21,"minecraft:calcite":11,"minecraft:melon":6,"minecraft:chest":82,"minecraft:cobblestone":189,"minecraft:oak_planks":5,"minecraft:iron_door":1,"minecraft:wall_torch":36,"minecraft:jungle_wood":5,"minecraft:stone_brick_stairs":44,"minecraft:infested_mossy_stone_bricks":5,"minecraft:grass":36,"minecraft:oak_log":46,"minecraft:smooth_quartz":1,"minecraft:dirt":11,"minecraft:infested_cracked_stone_bricks":3,"minecraft:smooth_basalt":22,"minecraft:tripwire_hook":2,"minecraft:netherrack":26,"minecraft:deepslate":2,"minecraft:oak_leaves":14,"minecraft:mossy_cobblestone":224,"minecraft:nether_bricks":3,"minecraft:jungle_planks":2,"minecraft:furnace":8,"minecraft:andesite":209,"minecraft:mossy_stone_brick_stairs":56,"minecraft:cobblestone_slab":4,"minecraft:vine":58,"minecraft:bamboo":2,"minecraft:stone":588,"minecraft:soul_sand":1,"minecraft:infested_stone_bricks":2,"minecraft:crafting_table":16,"minecraft:copper_ore":4,"minecraft:tall_grass":9,"minecraft:diorite":60,"minecraft:lime_bed":11,"minecraft:coal_ore":2,"minecraft:gravel":39,"minecraft:cracked_stone_bricks":140,"minecraft:stone_bricks":153,"minecraft:mossy_stone_bricks":164,"minecraft:dark_oak_planks":4,"minecraft:fern":3,"minecraft:infested_stone":4},"minecraft:picked_up":{"minecraft:wooden_axe":4,"minecraft:iron_chestplate":24,"minecraft:wheat":29,"minecraft:chainmail_boots":12,"minecraft:stone_slab":10,"minecraft:lead":8,"minecraft:diamond_sword":76,"immersive_armors:wither_boots":3,"minecraft:enchanted_book":46,"minecraft:potion":68,"minecraft:golden_shovel":1,"minecraft:stone_brick_stairs":45,"minecraft:nether_brick":4,"minecraft:golden_sword":1,"minecraft:music_disc_cat":11,"alexsmobs:gazelle_horn":16,"minecraft:string":541,"minecraft:raw_copper":13,"minecraft:iron_leggings":43,"minecraft:diamond_leggings":5,"minecraft:smooth_stone":38,"minecraft:gold_nugget":339,"alexsmobs:banana":1,"minecraft:bucket":16,"minecraft:spruce_planks":109,"minecraft:cobblestone_slab":4,"minecraft:calcite":12,"minecraft:iron_pickaxe":28,"minecraft:smooth_quartz":1,"minecraft:enchanted_golden_apple":4,"minecraft:melon_slice":88,"minecraft:coal_block":12,"farmersdelight:cabbage_seeds":12,"minecraft:mangrove_log":1,"minecraft:iron_boots":32,"minecraft:furnace":8,"minecraft:golden_helmet":6,"minecraft:tipped_arrow":18,"minecraft:stick":297,"minecraft:torch":663,"minecraft:spruce_stairs":5,"minecraft:porkchop":29,"minecraft:diorite":71,"minecraft:golden_chestplate":15,"minecraft:cauldron":1,"sophisticatedbackpacks:pickup_upgrade":2,"minecraft:quartz_block":62,"minecraft:rotten_flesh":1227,"farmersdelight:rope":144,"supplementaries:ash":71,"minecraft:iron_bars":71,"minecraft:cobblestone":1270,"minecraft:mossy_cobblestone_slab":2,"minecraft:leather_chestplate":20,"minecraft:feather":197,"minecraft:cooked_beef":31,"minecraft:andesite":212,"minecraft:water_bucket":1,"minecraft:iron_door":6,"minecraft:jungle_log":168,"minecraft:brown_wool":12,"minecraft:golden_leggings":6,"minecraft:potato":52,"minecraft:jungle_wood":5,"minecraft:flint":32,"supplementaries:flute":7,"minecraft:lapis_lazuli":44,"minecraft:map":5,"minecraft:dirt":11,"minecraft:name_tag":9,"minecraft:leather_boots":6,"minecraft:bone":922,"minecraft:bow":13,"minecraft:wheat_seeds":11,"minecraft:mossy_stone_bricks":521,"minecraft:diamond_helmet":8,"minecraft:bamboo":141,"minecraft:stone_hoe":1,"minecraft:oak_planks":136,"minecraft:mossy_stone_brick_stairs":59,"minecraft:cooked_porkchop":112,"minecraft:music_disc_13":8,"artifacts:rooted_boots":19,"minecraft:jungle_planks":326,"minecraft:nether_brick_stairs":3,"sophisticatedbackpacks:iron_backpack":10,"sophisticatedbackpacks:jukebox_upgrade":3,"minecraft:fermented_spider_eye":3,"minecraft:dark_oak_log":5,"minecraft:barrel":7,"minecraft:mossy_cobblestone":622,"alexsmobs:kangaroo_hide":4,"minecraft:deepslate":4,"minecraft:diamond":6,"waystones:waystone":12,"minecraft:granite":4,"minecraft:golden_apple":54,"minecraft:bread":54,"minecraft:golden_horse_armor":1,"minecraft:chainmail_helmet":27,"minecraft:oak_sapling":30,"minecraft:netherrack":24,"minecraft:bricks":3,"minecraft:diamond_pickaxe":21,"sophisticatedbackpacks:gold_backpack":32,"minecraft:crafting_table":15,"minecraft:chicken":7,"minecraft:clay_ball":46,"minecraft:golden_pickaxe":1,"minecraft:leather_leggings":8,"minecraft:brown_mushroom":1,"minecraft:wooden_pickaxe":2,"minecraft:cooked_rabbit":12,"minecraft:gold_block":51,"minecraft:diamond_horse_armor":12,"minecraft:shield":66,"minecraft:brick":51,"immersive_armors:wither_helmet":2,"immersive_melodies:lute":5,"minecraft:red_bed":7,"minecraft:iron_axe":13,"minecraft:flint_and_steel":11,"minecraft:compass":19,"minecraft:iron_shovel":18,"supplementaries:bomb":13,"minecraft:cracked_stone_bricks":348,"minecraft:beef":15,"immersive_melodies:trumpet":5,"minecraft:jungle_sapling":10,"minecraft:iron_nugget":197,"minecraft:minecart":19,"minecraft:chest":168,"minecraft:phantom_membrane":65,"minecraft:egg":42,"minecraft:dark_oak_sapling":9,"minecraft:stone":109,"minecraft:bowl":58,"farmersdelight:tomato_seeds":18,"immersive_armors:wither_leggings":2,"minecraft:carrot":24,"minecraft:redstone":367,"minecraft:blue_carpet":1,"minecraft:iron_horse_armor":4,"minecraft:stone_pressure_plate":5,"minecraft:dark_oak_planks":4,"mowziesmobs:umvuthana_mask_faith":1,"minecraft:tnt":6,"minecraft:arrow":1301,"minecraft:beetroot_seeds":8,"minecraft:nether_bricks":1,"minecraft:saddle":33,"minecraft:gold_ingot":595,"minecraft:mutton":12,"minecraft:white_wool":10,"mowziesmobs:umvuthana_mask_fury":15,"minecraft:lime_bed":15,"minecraft:clock":8,"minecraft:tripwire_hook":4,"minecraft:leather":12,"minecraft:red_mushroom":8,"minecraft:oak_log":47,"minecraft:chainmail_chestplate":13,"minecraft:golden_boots":9,"minecraft:gunpowder":301,"mowziesmobs:wrought_axe":9,"minecraft:wooden_hoe":1,"minecraft:paper":91,"minecraft:cooked_mutton":2,"immersive_armors:heavy_chestplate":1,"minecraft:apple":48,"minecraft:stone_bricks":560,"minecraft:wild_armor_trim_smithing_template":22,"minecraft:iron_ingot":870,"artifacts:whoopee_cushion":5,"minecraft:stone_pickaxe":3,"minecraft:cooked_chicken":58,"minecraft:cobweb":22,"minecraft:glass_bottle":167,"minecraft:soul_sand":1,"minecraft:iron_sword":20,"mowziesmobs:umvuthana_mask_misery":2,"minecraft:book":77,"minecraft:smooth_basalt":25,"minecraft:chiseled_stone_bricks":11,"minecraft:quartz":22,"minecraft:gravel":54,"immersive_armors:wither_chestplate":10,"mowziesmobs:wrought_helmet":1,"minecraft:spruce_log":6,"minecraft:green_carpet":2,"minecraft:spider_eye":36,"minecraft:leather_helmet":13,"minecraft:diamond_shovel":15,"minecraft:pumpkin_seeds":2,"minecraft:slime_ball":45,"minecraft:stone_axe":7,"minecraft:chainmail_leggings":2,"minecraft:iron_helmet":24,"minecraft:diamond_axe":13,"minecraft:mossy_cobblestone_stairs":54,"minecraft:baked_potato":28,"minecraft:black_wool":2,"minecraft:melon_seeds":39,"minecraft:coal":354,"minecraft:hopper":2,"minecraft:ender_pearl":46},"minecraft:crafted":{"minecraft:grindstone":1,"minecraft:oak_planks":156,"minecraft:cobblestone_slab":60,"immersive_armors:wither_helmet":1,"minecraft:cooked_chicken":7,"minecraft:stone":3,"minecraft:nether_brick":22,"minecraft:cooked_mutton":6,"minecraft:hopper":1,"minecraft:iron_boots":2,"minecraft:chest":1,"supplementaries:flute":1,"immersive_armors:bone_chestplate":1,"sophisticatedbackpacks:backpack":1,"immersive_armors:bone_leggings":1,"minecraft:cooked_porkchop":28,"minecraft:crafting_table":15,"minecraft:spruce_planks":4,"minecraft:wooden_pickaxe":1,"minecraft:iron_helmet":1,"immersive_melodies:lute":1,"minecraft:copper_ingot":3,"minecraft:gold_block":50,"minecraft:iron_chestplate":2,"minecraft:shield":4,"minecraft:stick":64,"minecraft:stone_slab":6,"minecraft:iron_ingot":14,"minecraft:iron_pickaxe":3,"minecraft:iron_block":6,"minecraft:gold_ingot":35,"immersive_armors:bone_boots":1,"immersive_armors:wither_chestplate":1,"minecraft:coal":90,"immersive_melodies:trumpet":1,"minecraft:furnace":7,"immersive_melodies:flute":1,"minecraft:flint_and_steel":2,"minecraft:leather":2,"minecraft:iron_axe":3,"sophisticatedbackpacks:iron_backpack":1,"minecraft:cooked_beef":6,"minecraft:coal_block":6,"immersive_armors:wither_boots":1,"immersive_armors:wither_leggings":1,"minecraft:iron_sword":1,"sophisticatedbackpacks:gold_backpack":2,"minecraft:mangrove_planks":4,"minecraft:bucket":1,"minecraft:bread":4,"minecraft:air":0,"minecraft:jungle_planks":456,"immersive_armors:bone_helmet":1,"minecraft:wooden_axe":6,"minecraft:iron_leggings":2,"minecraft:anvil":2,"minecraft:torch":264},"minecraft:broken":{"minecraft:iron_boots":1,"minecraft:iron_chestplate":1,"minecraft:wooden_axe":2,"minecraft:shield":1,"minecraft:iron_helmet":1},"minecraft:used":{"minecraft:chest":18,"minecraft:shield":158,"minecraft:iron_sword":189,"minecraft:stone":19,"minecraft:rotten_flesh":82,"minecraft:iron_chestplate":5,"minecraft:mutton":5,"minecraft:jungle_planks":218,"minecraft:nether_bricks":1,"minecraft:quartz_block":2,"minecraft:iron_helmet":3,"minecraft:stone_brick_stairs":1,"minecraft:stone_bricks":130,"minecraft:bow":13,"supplementaries:ash":3,"minecraft:furnace":15,"minecraft:diorite":30,"minecraft:mossy_stone_bricks":145,"minecraft:oak_planks":23,"minecraft:mossy_stone_brick_stairs":1,"minecraft:chainmail_helmet":2,"minecraft:diamond_axe":1,"minecraft:golden_apple":10,"waystones:waystone":6,"minecraft:melon_slice":18,"minecraft:bread":18,"minecraft:gravel":6,"minecraft:diamond_sword":1112,"minecraft:coal_block":1,"minecraft:chainmail_boots":1,"minecraft:grindstone":1,"minecraft:cooked_rabbit":6,"minecraft:andesite":197,"minecraft:iron_bars":5,"minecraft:flint_and_steel":23,"mowziesmobs:umvuthana_mask_misery":2,"minecraft:spruce_planks":15,"minecraft:cooked_chicken":5,"minecraft:stick":1,"minecraft:torch":356,"minecraft:dirt":1,"minecraft:anvil":2,"minecraft:hopper":1,"minecraft:chainmail_chestplate":1,"minecraft:diamond_helmet":1,"minecraft:mossy_cobblestone_stairs":3,"minecraft:wooden_axe":176,"immersive_armors:wither_helmet":1,"minecraft:iron_axe":101,"minecraft:iron_boots":3,"minecraft:smooth_basalt":5,"minecraft:barrel":2,"minecraft:beef":2,"minecraft:cooked_beef":14,"minecraft:iron_leggings":4,"minecraft:cooked_mutton":6,"minecraft:calcite":3,"minecraft:water_bucket":20,"minecraft:baked_potato":14,"minecraft:cobblestone_slab":20,"minecraft:cracked_stone_bricks":81,"minecraft:mossy_cobblestone":188,"minecraft:lime_bed":10,"minecraft:red_bed":7,"minecraft:crafting_table":29,"mowziesmobs:wrought_axe":80,"minecraft:diamond_pickaxe":1973,"minecraft:apple":13,"minecraft:diamond_shovel":26,"minecraft:iron_pickaxe":347,"minecraft:leather_helmet":1,"minecraft:stone_axe":28,"minecraft:cobblestone":647,"minecraft:potion":3,"minecraft:cooked_porkchop":26,"minecraft:bucket":20,"minecraft:chainmail_leggings":1,"minecraft:smooth_stone":1}},"DataVersion":3465}