{"stats":{"minecraft:custom":{"minecraft:interact_with_crafting_table":103,"minecraft:open_barrel":16,"minecraft:eat_cake_slice":13,"minecraft:leave_game":22,"minecraft:time_since_death":2540,"minecraft:damage_resisted":276,"minecraft:sprint_one_cm":2453106,"minecraft:damage_blocked_by_shield":12666,"minecraft:drop":945,"minecraft:play_time":593237,"minecraft:deaths":139,"minecraft:jump":9446,"minecraft:walk_on_water_one_cm":63562,"minecraft:interact_with_furnace":137,"minecraft:interact_with_loom":2,"minecraft:sleep_in_bed":16,"minecraft:waystone_activated":17,"minecraft:damage_dealt":77244,"minecraft:player_kills":1,"minecraft:crouch_one_cm":123877,"minecraft:interact_with_anvil":9,"minecraft:mob_kills":684,"minecraft:inspect_hopper":2,"minecraft:damage_dealt_resisted":296,"minecraft:climb_one_cm":70392,"minecraft:walk_one_cm":1184828,"minecraft:sneak_time":39559,"minecraft:walk_under_water_one_cm":5279,"minecraft:total_world_time":593237,"minecraft:interact_with_grindstone":7,"minecraft:time_since_rest":2574,"minecraft:damage_absorbed":400,"minecraft:damage_taken":57970,"minecraft:swim_one_cm":5637,"minecraft:fly_one_cm":1796763,"minecraft:open_chest":508,"minecraft:fall_one_cm":272504},"minecraft:killed":{"minecraft:cave_spider":8,"minecraft:spider":16,"minecraft:skeleton":84,"mowziesmobs:umvuthana_crane_player":1,"minecraft:bee":1,"minecraft:chicken":33,"mowziesmobs:umvuthana_crane":2,"minecraft:silverfish":124,"alexsmobs:kangaroo":6,"minecraft:magma_cube":7,"minecraft:pig":51,"minecraft:creeper":35,"minecraft:sheep":22,"minecraft:zombie":82,"minecraft:stray":49,"minecraft:cow":15,"mowziesmobs:umvuthana":1,"minecraft:husk":1,"mowziesmobs:umvuthana_follower_raptor":1,"alexsmobs:gazelle":5,"minecraft:wither_skeleton":75,"minecraft:enderman":1},"minecraft:dropped":{"minecraft:nether_brick_stairs":3,"minecraft:iron_sword":14,"minecraft:porkchop":1,"minecraft:soul_sand":1,"minecraft:brown_mushroom":1,"minecraft:diamond_axe":2,"minecraft:lapis_lazuli":42,"minecraft:cooked_beef":12,"minecraft:baked_potato":9,"immersive_melodies:trumpet":3,"minecraft:golden_pickaxe":1,"minecraft:ender_pearl":19,"minecraft:glass_bottle":70,"minecraft:diamond":6,"minecraft:crafting_table":1,"minecraft:cooked_porkchop":7,"immersive_melodies:lute":4,"minecraft:leather":10,"minecraft:mossy_stone_brick_stairs":9,"minecraft:jungle_planks":105,"minecraft:cracked_stone_bricks":68,"minecraft:saddle":17,"minecraft:leather_helmet":7,"minecraft:cobblestone_stairs":2,"minecraft:red_mushroom":19,"sophisticatedbackpacks:gold_backpack":2,"minecraft:flint":23,"minecraft:gold_block":51,"immersive_armors:wither_boots":1,"minecraft:grass":4,"minecraft:cornflower":1,"minecraft:mutton":1,"minecraft:jungle_sapling":14,"minecraft:gold_nugget":167,"minecraft:phantom_membrane":16,"minecraft:iron_pickaxe":6,"minecraft:white_wool":8,"minecraft:cauldron":1,"minecraft:gold_ingot":266,"minecraft:bone":494,"minecraft:gravel":8,"minecraft:stone_axe":5,"minecraft:compass":13,"alexsmobs:gazelle_horn":19,"minecraft:iron_nugget":71,"minecraft:cooked_chicken":1,"minecraft:golden_chestplate":13,"minecraft:nether_brick":4,"minecraft:wheat":16,"immersive_melodies:flute":1,"minecraft:rotten_flesh":925,"minecraft:oak_planks":33,"minecraft:enchanted_golden_apple":1,"minecraft:diamond_shovel":14,"minecraft:golden_shovel":1,"minecraft:carrot":45,"minecraft:chainmail_chestplate":11,"minecraft:poppy":1,"minecraft:leather_chestplate":5,"supplementaries:ash":12,"minecraft:tipped_arrow":7,"minecraft:gunpowder":136,"minecraft:skeleton_skull":2,"minecraft:melon_seeds":12,"minecraft:quartz_block":21,"minecraft:beetroot_seeds":8,"minecraft:hopper":1,"minecraft:leather_boots":2,"minecraft:chest":76,"minecraft:chainmail_boots":9,"minecraft:leather_leggings":2,"farmersdelight:rope":75,"minecraft:iron_bars":37,"minecraft:arrow":605,"minecraft:beef":5,"alexsmobs:banana":1,"minecraft:stone_brick_stairs":6,"mowziesmobs:umvuthana_mask_fury":12,"minecraft:egg":48,"farmersdelight:tomato_seeds":8,"minecraft:stone_hoe":1,"minecraft:enchanted_book":29,"minecraft:golden_boots":6,"minecraft:iron_ingot":290,"minecraft:bread":17,"minecraft:wheat_seeds":19,"minecraft:clock":5,"minecraft:golden_helmet":3,"immersive_armors:wither_chestplate":2,"minecraft:tnt":2,"minecraft:mossy_cobblestone":130,"minecraft:minecart":7,"minecraft:diamond_leggings":3,"minecraft:feather":122,"minecraft:iron_helmet":6,"minecraft:cobblestone":271,"minecraft:lead":5,"minecraft:book":22,"minecraft:apple":12,"minecraft:spruce_stairs":6,"minecraft:chainmail_helmet":14,"minecraft:coal":100,"minecraft:golden_apple":26,"minecraft:stick":139,"minecraft:cobweb":19,"minecraft:diamond_horse_armor":9,"minecraft:wooden_hoe":1,"minecraft:torch":48,"minecraft:wooden_axe":2,"minecraft:melon_slice":24,"minecraft:brown_wool":12,"minecraft:iron_door":3,"minecraft:diamond_helmet":5,"minecraft:potion":52,"minecraft:green_carpet":2,"minecraft:iron_leggings":17,"mowziesmobs:wrought_helmet":1,"minecraft:iron_axe":4,"minecraft:mossy_cobblestone_stairs":12,"minecraft:smooth_stone":20,"artifacts:rooted_boots":2,"minecraft:iron_shovel":15,"minecraft:paper":44,"minecraft:string":394,"minecraft:tripwire_hook":4,"minecraft:blue_carpet":1,"minecraft:bucket":2,"minecraft:music_disc_cat":8,"minecraft:redstone":102,"minecraft:bricks":4,"minecraft:cocoa_beans":6,"minecraft:wild_armor_trim_smithing_template":6,"minecraft:raw_copper":2,"minecraft:bowl":49,"minecraft:deepslate":5,"supplementaries:bomb":5,"farmersdelight:cabbage_seeds":8,"minecraft:clay_ball":42,"minecraft:iron_boots":12,"sophisticatedbackpacks:backpack":2,"minecraft:stone_slab":10,"minecraft:name_tag":3,"immersive_armors:heavy_chestplate":1,"minecraft:flint_and_steel":7,"minecraft:diamond_sword":20,"minecraft:potato":44,"minecraft:stone":61,"minecraft:shield":24,"mowziesmobs:umvuthana_mask_misery":2,"minecraft:spruce_planks":112,"minecraft:diamond_pickaxe":6,"minecraft:iron_chestplate":7,"minecraft:mossy_stone_bricks":174,"minecraft:golden_leggings":2,"minecraft:oak_sapling":19,"minecraft:golden_sword":2,"minecraft:stone_pressure_plate":4,"minecraft:stone_bricks":223,"minecraft:spider_eye":36,"minecraft:bamboo":115,"minecraft:spruce_log":1,"minecraft:slime_ball":21,"minecraft:bow":4,"minecraft:stone_pickaxe":5,"minecraft:wooden_pickaxe":2,"waystones:waystone":2,"minecraft:cooked_rabbit":3,"minecraft:brick":33,"minecraft:black_wool":2,"supplementaries:flute":6},"minecraft:killed_by":{"minecraft:wither_skeleton":13,"minecraft:creeper":3,"minecraft:silverfish":2,"minecraft:cave_spider":17,"minecraft:zombie":11,"minecraft:husk":3,"minecraft:player":1,"minecraft:stray":18,"minecraft:spider":2,"mowziesmobs:ferrous_wroughtnaut":29,"minecraft:hoglin":1,"minecraft:skeleton":34},"minecraft:mined":{"minecraft:blue_carpet":1,"minecraft:spruce_planks":11,"minecraft:stone_pressure_plate":6,"minecraft:mossy_stone_brick_slab":1,"minecraft:cobblestone_stairs":1,"minecraft:jungle_leaves":28,"minecraft:granite":4,"minecraft:infested_cobblestone":4,"minecraft:jungle_log":222,"minecraft:coal_block":5,"minecraft:chiseled_stone_bricks":16,"minecraft:spawner":150,"minecraft:hopper":1,"minecraft:smooth_stone":5,"minecraft:mossy_cobblestone_slab":3,"minecraft:mossy_cobblestone_stairs":78,"minecraft:barrel":7,"minecraft:fire":26,"minecraft:cobbled_deepslate":13,"minecraft:anvil":1,"minecraft:nether_brick_stairs":6,"minecraft:azure_bluet":1,"supplementaries:stick":1,"minecraft:iron_bars":81,"minecraft:green_carpet":1,"minecraft:tripwire":4,"minecraft:red_bed":7,"minecraft:quartz_block":64,"minecraft:torch":28,"minecraft:poppy":1,"minecraft:calcite":26,"minecraft:melon":6,"minecraft:chest":84,"minecraft:cobblestone":217,"minecraft:oak_planks":18,"minecraft:bricks":1,"minecraft:iron_door":4,"minecraft:wall_torch":36,"minecraft:deepslate_copper_ore":2,"minecraft:jungle_wood":5,"minecraft:jukebox":1,"minecraft:stone_brick_stairs":52,"minecraft:infested_mossy_stone_bricks":8,"minecraft:grass":88,"minecraft:oak_log":106,"minecraft:smooth_quartz":1,"minecraft:dirt":13,"minecraft:infested_cracked_stone_bricks":3,"minecraft:smooth_basalt":37,"minecraft:tripwire_hook":2,"minecraft:netherrack":26,"minecraft:deepslate":33,"minecraft:oak_leaves":18,"minecraft:mossy_cobblestone":389,"minecraft:nether_bricks":3,"minecraft:allium":1,"minecraft:jungle_planks":3,"minecraft:acacia_slab":1,"minecraft:furnace":8,"minecraft:andesite":224,"minecraft:mossy_stone_brick_stairs":77,"minecraft:cobblestone_slab":5,"minecraft:vine":108,"minecraft:bamboo":2,"minecraft:stone":728,"minecraft:mangrove_stairs":1,"minecraft:soul_sand":1,"minecraft:infested_stone_bricks":2,"minecraft:dandelion":25,"minecraft:polished_granite":1,"minecraft:cornflower":1,"minecraft:crafting_table":20,"minecraft:copper_ore":5,"minecraft:tall_grass":29,"farmersdelight:wild_tomatoes":1,"minecraft:diorite":61,"minecraft:lime_bed":14,"minecraft:coal_ore":2,"minecraft:gravel":51,"minecraft:cracked_stone_bricks":171,"minecraft:stone_bricks":163,"minecraft:dark_oak_planks":4,"minecraft:mossy_stone_bricks":262,"minecraft:fern":9,"minecraft:infested_stone":7},"minecraft:picked_up":{"minecraft:wooden_axe":4,"minecraft:iron_chestplate":31,"minecraft:wheat":29,"minecraft:chainmail_boots":12,"minecraft:yellow_wool":2,"minecraft:stone_slab":10,"minecraft:lead":8,"minecraft:diamond_sword":86,"immersive_armors:wither_boots":3,"minecraft:enchanted_book":46,"minecraft:potion":69,"minecraft:golden_shovel":1,"minecraft:stone_brick_stairs":60,"minecraft:nether_brick":4,"minecraft:golden_sword":1,"minecraft:music_disc_cat":11,"alexsmobs:gazelle_horn":16,"minecraft:string":569,"minecraft:raw_copper":56,"minecraft:iron_leggings":50,"minecraft:diamond_leggings":5,"minecraft:cobbled_deepslate":76,"minecraft:smooth_stone":38,"minecraft:gold_nugget":339,"alexsmobs:banana":7,"minecraft:bucket":16,"minecraft:spruce_planks":296,"minecraft:cobblestone_slab":13,"minecraft:calcite":37,"minecraft:iron_pickaxe":38,"minecraft:smooth_quartz":1,"minecraft:melon_slice":115,"minecraft:enchanted_golden_apple":4,"minecraft:coal_block":12,"minecraft:furnace":8,"farmersdelight:cabbage_seeds":12,"minecraft:mangrove_log":1,"minecraft:iron_boots":38,"minecraft:golden_helmet":6,"minecraft:tipped_arrow":20,"minecraft:stick":427,"minecraft:jukebox":1,"minecraft:torch":1060,"minecraft:spruce_stairs":5,"minecraft:porkchop":142,"minecraft:diorite":73,"minecraft:golden_chestplate":15,"minecraft:cauldron":1,"sophisticatedbackpacks:pickup_upgrade":2,"minecraft:quartz_block":101,"minecraft:rotten_flesh":1284,"farmersdelight:rope":144,"elevatorid:elevator_yellow":1,"alexsmobs:emu_egg":2,"supplementaries:ash":129,"minecraft:iron_bars":104,"minecraft:cobblestone":1675,"minecraft:mossy_cobblestone_slab":4,"minecraft:leather_chestplate":21,"minecraft:feather":259,"minecraft:cooked_beef":87,"minecraft:andesite":242,"minecraft:water_bucket":1,"minecraft:iron_door":7,"minecraft:jungle_log":316,"minecraft:brown_wool":12,"minecraft:golden_leggings":6,"minecraft:potato":57,"minecraft:jungle_wood":5,"minecraft:flint":34,"supplementaries:flute":7,"minecraft:lapis_lazuli":44,"minecraft:map":5,"minecraft:dirt":11,"minecraft:polished_granite":1,"minecraft:name_tag":10,"minecraft:leather_boots":6,"minecraft:bone":974,"minecraft:bow":13,"minecraft:wheat_seeds":25,"minecraft:mossy_stone_bricks":730,"minecraft:diamond_helmet":8,"minecraft:bamboo":141,"minecraft:stone_hoe":1,"minecraft:oak_planks":896,"minecraft:mossy_stone_brick_stairs":95,"minecraft:cooked_porkchop":269,"minecraft:music_disc_13":8,"artifacts:rooted_boots":26,"minecraft:jungle_planks":645,"sophisticatedbackpacks:iron_backpack":12,"minecraft:nether_brick_stairs":3,"sophisticatedbackpacks:jukebox_upgrade":3,"minecraft:fermented_spider_eye":3,"minecraft:dark_oak_log":5,"minecraft:barrel":7,"minecraft:mossy_cobblestone":1003,"alexsmobs:kangaroo_hide":13,"minecraft:deepslate":4,"minecraft:diamond":6,"waystones:waystone":21,"minecraft:granite":8,"minecraft:grass":12,"minecraft:golden_apple":73,"minecraft:bread":108,"minecraft:golden_horse_armor":1,"minecraft:chainmail_helmet":28,"minecraft:oak_sapling":74,"minecraft:netherrack":24,"minecraft:bricks":4,"sophisticatedbackpacks:gold_backpack":32,"minecraft:diamond_pickaxe":21,"minecraft:cocoa_beans":12,"minecraft:crafting_table":22,"minecraft:chicken":109,"minecraft:clay_ball":46,"minecraft:golden_pickaxe":1,"minecraft:leather_leggings":8,"minecraft:brown_mushroom":1,"minecraft:wooden_pickaxe":2,"minecraft:cooked_rabbit":12,"minecraft:gold_block":51,"minecraft:diamond_horse_armor":12,"minecraft:shield":70,"minecraft:brick":51,"immersive_armors:wither_helmet":2,"minecraft:cornflower":2,"immersive_melodies:lute":6,"minecraft:red_bed":7,"minecraft:flint_and_steel":11,"minecraft:iron_axe":20,"minecraft:compass":19,"minecraft:iron_shovel":19,"supplementaries:bomb":13,"minecraft:cracked_stone_bricks":394,"minecraft:beef":57,"immersive_melodies:trumpet":5,"minecraft:jungle_sapling":49,"minecraft:iron_nugget":197,"minecraft:poppy":2,"minecraft:light_gray_wool":2,"minecraft:minecart":19,"minecraft:sugar_cane":4,"minecraft:chest":168,"minecraft:phantom_membrane":65,"minecraft:egg":47,"minecraft:dark_oak_sapling":9,"minecraft:stone":109,"minecraft:bowl":58,"sophisticatedbackpacks:backpack":1,"farmersdelight:tomato_seeds":25,"immersive_armors:wither_leggings":2,"minecraft:carrot":24,"minecraft:redstone":367,"minecraft:blue_carpet":1,"minecraft:iron_horse_armor":4,"minecraft:stone_pressure_plate":6,"minecraft:dark_oak_planks":4,"mowziesmobs:umvuthana_mask_faith":1,"minecraft:tnt":6,"minecraft:arrow":1365,"minecraft:beetroot_seeds":8,"minecraft:nether_bricks":1,"minecraft:shears":1,"sophisticatedbackpacks:copper_backpack":4,"minecraft:saddle":37,"minecraft:gold_ingot":597,"minecraft:mutton":89,"alexsmobs:kangaroo_meat":9,"minecraft:white_wool":38,"mowziesmobs:umvuthana_mask_fury":15,"minecraft:lime_bed":18,"minecraft:clock":8,"minecraft:tripwire_hook":4,"minecraft:leather":42,"minecraft:yellow_dye":26,"minecraft:red_mushroom":8,"minecraft:oak_log":112,"minecraft:chainmail_chestplate":13,"minecraft:golden_boots":10,"minecraft:gunpowder":328,"minecraft:cobblestone_stairs":2,"mowziesmobs:wrought_axe":9,"minecraft:wooden_hoe":1,"minecraft:paper":96,"minecraft:cooked_mutton":3,"immersive_armors:heavy_chestplate":1,"minecraft:apple":53,"minecraft:stone_bricks":636,"minecraft:wild_armor_trim_smithing_template":22,"minecraft:iron_ingot":953,"artifacts:whoopee_cushion":5,"minecraft:stone_pickaxe":4,"minecraft:cooked_chicken":77,"minecraft:cobweb":22,"minecraft:glass_bottle":167,"minecraft:soul_sand":1,"mowziesmobs:umvuthana_mask_misery":2,"minecraft:iron_sword":20,"minecraft:book":77,"elevatorid:elevator_white":1,"minecraft:smooth_basalt":54,"minecraft:pumpkin":14,"minecraft:chiseled_stone_bricks":22,"minecraft:quartz":22,"minecraft:dandelion":22,"minecraft:gravel":72,"immersive_armors:wither_chestplate":10,"mowziesmobs:wrought_helmet":1,"minecraft:spruce_log":6,"minecraft:mossy_stone_brick_slab":2,"minecraft:green_carpet":2,"minecraft:spider_eye":40,"minecraft:leather_helmet":13,"minecraft:diamond_shovel":15,"minecraft:pumpkin_seeds":2,"minecraft:slime_ball":45,"minecraft:stone_axe":10,"minecraft:chainmail_leggings":2,"immersive_armors:wooden_chestplate":1,"minecraft:iron_helmet":32,"minecraft:diamond_axe":13,"minecraft:mossy_cobblestone_stairs":89,"minecraft:gray_wool":4,"minecraft:baked_potato":30,"minecraft:black_wool":5,"minecraft:melon_seeds":39,"immersive_armors:wooden_boots":1,"minecraft:coal":374,"minecraft:hopper":2,"minecraft:ender_pearl":90},"minecraft:crafted":{"minecraft:grindstone":1,"minecraft:yellow_wool":9,"minecraft:oak_planks":396,"minecraft:cobblestone_slab":72,"immersive_armors:wither_helmet":1,"minecraft:cooked_chicken":32,"minecraft:stone":3,"minecraft:nether_brick":22,"minecraft:cooked_mutton":21,"minecraft:hopper":1,"minecraft:iron_boots":4,"minecraft:chest":4,"supplementaries:flute":1,"immersive_armors:bone_chestplate":1,"sophisticatedbackpacks:backpack":3,"immersive_armors:bone_leggings":1,"minecraft:cooked_porkchop":56,"minecraft:crafting_table":20,"minecraft:spruce_planks":20,"minecraft:wooden_pickaxe":2,"minecraft:iron_helmet":2,"immersive_melodies:lute":1,"minecraft:copper_ingot":3,"minecraft:gold_block":50,"minecraft:iron_chestplate":3,"minecraft:yellow_dye":22,"minecraft:shield":5,"minecraft:stick":92,"minecraft:stone_slab":6,"minecraft:iron_pickaxe":4,"minecraft:iron_ingot":14,"minecraft:iron_block":6,"minecraft:gold_ingot":35,"immersive_armors:bone_boots":1,"minecraft:shears":1,"immersive_armors:wither_chestplate":1,"minecraft:coal":90,"immersive_melodies:trumpet":1,"minecraft:furnace":7,"immersive_melodies:flute":1,"minecraft:flint_and_steel":2,"minecraft:leather":2,"minecraft:iron_axe":5,"minecraft:stone_pickaxe":1,"sophisticatedbackpacks:iron_backpack":2,"minecraft:cooked_beef":26,"minecraft:coal_block":6,"immersive_armors:wither_boots":1,"elevatorid:elevator_white":1,"alexsmobs:cooked_kangaroo_meat":3,"immersive_armors:wither_leggings":1,"minecraft:iron_sword":1,"sophisticatedbackpacks:gold_backpack":2,"minecraft:mangrove_planks":4,"minecraft:bucket":1,"minecraft:stone_axe":1,"minecraft:bread":4,"minecraft:air":0,"minecraft:jungle_planks":792,"immersive_armors:bone_helmet":1,"minecraft:wooden_axe":6,"minecraft:iron_leggings":4,"minecraft:anvil":2,"minecraft:torch":380,"elevatorid:elevator_yellow":1},"minecraft:broken":{"minecraft:iron_boots":1,"minecraft:iron_chestplate":1,"minecraft:wooden_axe":2,"minecraft:shield":1,"minecraft:iron_pickaxe":2,"minecraft:iron_helmet":1},"minecraft:used":{"minecraft:chest":19,"minecraft:shield":184,"minecraft:iron_sword":189,"minecraft:stone":19,"minecraft:rotten_flesh":82,"minecraft:iron_chestplate":7,"minecraft:mutton":5,"minecraft:nether_bricks":1,"minecraft:jungle_planks":514,"minecraft:quartz_block":5,"minecraft:iron_helmet":7,"minecraft:stone_brick_stairs":2,"minecraft:stone_bricks":135,"minecraft:bow":13,"supplementaries:ash":3,"minecraft:oak_sapling":19,"minecraft:furnace":15,"minecraft:diorite":30,"minecraft:mossy_stone_bricks":250,"minecraft:stone_pickaxe":24,"minecraft:oak_planks":275,"minecraft:ender_pearl":4,"minecraft:wooden_pickaxe":8,"minecraft:mossy_stone_brick_stairs":1,"minecraft:chainmail_helmet":2,"minecraft:diamond_axe":1,"minecraft:golden_apple":10,"elevatorid:elevator_white":1,"waystones:waystone":14,"minecraft:melon_slice":18,"minecraft:bread":29,"minecraft:gravel":11,"minecraft:diamond_sword":1459,"minecraft:coal_block":1,"minecraft:chainmail_boots":1,"minecraft:grindstone":1,"minecraft:cooked_rabbit":6,"minecraft:andesite":197,"minecraft:iron_bars":7,"minecraft:flint_and_steel":23,"mowziesmobs:umvuthana_mask_misery":2,"minecraft:spruce_planks":59,"minecraft:cooked_chicken":20,"minecraft:stick":1,"minecraft:torch":496,"minecraft:dirt":1,"minecraft:anvil":2,"minecraft:hopper":1,"minecraft:chainmail_chestplate":1,"minecraft:diamond_helmet":1,"minecraft:mossy_cobblestone_stairs":19,"minecraft:wooden_axe":176,"immersive_armors:wither_helmet":1,"minecraft:iron_axe":324,"minecraft:iron_boots":7,"minecraft:smooth_basalt":5,"minecraft:barrel":2,"minecraft:beef":2,"minecraft:cooked_beef":17,"minecraft:cobbled_deepslate":44,"minecraft:iron_leggings":8,"minecraft:cooked_mutton":7,"minecraft:calcite":18,"minecraft:water_bucket":20,"minecraft:baked_potato":14,"minecraft:cobblestone_slab":33,"minecraft:cracked_stone_bricks":99,"minecraft:mossy_cobblestone":381,"minecraft:lime_bed":14,"minecraft:red_bed":7,"minecraft:crafting_table":35,"mowziesmobs:wrought_axe":80,"minecraft:diamond_pickaxe":1973,"minecraft:apple":13,"minecraft:diamond_shovel":26,"minecraft:iron_pickaxe":1079,"minecraft:leather_helmet":1,"minecraft:chiseled_stone_bricks":1,"minecraft:stone_axe":38,"minecraft:cobblestone":910,"minecraft:potion":3,"minecraft:cooked_porkchop":33,"minecraft:bucket":20,"minecraft:chainmail_leggings":1,"minecraft:smooth_stone":1}},"DataVersion":3465}