{"stats":{"minecraft:broken":{"minecraft:wooden_axe":2},"minecraft:killed":{"minecraft:spider":1,"minecraft:skeleton":21,"minecraft:magma_cube":7,"minecraft:husk":1,"minecraft:zombie":21,"minecraft:stray":2},"minecraft:killed_by":{"minecraft:husk":3,"minecraft:creeper":1,"minecraft:cave_spider":1,"minecraft:skeleton":9,"minecraft:zombie":2},"minecraft:mined":{"minecraft:dark_oak_planks":4,"minecraft:jungle_leaves":28,"minecraft:nether_bricks":3,"minecraft:jungle_planks":2,"minecraft:jungle_log":138,"minecraft:coal_block":5,"minecraft:spawner":27,"minecraft:furnace":4,"minecraft:barrel":7,"minecraft:vine":11,"minecraft:iron_bars":21,"minecraft:green_carpet":1,"minecraft:stone":39,"minecraft:tripwire":4,"minecraft:quartz_block":12,"minecraft:crafting_table":8,"minecraft:torch":4,"minecraft:melon":6,"minecraft:chest":3,"minecraft:copper_ore":2,"minecraft:cobblestone":2,"minecraft:diorite":1,"minecraft:lime_bed":3,"minecraft:jungle_wood":5,"minecraft:stone_brick_stairs":1,"minecraft:grass":7,"minecraft:oak_log":40,"minecraft:smooth_quartz":1,"minecraft:tripwire_hook":2,"minecraft:stone_bricks":4,"minecraft:netherrack":25,"minecraft:oak_leaves":10,"minecraft:fern":3},"minecraft:custom":{"minecraft:mob_kills":59,"minecraft:interact_with_crafting_table":31,"minecraft:open_barrel":16,"minecraft:leave_game":6,"minecraft:time_since_death":39829,"minecraft:climb_one_cm":42416,"minecraft:sprint_one_cm":418809,"minecraft:walk_one_cm":207670,"minecraft:damage_blocked_by_shield":3826,"minecraft:drop":98,"minecraft:play_time":115418,"minecraft:deaths":17,"minecraft:sneak_time":8455,"minecraft:walk_under_water_one_cm":623,"minecraft:jump":1620,"minecraft:walk_on_water_one_cm":7901,"minecraft:total_world_time":115418,"minecraft:interact_with_furnace":28,"minecraft:time_since_rest":39854,"minecraft:damage_taken":7362,"minecraft:damage_absorbed":80,"minecraft:damage_dealt":11358,"minecraft:fly_one_cm":240009,"minecraft:open_chest":67,"minecraft:crouch_one_cm":24084,"minecraft:fall_one_cm":46789},"minecraft:crafted":{"immersive_armors:wither_chestplate":1,"minecraft:oak_planks":132,"minecraft:coal":9,"immersive_armors:wither_helmet":1,"immersive_melodies:trumpet":1,"minecraft:furnace":3,"immersive_melodies:flute":1,"minecraft:nether_brick":22,"minecraft:iron_boots":1,"minecraft:iron_axe":1,"immersive_armors:bone_chestplate":1,"minecraft:coal_block":6,"immersive_armors:wither_boots":1,"immersive_armors:bone_leggings":1,"minecraft:crafting_table":10,"minecraft:wooden_pickaxe":1,"immersive_armors:wither_leggings":1,"minecraft:iron_sword":1,"immersive_melodies:lute":1,"minecraft:copper_ingot":3,"minecraft:gold_block":25,"minecraft:mangrove_planks":4,"minecraft:air":0,"minecraft:bread":4,"minecraft:jungle_planks":456,"immersive_armors:bone_helmet":1,"minecraft:shield":2,"minecraft:stick":36,"minecraft:iron_ingot":12,"minecraft:iron_pickaxe":1,"minecraft:wooden_axe":6,"minecraft:gold_ingot":7,"minecraft:iron_leggings":1,"minecraft:torch":44,"immersive_armors:bone_boots":1},"minecraft:picked_up":{"minecraft:wooden_axe":4,"minecraft:crafting_table":10,"minecraft:iron_chestplate":5,"minecraft:wheat":16,"minecraft:chainmail_boots":1,"minecraft:leather_leggings":2,"minecraft:diamond_sword":7,"minecraft:wooden_pickaxe":1,"minecraft:potion":3,"minecraft:enchanted_book":12,"minecraft:golden_shovel":1,"minecraft:nether_brick":4,"minecraft:stone_brick_stairs":2,"minecraft:shield":11,"minecraft:raw_copper":7,"minecraft:string":190,"minecraft:iron_axe":4,"minecraft:iron_leggings":10,"minecraft:iron_shovel":2,"minecraft:cracked_stone_bricks":186,"alexsmobs:banana":1,"minecraft:gold_nugget":68,"minecraft:bucket":6,"minecraft:smooth_quartz":1,"minecraft:jungle_sapling":10,"minecraft:iron_nugget":123,"minecraft:iron_pickaxe":5,"minecraft:melon_slice":44,"minecraft:coal_block":12,"minecraft:chest":3,"minecraft:furnace":4,"minecraft:mangrove_log":1,"minecraft:iron_boots":11,"minecraft:golden_helmet":3,"minecraft:dark_oak_sapling":9,"minecraft:stick":58,"minecraft:stone":92,"minecraft:torch":73,"minecraft:redstone":269,"minecraft:golden_chestplate":1,"minecraft:iron_horse_armor":3,"minecraft:dark_oak_planks":4,"minecraft:quartz_block":10,"minecraft:arrow":207,"minecraft:rotten_flesh":111,"minecraft:nether_bricks":1,"minecraft:saddle":4,"minecraft:gold_ingot":205,"minecraft:iron_bars":20,"minecraft:cobblestone":62,"minecraft:lime_bed":3,"minecraft:leather_chestplate":2,"minecraft:feather":18,"minecraft:andesite":5,"minecraft:tripwire_hook":4,"minecraft:jungle_log":168,"minecraft:jungle_wood":5,"minecraft:potato":6,"minecraft:flint":8,"minecraft:oak_log":35,"minecraft:chainmail_chestplate":3,"minecraft:golden_boots":3,"minecraft:gunpowder":49,"minecraft:lapis_lazuli":3,"minecraft:name_tag":4,"minecraft:leather_boots":3,"minecraft:bone":394,"minecraft:apple":5,"minecraft:stone_bricks":69,"minecraft:wild_armor_trim_smithing_template":12,"minecraft:iron_ingot":587,"artifacts:whoopee_cushion":5,"minecraft:iron_sword":3,"minecraft:oak_planks":28,"minecraft:book":20,"artifacts:rooted_boots":1,"minecraft:music_disc_13":4,"minecraft:quartz":22,"minecraft:jungle_planks":258,"minecraft:green_carpet":2,"minecraft:dark_oak_log":5,"minecraft:barrel":7,"minecraft:spider_eye":2,"minecraft:leather_helmet":1,"minecraft:diamond_shovel":4,"minecraft:pumpkin_seeds":2,"minecraft:stone_axe":5,"waystones:waystone":1,"minecraft:iron_helmet":5,"minecraft:golden_apple":5,"minecraft:bread":13,"minecraft:golden_horse_armor":1,"minecraft:chainmail_helmet":5,"minecraft:baked_potato":4,"minecraft:oak_sapling":17,"minecraft:netherrack":24,"minecraft:melon_seeds":3,"minecraft:coal":182,"minecraft:diamond_pickaxe":3},"minecraft:dropped":{"minecraft:enchanted_book":3,"minecraft:golden_boots":3,"minecraft:iron_ingot":57,"minecraft:iron_sword":1,"minecraft:golden_helmet":3,"minecraft:glass_bottle":1,"minecraft:iron_helmet":1,"minecraft:cobblestone":10,"minecraft:jungle_planks":33,"minecraft:cracked_stone_bricks":62,"minecraft:chainmail_helmet":3,"minecraft:flint":3,"minecraft:stick":22,"minecraft:torch":1,"minecraft:wooden_axe":2,"minecraft:melon_slice":8,"minecraft:green_carpet":2,"minecraft:iron_leggings":4,"minecraft:iron_axe":1,"minecraft:iron_pickaxe":2,"minecraft:iron_shovel":2,"minecraft:tripwire_hook":4,"minecraft:bucket":1,"minecraft:bone":60,"minecraft:redstone":6,"minecraft:stone_axe":2,"minecraft:iron_nugget":16,"minecraft:golden_chestplate":1,"minecraft:raw_copper":2,"minecraft:nether_brick":4,"minecraft:rotten_flesh":11,"minecraft:iron_boots":2,"minecraft:diamond_shovel":3,"minecraft:name_tag":1,"minecraft:golden_shovel":1,"minecraft:chainmail_chestplate":2,"minecraft:potato":2,"minecraft:stone":58,"minecraft:shield":2,"minecraft:skeleton_skull":2,"minecraft:iron_chestplate":2,"minecraft:chainmail_boots":1,"minecraft:oak_sapling":6,"minecraft:stone_bricks":23,"minecraft:spider_eye":2,"minecraft:iron_bars":4,"minecraft:stone_brick_stairs":2},"minecraft:used":{"minecraft:chest":1,"minecraft:shield":46,"minecraft:stone":19,"minecraft:iron_sword":189,"minecraft:rotten_flesh":35,"minecraft:iron_chestplate":2,"minecraft:torch":57,"minecraft:nether_bricks":1,"minecraft:jungle_planks":218,"minecraft:wooden_axe":176,"immersive_armors:wither_helmet":1,"minecraft:iron_axe":31,"minecraft:iron_helmet":1,"minecraft:iron_boots":1,"minecraft:barrel":2,"minecraft:stone_bricks":25,"minecraft:furnace":4,"minecraft:cooked_beef":5,"minecraft:baked_potato":5,"minecraft:oak_planks":16,"minecraft:golden_apple":4,"minecraft:lime_bed":2,"minecraft:crafting_table":15,"minecraft:diamond_pickaxe":29,"minecraft:apple":1,"minecraft:bread":14,"minecraft:melon_slice":14,"minecraft:iron_pickaxe":122,"minecraft:stone_axe":19,"minecraft:diamond_sword":125,"minecraft:coal_block":1,"minecraft:cobblestone":5,"minecraft:potion":1,"minecraft:andesite":5,"minecraft:chainmail_leggings":1}},"DataVersion":3465}