{"stats":{"minecraft:custom":{"minecraft:interact_with_crafting_table":64,"minecraft:open_barrel":16,"minecraft:leave_game":17,"minecraft:time_since_death":29838,"minecraft:damage_resisted":276,"minecraft:sprint_one_cm":1604134,"minecraft:damage_blocked_by_shield":8117,"minecraft:drop":909,"minecraft:play_time":347795,"minecraft:deaths":119,"minecraft:jump":5005,"minecraft:walk_on_water_one_cm":10172,"minecraft:interact_with_furnace":93,"minecraft:sleep_in_bed":9,"minecraft:waystone_activated":5,"minecraft:damage_dealt":35299,"minecraft:player_kills":1,"minecraft:crouch_one_cm":32669,"minecraft:interact_with_anvil":7,"minecraft:mob_kills":209,"minecraft:inspect_hopper":2,"minecraft:damage_dealt_resisted":296,"minecraft:climb_one_cm":60554,"minecraft:walk_one_cm":698754,"minecraft:sneak_time":11990,"minecraft:walk_under_water_one_cm":677,"minecraft:total_world_time":347795,"minecraft:interact_with_grindstone":5,"minecraft:time_since_rest":29874,"minecraft:damage_absorbed":360,"minecraft:damage_taken":46419,"minecraft:swim_one_cm":470,"minecraft:fly_one_cm":1006116,"minecraft:open_chest":307,"minecraft:fall_one_cm":143213},"minecraft:crafted":{"minecraft:grindstone":1,"minecraft:oak_planks":156,"immersive_armors:wither_helmet":1,"minecraft:cooked_chicken":7,"minecraft:stone":3,"minecraft:nether_brick":22,"minecraft:cooked_mutton":6,"minecraft:hopper":1,"minecraft:iron_boots":2,"minecraft:chest":1,"supplementaries:flute":1,"immersive_armors:bone_chestplate":1,"sophisticatedbackpacks:backpack":1,"immersive_armors:bone_leggings":1,"minecraft:cooked_porkchop":28,"minecraft:crafting_table":15,"minecraft:spruce_planks":4,"minecraft:wooden_pickaxe":1,"minecraft:iron_helmet":1,"immersive_melodies:lute":1,"minecraft:copper_ingot":3,"minecraft:gold_block":50,"minecraft:iron_chestplate":2,"minecraft:shield":4,"minecraft:stick":64,"minecraft:stone_slab":6,"minecraft:iron_ingot":14,"minecraft:iron_pickaxe":1,"minecraft:iron_block":6,"minecraft:gold_ingot":35,"immersive_armors:bone_boots":1,"immersive_armors:wither_chestplate":1,"minecraft:coal":90,"immersive_melodies:trumpet":1,"minecraft:furnace":7,"immersive_melodies:flute":1,"minecraft:flint_and_steel":2,"minecraft:leather":2,"minecraft:iron_axe":3,"sophisticatedbackpacks:iron_backpack":1,"minecraft:cooked_beef":6,"minecraft:coal_block":6,"immersive_armors:wither_boots":1,"immersive_armors:wither_leggings":1,"minecraft:iron_sword":1,"sophisticatedbackpacks:gold_backpack":2,"minecraft:mangrove_planks":4,"minecraft:bread":4,"minecraft:air":0,"minecraft:jungle_planks":456,"immersive_armors:bone_helmet":1,"minecraft:wooden_axe":6,"minecraft:iron_leggings":2,"minecraft:anvil":2,"minecraft:torch":124},"minecraft:killed":{"minecraft:cave_spider":7,"minecraft:spider":9,"minecraft:skeleton":31,"mowziesmobs:umvuthana_crane_player":1,"minecraft:bee":1,"minecraft:chicken":7,"mowziesmobs:umvuthana_crane":2,"alexsmobs:kangaroo":3,"minecraft:magma_cube":7,"minecraft:pig":16,"minecraft:creeper":3,"minecraft:sheep":5,"minecraft:zombie":41,"minecraft:stray":11,"minecraft:cow":7,"mowziesmobs:umvuthana":1,"minecraft:husk":1,"mowziesmobs:umvuthana_follower_raptor":1,"alexsmobs:gazelle":5,"minecraft:wither_skeleton":34,"minecraft:enderman":1},"minecraft:used":{"minecraft:chest":18,"minecraft:shield":114,"minecraft:iron_sword":189,"minecraft:stone":19,"minecraft:rotten_flesh":78,"minecraft:iron_chestplate":5,"minecraft:mutton":5,"minecraft:jungle_planks":218,"minecraft:nether_bricks":1,"minecraft:iron_helmet":3,"minecraft:stone_bricks":29,"minecraft:bow":13,"supplementaries:ash":3,"minecraft:furnace":15,"minecraft:mossy_stone_bricks":1,"minecraft:oak_planks":23,"minecraft:chainmail_helmet":2,"minecraft:diamond_axe":1,"minecraft:golden_apple":8,"waystones:waystone":4,"minecraft:melon_slice":18,"minecraft:bread":18,"minecraft:gravel":1,"minecraft:diamond_sword":593,"minecraft:coal_block":1,"minecraft:chainmail_boots":1,"minecraft:grindstone":1,"minecraft:cooked_rabbit":6,"minecraft:andesite":5,"minecraft:iron_bars":4,"minecraft:flint_and_steel":23,"mowziesmobs:umvuthana_mask_misery":2,"minecraft:cooked_chicken":3,"minecraft:torch":234,"minecraft:anvil":2,"minecraft:hopper":1,"minecraft:chainmail_chestplate":1,"minecraft:wooden_axe":176,"immersive_armors:wither_helmet":1,"minecraft:iron_axe":95,"minecraft:iron_boots":3,"minecraft:barrel":2,"minecraft:beef":2,"minecraft:cooked_beef":14,"minecraft:iron_leggings":4,"minecraft:cooked_mutton":6,"minecraft:baked_potato":14,"minecraft:cracked_stone_bricks":1,"minecraft:mossy_cobblestone":30,"minecraft:lime_bed":10,"minecraft:red_bed":7,"minecraft:crafting_table":27,"mowziesmobs:wrought_axe":80,"minecraft:diamond_pickaxe":196,"minecraft:apple":11,"minecraft:iron_pickaxe":327,"minecraft:leather_helmet":1,"minecraft:stone_axe":28,"minecraft:cobblestone":72,"minecraft:potion":3,"minecraft:cooked_porkchop":5,"minecraft:chainmail_leggings":1,"minecraft:smooth_stone":1},"minecraft:mined":{"minecraft:blue_carpet":1,"minecraft:stone_pressure_plate":3,"minecraft:jungle_leaves":28,"minecraft:jungle_log":138,"minecraft:coal_block":5,"minecraft:spawner":98,"minecraft:hopper":1,"minecraft:smooth_stone":5,"minecraft:mossy_cobblestone_stairs":7,"minecraft:barrel":7,"minecraft:fire":26,"minecraft:anvil":1,"minecraft:nether_brick_stairs":6,"minecraft:iron_bars":45,"minecraft:green_carpet":1,"minecraft:tripwire":4,"minecraft:red_bed":7,"minecraft:quartz_block":35,"minecraft:torch":5,"minecraft:melon":6,"minecraft:chest":77,"minecraft:cobblestone":56,"minecraft:oak_planks":5,"minecraft:iron_door":1,"minecraft:jungle_wood":5,"minecraft:stone_brick_stairs":3,"minecraft:grass":35,"minecraft:oak_log":46,"minecraft:smooth_quartz":1,"minecraft:tripwire_hook":2,"minecraft:netherrack":26,"minecraft:deepslate":1,"minecraft:oak_leaves":14,"minecraft:mossy_cobblestone":16,"minecraft:nether_bricks":3,"minecraft:jungle_planks":2,"minecraft:furnace":8,"minecraft:mossy_stone_brick_stairs":4,"minecraft:vine":44,"minecraft:bamboo":2,"minecraft:stone":134,"minecraft:soul_sand":1,"minecraft:crafting_table":15,"minecraft:copper_ore":2,"minecraft:tall_grass":9,"minecraft:diorite":1,"minecraft:lime_bed":11,"minecraft:gravel":2,"minecraft:cracked_stone_bricks":5,"minecraft:stone_bricks":11,"minecraft:mossy_stone_bricks":8,"minecraft:dark_oak_planks":4,"minecraft:fern":3},"minecraft:picked_up":{"minecraft:wooden_axe":4,"minecraft:iron_chestplate":24,"minecraft:wheat":29,"minecraft:chainmail_boots":12,"minecraft:stone_slab":10,"minecraft:lead":8,"minecraft:diamond_sword":73,"immersive_armors:wither_boots":3,"minecraft:enchanted_book":46,"minecraft:potion":67,"minecraft:golden_shovel":1,"minecraft:stone_brick_stairs":6,"minecraft:nether_brick":4,"minecraft:golden_sword":1,"minecraft:music_disc_cat":11,"alexsmobs:gazelle_horn":16,"minecraft:string":540,"minecraft:raw_copper":7,"minecraft:iron_leggings":42,"minecraft:diamond_leggings":3,"minecraft:smooth_stone":38,"minecraft:gold_nugget":339,"alexsmobs:banana":1,"minecraft:bucket":11,"minecraft:spruce_planks":107,"minecraft:iron_pickaxe":26,"minecraft:smooth_quartz":1,"minecraft:enchanted_golden_apple":4,"minecraft:melon_slice":88,"minecraft:coal_block":12,"farmersdelight:cabbage_seeds":12,"minecraft:mangrove_log":1,"minecraft:iron_boots":28,"minecraft:furnace":8,"minecraft:golden_helmet":4,"minecraft:tipped_arrow":4,"minecraft:stick":289,"minecraft:torch":474,"minecraft:spruce_stairs":5,"minecraft:porkchop":29,"minecraft:golden_chestplate":12,"minecraft:cauldron":1,"sophisticatedbackpacks:pickup_upgrade":2,"minecraft:quartz_block":34,"minecraft:rotten_flesh":1164,"farmersdelight:rope":144,"supplementaries:ash":71,"minecraft:iron_bars":53,"minecraft:cobblestone":736,"minecraft:leather_chestplate":20,"minecraft:feather":197,"minecraft:cooked_beef":31,"minecraft:andesite":5,"minecraft:water_bucket":1,"minecraft:iron_door":6,"minecraft:jungle_log":168,"minecraft:brown_wool":12,"minecraft:golden_leggings":4,"minecraft:potato":52,"minecraft:jungle_wood":5,"minecraft:flint":32,"supplementaries:flute":7,"minecraft:map":5,"minecraft:lapis_lazuli":44,"minecraft:name_tag":8,"minecraft:leather_boots":4,"minecraft:bone":816,"minecraft:bow":11,"minecraft:wheat_seeds":11,"minecraft:mossy_stone_bricks":227,"minecraft:diamond_helmet":5,"minecraft:bamboo":141,"minecraft:stone_hoe":1,"minecraft:oak_planks":136,"minecraft:mossy_stone_brick_stairs":9,"minecraft:cooked_porkchop":111,"minecraft:music_disc_13":7,"artifacts:rooted_boots":19,"minecraft:jungle_planks":326,"minecraft:nether_brick_stairs":3,"sophisticatedbackpacks:iron_backpack":10,"sophisticatedbackpacks:jukebox_upgrade":3,"minecraft:fermented_spider_eye":3,"minecraft:dark_oak_log":5,"minecraft:barrel":7,"minecraft:mossy_cobblestone":263,"alexsmobs:kangaroo_hide":4,"minecraft:deepslate":4,"minecraft:diamond":6,"waystones:waystone":10,"minecraft:golden_apple":52,"minecraft:bread":54,"minecraft:golden_horse_armor":1,"minecraft:chainmail_helmet":27,"minecraft:oak_sapling":30,"minecraft:netherrack":24,"minecraft:bricks":3,"minecraft:diamond_pickaxe":18,"sophisticatedbackpacks:gold_backpack":30,"minecraft:crafting_table":14,"minecraft:chicken":7,"minecraft:clay_ball":46,"minecraft:golden_pickaxe":1,"minecraft:leather_leggings":4,"minecraft:brown_mushroom":1,"minecraft:wooden_pickaxe":2,"minecraft:cooked_rabbit":12,"minecraft:gold_block":51,"minecraft:diamond_horse_armor":12,"minecraft:shield":61,"minecraft:brick":51,"immersive_armors:wither_helmet":2,"immersive_melodies:lute":4,"minecraft:red_bed":7,"minecraft:iron_axe":11,"minecraft:flint_and_steel":11,"minecraft:compass":19,"minecraft:iron_shovel":17,"supplementaries:bomb":13,"minecraft:cracked_stone_bricks":201,"minecraft:beef":15,"immersive_melodies:trumpet":5,"minecraft:jungle_sapling":10,"minecraft:iron_nugget":197,"minecraft:minecart":19,"minecraft:chest":163,"minecraft:phantom_membrane":65,"minecraft:egg":42,"minecraft:dark_oak_sapling":9,"minecraft:stone":94,"minecraft:bowl":58,"farmersdelight:tomato_seeds":12,"immersive_armors:wither_leggings":2,"minecraft:carrot":24,"minecraft:redstone":367,"minecraft:blue_carpet":1,"minecraft:iron_horse_armor":3,"minecraft:stone_pressure_plate":5,"minecraft:dark_oak_planks":4,"mowziesmobs:umvuthana_mask_faith":1,"minecraft:tnt":6,"minecraft:arrow":1224,"minecraft:beetroot_seeds":8,"minecraft:nether_bricks":1,"minecraft:saddle":33,"minecraft:gold_ingot":578,"minecraft:mutton":12,"minecraft:white_wool":10,"mowziesmobs:umvuthana_mask_fury":15,"minecraft:lime_bed":15,"minecraft:clock":8,"minecraft:tripwire_hook":4,"minecraft:leather":12,"minecraft:red_mushroom":8,"minecraft:oak_log":47,"minecraft:chainmail_chestplate":12,"minecraft:golden_boots":5,"minecraft:gunpowder":250,"mowziesmobs:wrought_axe":9,"minecraft:wooden_hoe":1,"minecraft:paper":91,"minecraft:cooked_mutton":2,"immersive_armors:heavy_chestplate":1,"minecraft:apple":48,"minecraft:stone_bricks":407,"minecraft:wild_armor_trim_smithing_template":22,"minecraft:iron_ingot":870,"artifacts:whoopee_cushion":5,"minecraft:stone_pickaxe":3,"minecraft:cooked_chicken":58,"minecraft:cobweb":19,"minecraft:glass_bottle":161,"minecraft:iron_sword":20,"mowziesmobs:umvuthana_mask_misery":2,"minecraft:soul_sand":1,"minecraft:book":77,"minecraft:quartz":22,"minecraft:gravel":9,"immersive_armors:wither_chestplate":9,"mowziesmobs:wrought_helmet":1,"minecraft:spruce_log":6,"minecraft:green_carpet":2,"minecraft:spider_eye":27,"minecraft:leather_helmet":13,"minecraft:diamond_shovel":10,"minecraft:pumpkin_seeds":2,"minecraft:slime_ball":45,"minecraft:stone_axe":7,"minecraft:iron_helmet":22,"minecraft:diamond_axe":13,"minecraft:mossy_cobblestone_stairs":10,"minecraft:baked_potato":28,"minecraft:melon_seeds":39,"minecraft:black_wool":2,"minecraft:coal":329,"minecraft:hopper":2,"minecraft:ender_pearl":45},"minecraft:dropped":{"minecraft:nether_brick_stairs":3,"minecraft:iron_sword":14,"minecraft:soul_sand":1,"minecraft:brown_mushroom":1,"minecraft:diamond_axe":2,"minecraft:lapis_lazuli":42,"minecraft:cooked_beef":12,"minecraft:baked_potato":9,"immersive_melodies:trumpet":3,"minecraft:golden_pickaxe":1,"minecraft:ender_pearl":19,"minecraft:glass_bottle":70,"minecraft:diamond":6,"minecraft:crafting_table":1,"minecraft:cooked_porkchop":7,"immersive_melodies:lute":3,"minecraft:leather":10,"minecraft:mossy_stone_brick_stairs":9,"minecraft:jungle_planks":105,"minecraft:cracked_stone_bricks":68,"minecraft:saddle":17,"minecraft:leather_helmet":7,"sophisticatedbackpacks:gold_backpack":2,"minecraft:red_mushroom":19,"minecraft:flint":23,"minecraft:gold_block":51,"immersive_armors:wither_boots":1,"minecraft:mutton":1,"minecraft:gold_nugget":167,"minecraft:phantom_membrane":16,"minecraft:iron_pickaxe":6,"minecraft:white_wool":8,"minecraft:cauldron":1,"minecraft:gold_ingot":266,"minecraft:bone":494,"minecraft:gravel":8,"minecraft:stone_axe":5,"minecraft:compass":13,"alexsmobs:gazelle_horn":19,"minecraft:iron_nugget":71,"minecraft:cooked_chicken":1,"minecraft:golden_chestplate":13,"minecraft:nether_brick":4,"minecraft:wheat":16,"immersive_melodies:flute":1,"minecraft:rotten_flesh":925,"minecraft:oak_planks":33,"minecraft:enchanted_golden_apple":1,"minecraft:diamond_shovel":14,"minecraft:golden_shovel":1,"minecraft:carrot":45,"minecraft:chainmail_chestplate":11,"minecraft:leather_chestplate":5,"supplementaries:ash":8,"minecraft:tipped_arrow":7,"minecraft:gunpowder":132,"minecraft:skeleton_skull":2,"minecraft:melon_seeds":12,"minecraft:quartz_block":12,"minecraft:beetroot_seeds":8,"minecraft:hopper":1,"minecraft:leather_boots":2,"minecraft:chainmail_boots":9,"minecraft:chest":76,"farmersdelight:rope":75,"minecraft:leather_leggings":2,"minecraft:iron_bars":35,"minecraft:arrow":605,"minecraft:beef":5,"minecraft:stone_brick_stairs":6,"mowziesmobs:umvuthana_mask_fury":12,"minecraft:egg":48,"farmersdelight:tomato_seeds":8,"minecraft:stone_hoe":1,"minecraft:enchanted_book":29,"minecraft:golden_boots":6,"minecraft:iron_ingot":290,"minecraft:bread":17,"minecraft:wheat_seeds":11,"minecraft:clock":5,"minecraft:golden_helmet":3,"immersive_armors:wither_chestplate":2,"minecraft:tnt":2,"minecraft:mossy_cobblestone":125,"minecraft:minecart":7,"minecraft:diamond_leggings":3,"minecraft:book":22,"minecraft:iron_helmet":6,"minecraft:feather":122,"minecraft:cobblestone":269,"minecraft:lead":5,"minecraft:apple":12,"minecraft:spruce_stairs":6,"minecraft:chainmail_helmet":14,"minecraft:coal":100,"minecraft:golden_apple":26,"minecraft:stick":118,"minecraft:cobweb":19,"minecraft:diamond_horse_armor":9,"minecraft:wooden_hoe":1,"minecraft:torch":48,"minecraft:wooden_axe":2,"minecraft:melon_slice":24,"minecraft:brown_wool":12,"minecraft:iron_door":3,"minecraft:diamond_helmet":5,"minecraft:potion":52,"minecraft:green_carpet":2,"minecraft:iron_leggings":17,"mowziesmobs:wrought_helmet":1,"minecraft:iron_axe":3,"minecraft:mossy_cobblestone_stairs":10,"minecraft:smooth_stone":20,"artifacts:rooted_boots":2,"minecraft:iron_shovel":15,"minecraft:paper":44,"minecraft:string":394,"minecraft:tripwire_hook":4,"minecraft:blue_carpet":1,"minecraft:bucket":2,"minecraft:music_disc_cat":8,"minecraft:redstone":102,"minecraft:bricks":4,"minecraft:wild_armor_trim_smithing_template":6,"minecraft:raw_copper":2,"minecraft:bowl":49,"minecraft:deepslate":5,"supplementaries:bomb":5,"farmersdelight:cabbage_seeds":8,"minecraft:clay_ball":42,"minecraft:iron_boots":12,"minecraft:stone_slab":10,"minecraft:name_tag":3,"immersive_armors:heavy_chestplate":1,"minecraft:flint_and_steel":7,"minecraft:diamond_sword":19,"minecraft:potato":44,"minecraft:stone":61,"minecraft:shield":23,"mowziesmobs:umvuthana_mask_misery":2,"minecraft:spruce_planks":112,"minecraft:iron_chestplate":7,"minecraft:diamond_pickaxe":6,"minecraft:mossy_stone_bricks":172,"minecraft:golden_leggings":2,"minecraft:oak_sapling":19,"minecraft:golden_sword":2,"minecraft:stone_pressure_plate":4,"minecraft:stone_bricks":221,"minecraft:spider_eye":36,"minecraft:bamboo":115,"minecraft:spruce_log":1,"minecraft:slime_ball":21,"minecraft:bow":4,"minecraft:stone_pickaxe":4,"minecraft:wooden_pickaxe":2,"waystones:waystone":2,"minecraft:cooked_rabbit":3,"minecraft:black_wool":2,"minecraft:brick":33,"supplementaries:flute":6},"minecraft:broken":{"minecraft:iron_boots":1,"minecraft:wooden_axe":2,"minecraft:shield":1,"minecraft:iron_helmet":1},"minecraft:killed_by":{"minecraft:wither_skeleton":10,"minecraft:creeper":3,"minecraft:cave_spider":17,"minecraft:zombie":9,"minecraft:husk":3,"minecraft:player":1,"minecraft:stray":16,"minecraft:spider":2,"mowziesmobs:ferrous_wroughtnaut":29,"minecraft:skeleton":27}},"DataVersion":3465}