{"stats":{"minecraft:killed_by":{"minecraft:wither_skeleton":1,"minecraft:creeper":3,"minecraft:cave_spider":14,"minecraft:zombie":5,"minecraft:husk":3,"minecraft:player":1,"minecraft:stray":10,"minecraft:spider":2,"mowziesmobs:ferrous_wroughtnaut":29,"minecraft:skeleton":20},"minecraft:mined":{"minecraft:dark_oak_planks":4,"minecraft:jungle_leaves":28,"minecraft:jungle_log":138,"minecraft:coal_block":5,"minecraft:spawner":47,"minecraft:smooth_stone":5,"minecraft:fire":3,"minecraft:barrel":7,"minecraft:iron_bars":35,"minecraft:green_carpet":1,"minecraft:tripwire":4,"minecraft:quartz_block":12,"minecraft:red_bed":4,"minecraft:torch":5,"minecraft:melon":6,"minecraft:chest":25,"minecraft:cobblestone":55,"minecraft:jungle_wood":5,"minecraft:stone_brick_stairs":2,"minecraft:grass":35,"minecraft:oak_log":46,"minecraft:smooth_quartz":1,"minecraft:tripwire_hook":2,"minecraft:netherrack":25,"minecraft:oak_leaves":14,"minecraft:nether_bricks":3,"minecraft:jungle_planks":2,"minecraft:furnace":8,"minecraft:vine":11,"minecraft:bamboo":2,"minecraft:stone":131,"minecraft:crafting_table":10,"minecraft:tall_grass":7,"minecraft:copper_ore":2,"minecraft:diorite":1,"minecraft:lime_bed":11,"minecraft:gravel":1,"minecraft:cracked_stone_bricks":2,"minecraft:stone_bricks":9,"minecraft:mossy_stone_bricks":3,"minecraft:fern":3},"minecraft:dropped":{"minecraft:iron_sword":1,"minecraft:brown_mushroom":1,"minecraft:diamond_axe":2,"minecraft:lapis_lazuli":2,"minecraft:cooked_beef":6,"immersive_melodies:trumpet":1,"minecraft:golden_pickaxe":1,"minecraft:glass_bottle":10,"minecraft:cooked_porkchop":7,"immersive_melodies:lute":1,"minecraft:leather":2,"minecraft:jungle_planks":33,"minecraft:cracked_stone_bricks":62,"minecraft:saddle":1,"minecraft:leather_helmet":3,"minecraft:red_mushroom":5,"minecraft:flint":3,"minecraft:gold_block":17,"immersive_armors:wither_boots":1,"minecraft:mutton":1,"minecraft:phantom_membrane":6,"minecraft:iron_pickaxe":3,"minecraft:white_wool":2,"minecraft:gold_ingot":6,"minecraft:cauldron":1,"minecraft:bone":114,"minecraft:stone_axe":5,"minecraft:compass":1,"alexsmobs:gazelle_horn":1,"minecraft:iron_nugget":16,"minecraft:cooked_chicken":1,"minecraft:golden_chestplate":1,"minecraft:nether_brick":4,"immersive_melodies:flute":1,"minecraft:rotten_flesh":94,"minecraft:oak_planks":20,"minecraft:diamond_shovel":4,"minecraft:golden_shovel":1,"minecraft:carrot":3,"minecraft:chainmail_chestplate":3,"minecraft:gunpowder":19,"minecraft:skeleton_skull":2,"minecraft:chainmail_boots":4,"minecraft:chest":5,"minecraft:leather_leggings":2,"minecraft:iron_bars":16,"minecraft:arrow":117,"minecraft:beef":5,"minecraft:stone_brick_stairs":6,"mowziesmobs:umvuthana_mask_fury":2,"minecraft:enchanted_book":6,"minecraft:stone_hoe":1,"minecraft:golden_boots":5,"minecraft:iron_ingot":111,"minecraft:bread":3,"minecraft:wheat_seeds":11,"minecraft:clock":1,"minecraft:golden_helmet":3,"minecraft:iron_helmet":1,"minecraft:feather":35,"minecraft:cobblestone":92,"minecraft:apple":4,"minecraft:chainmail_helmet":5,"minecraft:coal":8,"minecraft:golden_apple":3,"minecraft:stick":42,"minecraft:cobweb":1,"minecraft:wooden_hoe":1,"minecraft:torch":2,"minecraft:wooden_axe":2,"minecraft:melon_slice":16,"minecraft:brown_wool":2,"minecraft:potion":9,"minecraft:iron_leggings":5,"minecraft:green_carpet":2,"mowziesmobs:wrought_helmet":1,"minecraft:iron_axe":1,"minecraft:smooth_stone":4,"artifacts:rooted_boots":1,"minecraft:iron_shovel":5,"minecraft:string":22,"minecraft:tripwire_hook":4,"minecraft:bucket":2,"minecraft:redstone":49,"minecraft:wild_armor_trim_smithing_template":2,"minecraft:raw_copper":2,"minecraft:clay_ball":6,"minecraft:iron_boots":2,"minecraft:name_tag":1,"minecraft:flint_and_steel":1,"minecraft:diamond_sword":7,"minecraft:potato":9,"minecraft:stone":58,"minecraft:shield":4,"mowziesmobs:umvuthana_mask_misery":2,"minecraft:spruce_planks":60,"minecraft:iron_chestplate":3,"minecraft:diamond_pickaxe":2,"minecraft:mossy_stone_bricks":3,"minecraft:oak_sapling":19,"minecraft:spider_eye":2,"minecraft:stone_bricks":89,"minecraft:bamboo":23,"minecraft:bow":1,"minecraft:stone_pickaxe":4,"minecraft:wooden_pickaxe":2,"waystones:waystone":2,"minecraft:cooked_rabbit":3,"minecraft:black_wool":2,"supplementaries:flute":1},"minecraft:crafted":{"minecraft:oak_planks":156,"immersive_armors:wither_helmet":1,"minecraft:nether_brick":22,"minecraft:cooked_mutton":4,"minecraft:iron_boots":1,"minecraft:chest":1,"supplementaries:flute":1,"immersive_armors:bone_chestplate":1,"sophisticatedbackpacks:backpack":1,"immersive_armors:bone_leggings":1,"minecraft:cooked_porkchop":6,"minecraft:crafting_table":12,"minecraft:wooden_pickaxe":1,"immersive_melodies:lute":1,"minecraft:copper_ingot":3,"minecraft:gold_block":25,"minecraft:shield":3,"minecraft:stick":36,"minecraft:iron_ingot":12,"minecraft:iron_pickaxe":1,"minecraft:gold_ingot":16,"immersive_armors:bone_boots":1,"immersive_armors:wither_chestplate":1,"minecraft:coal":90,"immersive_melodies:trumpet":1,"minecraft:furnace":7,"immersive_melodies:flute":1,"minecraft:flint_and_steel":1,"minecraft:leather":2,"minecraft:iron_axe":1,"sophisticatedbackpacks:iron_backpack":1,"minecraft:cooked_beef":6,"minecraft:coal_block":6,"immersive_armors:wither_boots":1,"immersive_armors:wither_leggings":1,"minecraft:iron_sword":1,"sophisticatedbackpacks:gold_backpack":1,"minecraft:mangrove_planks":4,"minecraft:bread":4,"minecraft:air":0,"minecraft:jungle_planks":456,"immersive_armors:bone_helmet":1,"minecraft:wooden_axe":6,"minecraft:iron_leggings":1,"minecraft:torch":44},"minecraft:broken":{"minecraft:iron_boots":1,"minecraft:wooden_axe":2,"minecraft:shield":1},"minecraft:picked_up":{"minecraft:wooden_axe":4,"minecraft:iron_chestplate":14,"minecraft:wheat":17,"minecraft:chainmail_boots":10,"minecraft:lead":3,"minecraft:diamond_sword":50,"immersive_armors:wither_boots":3,"minecraft:potion":24,"minecraft:enchanted_book":19,"minecraft:golden_shovel":1,"minecraft:nether_brick":4,"minecraft:stone_brick_stairs":6,"alexsmobs:gazelle_horn":4,"minecraft:string":304,"minecraft:raw_copper":7,"minecraft:iron_leggings":22,"alexsmobs:banana":1,"minecraft:smooth_stone":26,"minecraft:gold_nugget":158,"minecraft:bucket":11,"minecraft:spruce_planks":3,"minecraft:smooth_quartz":1,"minecraft:iron_pickaxe":23,"minecraft:melon_slice":72,"minecraft:coal_block":12,"farmersdelight:cabbage_seeds":8,"minecraft:furnace":8,"minecraft:mangrove_log":1,"minecraft:iron_boots":11,"minecraft:golden_helmet":4,"minecraft:stick":152,"minecraft:torch":337,"minecraft:spruce_stairs":3,"minecraft:porkchop":29,"minecraft:golden_chestplate":1,"minecraft:cauldron":1,"minecraft:quartz_block":10,"minecraft:rotten_flesh":242,"farmersdelight:rope":19,"minecraft:iron_bars":41,"minecraft:cobblestone":447,"minecraft:leather_chestplate":2,"minecraft:feather":104,"minecraft:cooked_beef":13,"minecraft:iron_door":2,"minecraft:andesite":5,"minecraft:water_bucket":1,"minecraft:jungle_log":168,"minecraft:golden_leggings":3,"minecraft:brown_wool":4,"minecraft:jungle_wood":5,"minecraft:potato":17,"minecraft:flint":9,"supplementaries:flute":1,"minecraft:map":5,"minecraft:lapis_lazuli":5,"minecraft:name_tag":4,"minecraft:leather_boots":3,"minecraft:bone":485,"minecraft:bow":3,"minecraft:wheat_seeds":11,"minecraft:mossy_stone_bricks":16,"minecraft:bamboo":49,"minecraft:stone_hoe":1,"minecraft:oak_planks":124,"minecraft:cooked_porkchop":67,"minecraft:music_disc_13":7,"artifacts:rooted_boots":15,"minecraft:jungle_planks":258,"sophisticatedbackpacks:iron_backpack":5,"minecraft:fermented_spider_eye":3,"minecraft:dark_oak_log":5,"minecraft:barrel":7,"alexsmobs:kangaroo_hide":4,"waystones:waystone":10,"minecraft:golden_apple":11,"minecraft:chainmail_helmet":21,"minecraft:golden_horse_armor":1,"minecraft:bread":18,"minecraft:oak_sapling":30,"minecraft:netherrack":24,"minecraft:bricks":1,"minecraft:diamond_pickaxe":6,"sophisticatedbackpacks:gold_backpack":14,"minecraft:crafting_table":12,"minecraft:chicken":7,"minecraft:clay_ball":22,"minecraft:golden_pickaxe":1,"minecraft:leather_leggings":4,"minecraft:brown_mushroom":1,"minecraft:wooden_pickaxe":2,"minecraft:cooked_rabbit":12,"minecraft:gold_block":17,"minecraft:diamond_horse_armor":4,"minecraft:brick":18,"minecraft:shield":29,"immersive_armors:wither_helmet":2,"minecraft:red_bed":4,"immersive_melodies:lute":1,"minecraft:iron_axe":4,"minecraft:flint_and_steel":7,"minecraft:compass":6,"minecraft:iron_shovel":10,"minecraft:cracked_stone_bricks":195,"minecraft:beef":15,"immersive_melodies:trumpet":1,"minecraft:jungle_sapling":10,"minecraft:iron_nugget":144,"minecraft:minecart":10,"minecraft:chest":43,"minecraft:phantom_membrane":36,"minecraft:egg":2,"minecraft:dark_oak_sapling":9,"minecraft:stone":92,"minecraft:bowl":30,"farmersdelight:tomato_seeds":8,"immersive_armors:wither_leggings":2,"minecraft:carrot":6,"minecraft:redstone":314,"minecraft:iron_horse_armor":3,"minecraft:dark_oak_planks":4,"mowziesmobs:umvuthana_mask_faith":1,"minecraft:tnt":2,"minecraft:arrow":636,"minecraft:beetroot_seeds":4,"minecraft:nether_bricks":1,"minecraft:saddle":12,"minecraft:gold_ingot":244,"minecraft:mutton":12,"minecraft:white_wool":4,"mowziesmobs:umvuthana_mask_fury":3,"minecraft:lime_bed":15,"minecraft:clock":3,"minecraft:tripwire_hook":4,"minecraft:leather":8,"minecraft:red_mushroom":8,"minecraft:oak_log":47,"minecraft:chainmail_chestplate":6,"minecraft:golden_boots":5,"minecraft:gunpowder":81,"mowziesmobs:wrought_axe":9,"minecraft:wooden_hoe":1,"minecraft:paper":25,"minecraft:apple":40,"minecraft:stone_bricks":276,"minecraft:wild_armor_trim_smithing_template":14,"artifacts:whoopee_cushion":5,"minecraft:iron_ingot":646,"minecraft:stone_pickaxe":3,"minecraft:cooked_chicken":51,"minecraft:cobweb":1,"minecraft:glass_bottle":39,"minecraft:iron_sword":3,"mowziesmobs:umvuthana_mask_misery":2,"minecraft:book":20,"minecraft:quartz":22,"minecraft:gravel":1,"immersive_armors:wither_chestplate":5,"mowziesmobs:wrought_helmet":1,"minecraft:spruce_log":5,"minecraft:green_carpet":2,"minecraft:spider_eye":7,"minecraft:leather_helmet":9,"minecraft:diamond_shovel":5,"minecraft:pumpkin_seeds":2,"minecraft:slime_ball":18,"minecraft:stone_axe":7,"minecraft:iron_helmet":5,"minecraft:diamond_axe":13,"minecraft:baked_potato":18,"minecraft:melon_seeds":33,"minecraft:black_wool":2,"minecraft:coal":223,"minecraft:ender_pearl":10},"minecraft:used":{"minecraft:chest":4,"minecraft:shield":94,"minecraft:stone":19,"minecraft:iron_sword":189,"minecraft:rotten_flesh":40,"minecraft:iron_chestplate":3,"minecraft:mutton":5,"minecraft:jungle_planks":218,"minecraft:nether_bricks":1,"minecraft:iron_helmet":1,"minecraft:stone_bricks":29,"minecraft:furnace":15,"minecraft:mossy_stone_bricks":1,"minecraft:oak_planks":18,"minecraft:chainmail_helmet":1,"minecraft:diamond_axe":1,"minecraft:golden_apple":7,"waystones:waystone":4,"minecraft:melon_slice":18,"minecraft:bread":17,"minecraft:gravel":1,"minecraft:diamond_sword":341,"minecraft:coal_block":1,"minecraft:chainmail_boots":1,"minecraft:cooked_rabbit":3,"minecraft:andesite":5,"minecraft:iron_bars":3,"minecraft:flint_and_steel":4,"mowziesmobs:umvuthana_mask_misery":2,"minecraft:cooked_chicken":3,"minecraft:torch":124,"minecraft:chainmail_chestplate":1,"minecraft:wooden_axe":176,"immersive_armors:wither_helmet":1,"minecraft:iron_axe":31,"minecraft:iron_boots":1,"minecraft:barrel":2,"minecraft:beef":2,"minecraft:cooked_beef":8,"minecraft:iron_leggings":1,"minecraft:cooked_mutton":4,"minecraft:baked_potato":5,"minecraft:cracked_stone_bricks":1,"minecraft:lime_bed":10,"minecraft:crafting_table":20,"minecraft:red_bed":4,"mowziesmobs:wrought_axe":80,"minecraft:diamond_pickaxe":29,"minecraft:apple":10,"minecraft:iron_pickaxe":327,"minecraft:stone_axe":28,"minecraft:cobblestone":68,"minecraft:potion":2,"minecraft:cooked_porkchop":4,"minecraft:smooth_stone":1,"minecraft:chainmail_leggings":1},"minecraft:custom":{"minecraft:interact_with_crafting_table":41,"minecraft:open_barrel":16,"minecraft:leave_game":12,"minecraft:time_since_death":754,"minecraft:damage_resisted":276,"minecraft:sprint_one_cm":1207113,"minecraft:damage_blocked_by_shield":6196,"minecraft:drop":278,"minecraft:play_time":243027,"minecraft:deaths":89,"minecraft:jump":4331,"minecraft:walk_on_water_one_cm":8142,"minecraft:interact_with_furnace":70,"minecraft:sleep_in_bed":8,"minecraft:waystone_activated":5,"minecraft:damage_dealt":24623,"minecraft:player_kills":1,"minecraft:crouch_one_cm":28267,"minecraft:mob_kills":140,"minecraft:interact_with_anvil":3,"minecraft:damage_dealt_resisted":296,"minecraft:climb_one_cm":51817,"minecraft:walk_one_cm":540812,"minecraft:sneak_time":10153,"minecraft:walk_under_water_one_cm":677,"minecraft:total_world_time":243027,"minecraft:time_since_rest":788,"minecraft:damage_absorbed":200,"minecraft:damage_taken":36118,"minecraft:swim_one_cm":470,"minecraft:fly_one_cm":878119,"minecraft:open_chest":124,"minecraft:fall_one_cm":112573},"minecraft:killed":{"minecraft:cave_spider":2,"minecraft:spider":6,"minecraft:skeleton":27,"mowziesmobs:umvuthana_crane_player":1,"minecraft:bee":1,"minecraft:chicken":7,"mowziesmobs:umvuthana_crane":2,"alexsmobs:kangaroo":3,"minecraft:magma_cube":7,"minecraft:pig":16,"minecraft:creeper":3,"minecraft:sheep":5,"minecraft:zombie":31,"minecraft:stray":5,"minecraft:cow":7,"mowziesmobs:umvuthana":1,"minecraft:husk":1,"mowziesmobs:umvuthana_follower_raptor":1,"alexsmobs:gazelle":5}},"DataVersion":3465}