{"stats":{"minecraft:custom":{"minecraft:interact_with_crafting_table":147,"minecraft:open_barrel":37,"minecraft:eat_cake_slice":13,"minecraft:leave_game":26,"minecraft:time_since_death":119661,"minecraft:damage_blocked_by_shield":13206,"minecraft:play_time":806307,"minecraft:deaths":141,"minecraft:jump":11876,"minecraft:enchant_item":40,"minecraft:interact_with_furnace":154,"minecraft:sleep_in_bed":23,"minecraft:waystone_activated":19,"minecraft:damage_dealt":113429,"minecraft:interact_with_smithing_table":8,"minecraft:interact_with_anvil":43,"minecraft:inspect_hopper":2,"minecraft:damage_dealt_absorbed":197,"minecraft:sneak_time":52151,"minecraft:total_world_time":806307,"minecraft:time_since_rest":119686,"minecraft:swim_one_cm":10318,"minecraft:fly_one_cm":2250032,"minecraft:open_chest":1032,"minecraft:fall_one_cm":341938,"minecraft:damage_resisted":276,"minecraft:sprint_one_cm":2924773,"minecraft:drop":1504,"minecraft:walk_on_water_one_cm":182886,"minecraft:interact_with_loom":2,"minecraft:player_kills":1,"minecraft:crouch_one_cm":186069,"minecraft:mob_kills":2769,"minecraft:damage_dealt_resisted":1069,"minecraft:climb_one_cm":74557,"minecraft:walk_one_cm":1497199,"minecraft:walk_under_water_one_cm":13730,"minecraft:interact_with_grindstone":79,"minecraft:damage_taken":60066,"minecraft:damage_absorbed":400,"minecraft:trigger_trapped_chest":1},"minecraft:killed":{"minecraft:cave_spider":8,"minecraft:skeleton":883,"mowziesmobs:umvuthana_crane_player":1,"minecraft:chicken":33,"mowziesmobs:umvuthana_crane":2,"minecraft:magma_cube":7,"minecraft:pillager":1,"minecraft:zombie":448,"minecraft:cow":15,"minecraft:husk":1,"alexsmobs:rhinoceros":1,"minecraft:enderman":1,"minecraft:spider":23,"minecraft:bee":1,"minecraft:silverfish":124,"alexsmobs:kangaroo":6,"artifacts:mimic":1,"minecraft:pig":51,"minecraft:creeper":39,"minecraft:sheep":22,"minecraft:stray":478,"alexsmobs:bison":1,"mowziesmobs:umvuthana":1,"mowziesmobs:umvuthana_follower_raptor":1,"alexsmobs:gazelle":5,"minecraft:wither_skeleton":543},"minecraft:dropped":{"sophisticatedbackpacks:iron_backpack":2,"minecraft:iron_sword":20,"minecraft:porkchop":3,"minecraft:lapis_lazuli":110,"minecraft:cooked_beef":28,"immersive_melodies:trumpet":4,"minecraft:glass_bottle":70,"minecraft:diamond":12,"minecraft:crafting_table":9,"minecraft:cooked_porkchop":23,"immersive_melodies:lute":4,"minecraft:mossy_stone_brick_stairs":27,"minecraft:cracked_stone_bricks":88,"minecraft:saddle":38,"minecraft:leather_helmet":12,"minecraft:red_mushroom":19,"sophisticatedbackpacks:gold_backpack":2,"minecraft:gold_block":51,"minecraft:grass":4,"minecraft:jungle_sapling":26,"minecraft:gold_nugget":175,"minecraft:phantom_membrane":16,"minecraft:iron_pickaxe":16,"minecraft:white_wool":8,"minecraft:bone":1466,"minecraft:stone_axe":10,"minecraft:compass":13,"minecraft:sugar_cane":16,"alexsmobs:gazelle_horn":19,"minecraft:iron_nugget":98,"minecraft:cooked_chicken":7,"minecraft:golden_chestplate":23,"minecraft:cobbled_deepslate":3,"minecraft:nether_brick":4,"minecraft:wheat":16,"minecraft:rotten_flesh":1288,"minecraft:oak_planks":37,"minecraft:enchanted_golden_apple":1,"minecraft:golden_shovel":2,"minecraft:lime_bed":2,"minecraft:tipped_arrow":155,"minecraft:quartz_block":22,"minecraft:jungle_log":128,"minecraft:hopper":1,"minecraft:leather_boots":16,"farmersdelight:rope":75,"minecraft:leather_leggings":14,"minecraft:beef":5,"minecraft:stone_brick_stairs":11,"minecraft:egg":54,"minecraft:enchanted_book":53,"farmersdelight:tomato_seeds":9,"minecraft:golden_boots":17,"minecraft:iron_ingot":410,"minecraft:wheat_seeds":19,"minecraft:clock":6,"minecraft:tnt":4,"minecraft:feather":132,"minecraft:iron_helmet":18,"minecraft:cobblestone":327,"minecraft:book":36,"minecraft:apple":21,"minecraft:granite":2,"minecraft:chainmail_helmet":16,"minecraft:coal":271,"minecraft:golden_apple":40,"minecraft:cobweb":37,"minecraft:diamond_horse_armor":10,"minecraft:gray_wool":3,"minecraft:golden_carrot":12,"minecraft:wooden_hoe":1,"minecraft:wooden_axe":2,"minecraft:diamond_helmet":6,"minecraft:potion":52,"mowziesmobs:wrought_helmet":1,"minecraft:mossy_cobblestone_stairs":20,"minecraft:smooth_stone":20,"minecraft:iron_shovel":24,"minecraft:chainmail_leggings":10,"minecraft:paper":81,"minecraft:string":564,"minecraft:blue_carpet":8,"minecraft:bricks":5,"minecraft:cocoa_beans":6,"minecraft:bowl":49,"minecraft:deepslate":5,"minecraft:experience_bottle":31,"minecraft:white_carpet":7,"minecraft:clay_ball":42,"minecraft:iron_boots":29,"sophisticatedbackpacks:backpack":2,"minecraft:stone_slab":10,"minecraft:name_tag":5,"immersive_armors:heavy_chestplate":1,"minecraft:nether_bricks":92,"minecraft:shears":2,"alexsmobs:cooked_kangaroo_meat":6,"minecraft:diamond_sword":26,"minecraft:potato":46,"minecraft:stone":61,"minecraft:spruce_planks":141,"minecraft:diamond_pickaxe":6,"minecraft:stone_pressure_plate":5,"minecraft:spider_eye":39,"minecraft:stone_bricks":293,"minecraft:bamboo":115,"minecraft:bow":32,"waystones:waystone":2,"minecraft:cooked_rabbit":3,"minecraft:black_wool":2,"supplementaries:flute":7,"minecraft:nether_brick_stairs":3,"minecraft:soul_sand":1,"minecraft:brown_mushroom":1,"minecraft:diamond_axe":2,"minecraft:oak_log":5,"minecraft:baked_potato":9,"minecraft:golden_pickaxe":1,"minecraft:ender_pearl":52,"supplementaries:slingshot":1,"minecraft:leather":10,"minecraft:jungle_planks":192,"minecraft:cobblestone_stairs":2,"minecraft:flint":31,"immersive_armors:wither_boots":1,"minecraft:orange_carpet":7,"minecraft:cornflower":1,"minecraft:mutton":1,"minecraft:cauldron":1,"minecraft:gold_ingot":348,"minecraft:gravel":14,"immersive_melodies:flute":1,"minecraft:diamond_shovel":18,"minecraft:mossy_stone_brick_slab":1,"minecraft:cooked_mutton":14,"minecraft:carrot":45,"minecraft:chainmail_chestplate":13,"alexsmobs:kangaroo_hide":3,"minecraft:chiseled_stone_bricks":4,"minecraft:poppy":1,"minecraft:leather_chestplate":27,"supplementaries:ash":38,"minecraft:gunpowder":235,"minecraft:skeleton_skull":2,"minecraft:melon_seeds":12,"minecraft:beetroot_seeds":8,"minecraft:chainmail_boots":13,"minecraft:chest":123,"minecraft:iron_bars":72,"minecraft:arrow":1213,"alexsmobs:banana":2,"minecraft:polished_granite":1,"mowziesmobs:umvuthana_mask_fury":14,"minecraft:stone_hoe":1,"minecraft:bread":19,"minecraft:golden_helmet":12,"immersive_armors:wither_chestplate":2,"minecraft:mossy_cobblestone":144,"minecraft:minecart":7,"minecraft:bookshelf":3,"minecraft:diamond_leggings":6,"minecraft:lead":5,"minecraft:spruce_stairs":6,"minecraft:stick":195,"minecraft:mossy_cobblestone_slab":1,"minecraft:diorite":1,"minecraft:torch":48,"minecraft:melon_slice":78,"minecraft:brown_wool":12,"minecraft:iron_door":4,"minecraft:map":1,"minecraft:iron_leggings":29,"minecraft:green_carpet":2,"minecraft:iron_axe":5,"artifacts:rooted_boots":4,"minecraft:tripwire_hook":4,"minecraft:bucket":2,"minecraft:music_disc_cat":8,"minecraft:smooth_basalt":16,"minecraft:redstone":133,"alexsmobs:maggot":6,"minecraft:wild_armor_trim_smithing_template":6,"minecraft:raw_copper":2,"minecraft:tuff":7,"supplementaries:bomb":8,"farmersdelight:cabbage_seeds":8,"minecraft:flint_and_steel":9,"minecraft:shield":52,"minecraft:diamond_chestplate":2,"mowziesmobs:umvuthana_mask_misery":2,"minecraft:iron_chestplate":27,"minecraft:mossy_stone_bricks":207,"minecraft:golden_leggings":5,"minecraft:oak_sapling":24,"minecraft:golden_sword":2,"minecraft:spruce_log":1,"minecraft:diamond_boots":1,"minecraft:slime_ball":34,"minecraft:stone_pickaxe":9,"minecraft:wooden_pickaxe":3,"minecraft:brick":53},"minecraft:killed_by":{"minecraft:zombie":11,"minecraft:husk":3,"minecraft:stray":18,"minecraft:wither_skeleton":14,"minecraft:creeper":3,"minecraft:silverfish":2,"minecraft:cave_spider":17,"minecraft:player":2,"minecraft:spider":2,"mowziesmobs:ferrous_wroughtnaut":29,"minecraft:hoglin":1,"minecraft:skeleton":34},"minecraft:mined":{"minecraft:dark_oak_planks":4,"minecraft:blue_carpet":8,"minecraft:jungle_leaves":28,"minecraft:obsidian":4,"minecraft:granite":16,"minecraft:jungle_log":222,"minecraft:coal_block":5,"minecraft:hopper":1,"minecraft:chiseled_stone_bricks":16,"minecraft:spawner":161,"minecraft:mossy_cobblestone_stairs":79,"minecraft:cobbled_deepslate":26,"minecraft:fire":92,"minecraft:barrel":7,"minecraft:deepslate_lapis_ore":2,"minecraft:nether_brick_stairs":6,"minecraft:enchanting_table":1,"minecraft:green_carpet":1,"minecraft:tripwire":4,"minecraft:red_bed":7,"minecraft:torch":31,"minecraft:melon":6,"minecraft:bricks":1,"minecraft:jungle_wood":5,"minecraft:jukebox":1,"minecraft:stone_brick_stairs":52,"minecraft:grass":103,"minecraft:infested_mossy_stone_bricks":8,"minecraft:smooth_quartz":1,"minecraft:smooth_basalt":38,"minecraft:deepslate":227,"minecraft:mossy_cobblestone":395,"minecraft:nether_bricks":4,"minecraft:allium":1,"minecraft:jungle_planks":3,"minecraft:andesite":224,"minecraft:mossy_stone_brick_stairs":77,"minecraft:cobblestone_slab":5,"minecraft:vine":112,"minecraft:bamboo":2,"minecraft:mangrove_stairs":1,"minecraft:soul_sand":1,"minecraft:dandelion":25,"minecraft:cornflower":1,"minecraft:tall_grass":29,"minecraft:copper_ore":8,"minecraft:deepslate_gold_ore":30,"farmersdelight:wild_tomatoes":1,"minecraft:diorite":61,"minecraft:orange_carpet":7,"minecraft:white_carpet":7,"minecraft:gravel":51,"minecraft:stone_bricks":166,"minecraft:infested_stone":7,"minecraft:fern":10,"minecraft:stone_pressure_plate":6,"minecraft:spruce_planks":11,"minecraft:mossy_stone_brick_slab":1,"minecraft:cobblestone_stairs":1,"minecraft:grass_block":1,"minecraft:infested_cobblestone":4,"minecraft:smooth_stone":5,"minecraft:mossy_cobblestone_slab":3,"minecraft:iron_ore":33,"minecraft:anvil":3,"minecraft:azure_bluet":1,"supplementaries:stick":1,"minecraft:iron_bars":87,"minecraft:deepslate_redstone_ore":8,"minecraft:quartz_block":74,"minecraft:calcite":26,"minecraft:poppy":1,"minecraft:chest":109,"minecraft:cobblestone":219,"minecraft:grindstone":1,"minecraft:oak_planks":21,"minecraft:iron_door":4,"minecraft:wall_torch":37,"minecraft:deepslate_copper_ore":2,"minecraft:nether_wart_block":1,"minecraft:tnt":1,"minecraft:oak_log":106,"minecraft:infested_cracked_stone_bricks":3,"minecraft:dirt":13,"minecraft:tripwire_hook":2,"minecraft:netherrack":26,"minecraft:oak_leaves":18,"minecraft:tuff":24,"minecraft:deepslate_diamond_ore":37,"minecraft:acacia_slab":1,"minecraft:furnace":8,"minecraft:bookshelf":16,"minecraft:deepslate_iron_ore":36,"minecraft:stone":761,"minecraft:infested_stone_bricks":2,"minecraft:polished_granite":1,"minecraft:crafting_table":20,"minecraft:lapis_ore":12,"supplementaries:urn":11,"minecraft:lime_bed":16,"minecraft:coal_ore":4,"minecraft:cracked_stone_bricks":172,"minecraft:mossy_stone_bricks":283},"minecraft:picked_up":{"minecraft:wooden_axe":4,"minecraft:iron_chestplate":72,"minecraft:chainmail_boots":25,"minecraft:anvil":2,"minecraft:lead":8,"minecraft:smithing_table":1,"minecraft:stone_slab":10,"minecraft:diamond_sword":97,"minecraft:enchanted_book":58,"minecraft:golden_shovel":4,"minecraft:golden_sword":1,"minecraft:music_disc_cat":11,"minecraft:string":716,"minecraft:diamond_leggings":10,"minecraft:gold_nugget":339,"minecraft:cobbled_deepslate":289,"minecraft:spruce_planks":322,"minecraft:enchanted_golden_apple":4,"minecraft:melon_slice":169,"minecraft:coal_block":12,"minecraft:mangrove_log":1,"minecraft:golden_helmet":38,"minecraft:jukebox":1,"minecraft:golden_chestplate":38,"minecraft:cauldron":1,"sophisticatedbackpacks:pickup_upgrade":2,"elevatorid:elevator_yellow":1,"farmersdelight:rope":144,"minecraft:bookshelf":16,"supplementaries:ash":170,"minecraft:iron_bars":141,"minecraft:mossy_cobblestone_slab":4,"minecraft:feather":269,"minecraft:cooked_beef":109,"minecraft:iron_door":7,"minecraft:water_bucket":2,"minecraft:jungle_log":444,"minecraft:brown_wool":12,"minecraft:jungle_wood":5,"alexsmobs:bison_fur":2,"minecraft:flint":42,"alexsmobs:cooked_kangaroo_meat":6,"minecraft:map":5,"minecraft:diamond_helmet":20,"sophisticatedbackpacks:iron_backpack":15,"minecraft:fermented_spider_eye":3,"minecraft:dark_oak_log":5,"minecraft:barrel":7,"alexsmobs:kangaroo_hide":16,"minecraft:deepslate":4,"artifacts:crystal_heart":1,"minecraft:granite":20,"minecraft:chainmail_helmet":37,"minecraft:golden_horse_armor":1,"minecraft:bread":110,"alexsmobs:maggot":4,"minecraft:bricks":4,"minecraft:diamond_pickaxe":23,"sophisticatedbackpacks:gold_backpack":32,"minecraft:crafting_table":30,"minecraft:clay_ball":46,"minecraft:leather_leggings":42,"minecraft:golden_pickaxe":3,"immersive_armors:wither_helmet":2,"minecraft:cornflower":2,"minecraft:red_bed":7,"minecraft:flint_and_steel":11,"minecraft:compass":19,"minecraft:white_carpet":7,"minecraft:iron_shovel":35,"supplementaries:bomb":16,"minecraft:cracked_stone_bricks":404,"minecraft:beef":71,"minecraft:poppy":2,"minecraft:jungle_sapling":49,"minecraft:iron_nugget":224,"minecraft:minecart":19,"minecraft:chest":240,"minecraft:egg":53,"minecraft:stone":109,"sophisticatedbackpacks:backpack":1,"farmersdelight:tomato_seeds":25,"immersive_armors:wither_leggings":2,"minecraft:carrot":24,"minecraft:redstone":451,"minecraft:blue_carpet":8,"minecraft:tnt":8,"mowziesmobs:umvuthana_mask_faith":1,"minecraft:diamond_chestplate":2,"minecraft:beetroot_seeds":8,"minecraft:shears":3,"minecraft:diamond_boots":4,"minecraft:gold_ingot":645,"sophisticatedbackpacks:copper_backpack":7,"minecraft:mutton":89,"alexsmobs:kangaroo_meat":9,"minecraft:white_wool":38,"minecraft:lime_bed":22,"minecraft:clock":8,"minecraft:tripwire_hook":4,"minecraft:yellow_dye":26,"minecraft:red_mushroom":8,"minecraft:oak_log":117,"minecraft:golden_boots":41,"mowziesmobs:wrought_axe":9,"minecraft:paper":133,"immersive_armors:heavy_chestplate":1,"minecraft:apple":62,"minecraft:stone_bricks":713,"minecraft:wild_armor_trim_smithing_template":22,"minecraft:stone_pickaxe":6,"minecraft:cobweb":22,"minecraft:glass_bottle":167,"minecraft:iron_sword":32,"elevatorid:elevator_white":1,"minecraft:smooth_basalt":57,"minecraft:gravel":72,"immersive_armors:wither_chestplate":10,"minecraft:spruce_log":6,"minecraft:leather_helmet":28,"minecraft:diamond_shovel":21,"minecraft:slime_ball":58,"minecraft:stone_axe":13,"minecraft:diamond_axe":13,"minecraft:gray_wool":5,"minecraft:baked_potato":30,"minecraft:melon_seeds":39,"immersive_armors:wooden_boots":1,"minecraft:hopper":2,"minecraft:ender_pearl":125,"minecraft:wheat":29,"minecraft:yellow_wool":2,"immersive_armors:wither_boots":3,"minecraft:potion":69,"minecraft:nether_brick":4,"minecraft:stone_brick_stairs":60,"alexsmobs:gazelle_horn":16,"minecraft:raw_copper":81,"minecraft:iron_leggings":80,"minecraft:experience_bottle":31,"alexsmobs:banana":7,"minecraft:smooth_stone":38,"minecraft:bucket":16,"minecraft:cobblestone_slab":13,"minecraft:calcite":37,"minecraft:smooth_quartz":1,"minecraft:iron_pickaxe":50,"farmersdelight:cabbage_seeds":12,"minecraft:iron_boots":79,"minecraft:furnace":8,"minecraft:tipped_arrow":290,"minecraft:stick":452,"minecraft:torch":1172,"minecraft:spruce_stairs":5,"minecraft:porkchop":144,"minecraft:diorite":73,"minecraft:quartz_block":109,"minecraft:rotten_flesh":1836,"alexsmobs:emu_egg":2,"minecraft:obsidian":4,"minecraft:cobblestone":1768,"minecraft:enchanting_table":1,"minecraft:leather_chestplate":64,"minecraft:andesite":242,"minecraft:orange_carpet":7,"minecraft:golden_leggings":21,"minecraft:potato":61,"minecraft:tuff":30,"supplementaries:flute":8,"minecraft:lapis_lazuli":563,"minecraft:dirt":12,"minecraft:polished_granite":1,"minecraft:name_tag":12,"minecraft:leather_boots":37,"minecraft:bone":2905,"minecraft:bow":95,"minecraft:wheat_seeds":25,"minecraft:raw_gold":58,"minecraft:grindstone":1,"minecraft:mossy_stone_bricks":793,"minecraft:bamboo":141,"minecraft:oak_planks":899,"minecraft:stone_hoe":1,"minecraft:mossy_stone_brick_stairs":95,"minecraft:cooked_porkchop":306,"minecraft:music_disc_13":8,"artifacts:rooted_boots":28,"minecraft:jungle_planks":752,"minecraft:nether_brick_stairs":3,"sophisticatedbackpacks:jukebox_upgrade":3,"minecraft:mossy_cobblestone":1016,"minecraft:diamond":86,"waystones:waystone":22,"minecraft:grass":12,"minecraft:golden_apple":87,"minecraft:emerald":14,"minecraft:oak_sapling":74,"minecraft:netherrack":24,"minecraft:cocoa_beans":12,"minecraft:chicken":109,"minecraft:brown_mushroom":1,"minecraft:wooden_pickaxe":2,"minecraft:cooked_rabbit":12,"minecraft:gold_block":51,"minecraft:diamond_horse_armor":12,"minecraft:brick":71,"minecraft:shield":115,"minecraft:iron_axe":24,"immersive_melodies:lute":6,"immersive_melodies:trumpet":6,"minecraft:light_gray_wool":2,"minecraft:sugar_cane":12,"minecraft:phantom_membrane":65,"minecraft:dark_oak_sapling":9,"minecraft:raw_iron":137,"minecraft:bowl":58,"minecraft:iron_horse_armor":4,"minecraft:stone_pressure_plate":6,"minecraft:dark_oak_planks":4,"minecraft:arrow":2791,"minecraft:nether_bricks":93,"minecraft:saddle":44,"mowziesmobs:umvuthana_mask_fury":15,"minecraft:golden_carrot":12,"minecraft:glow_ink_sac":4,"minecraft:leather":42,"minecraft:chainmail_chestplate":20,"minecraft:cobblestone_stairs":2,"minecraft:nether_wart_block":1,"minecraft:gunpowder":428,"minecraft:wooden_hoe":1,"minecraft:cooked_mutton":21,"minecraft:rabbit_hide":5,"minecraft:iron_ingot":1050,"artifacts:whoopee_cushion":5,"minecraft:cooked_chicken":83,"mowziesmobs:umvuthana_mask_misery":2,"minecraft:soul_sand":1,"minecraft:book":114,"minecraft:pumpkin":14,"minecraft:chiseled_stone_bricks":22,"minecraft:quartz":22,"minecraft:dandelion":22,"mowziesmobs:wrought_helmet":1,"minecraft:green_carpet":2,"minecraft:mossy_stone_brick_slab":2,"minecraft:spider_eye":47,"minecraft:pumpkin_seeds":2,"minecraft:chainmail_leggings":24,"immersive_armors:wooden_chestplate":1,"minecraft:iron_helmet":50,"minecraft:mossy_cobblestone_stairs":89,"minecraft:black_wool":5,"minecraft:coal":691},"minecraft:crafted":{"minecraft:yellow_wool":9,"minecraft:nether_brick":22,"minecraft:bookshelf":18,"minecraft:cooked_mutton":21,"immersive_armors:slime_leggings":1,"supplementaries:flute":2,"immersive_armors:bone_leggings":1,"minecraft:cooked_porkchop":60,"minecraft:smithing_table":1,"minecraft:copper_ingot":17,"minecraft:stone_slab":6,"minecraft:iron_pickaxe":5,"minecraft:iron_block":19,"minecraft:gold_ingot":152,"immersive_melodies:flute":1,"minecraft:stone_pickaxe":1,"minecraft:coal_block":25,"immersive_armors:wither_boots":1,"minecraft:enchanting_table":1,"immersive_armors:wither_leggings":1,"sophisticatedbackpacks:gold_backpack":3,"immersive_armors:bone_helmet":1,"minecraft:golden_apple":9,"minecraft:wooden_axe":6,"minecraft:iron_leggings":4,"elevatorid:elevator_yellow":1,"minecraft:grindstone":1,"minecraft:oak_planks":400,"minecraft:cobblestone_slab":72,"immersive_armors:wither_helmet":1,"minecraft:cooked_chicken":32,"minecraft:stone":3,"minecraft:hopper":1,"minecraft:iron_boots":4,"minecraft:chest":4,"immersive_armors:bone_chestplate":1,"sophisticatedbackpacks:backpack":3,"minecraft:crafting_table":21,"minecraft:spruce_planks":20,"minecraft:baked_potato":11,"minecraft:wooden_pickaxe":2,"minecraft:iron_helmet":2,"immersive_melodies:lute":1,"minecraft:gold_block":63,"supplementaries:slingshot":2,"minecraft:book":3,"minecraft:iron_chestplate":3,"minecraft:diamond_pickaxe":1,"minecraft:yellow_dye":22,"minecraft:shield":5,"minecraft:stick":104,"minecraft:leather_chestplate":1,"minecraft:iron_ingot":29,"immersive_armors:bone_boots":1,"minecraft:shears":1,"immersive_armors:wither_chestplate":1,"minecraft:coal":90,"immersive_melodies:trumpet":1,"minecraft:furnace":7,"minecraft:flint_and_steel":5,"minecraft:leather":5,"minecraft:iron_axe":6,"alexsmobs:kangaroo_burger":1,"sophisticatedbackpacks:iron_backpack":2,"minecraft:cooked_beef":26,"elevatorid:elevator_white":1,"alexsmobs:cooked_kangaroo_meat":3,"minecraft:iron_sword":1,"minecraft:mangrove_planks":4,"minecraft:bucket":2,"minecraft:stone_axe":1,"minecraft:air":0,"minecraft:bread":4,"minecraft:jungle_planks":920,"minecraft:anvil":2,"minecraft:torch":380,"minecraft:lapis_lazuli":108,"minecraft:lapis_block":12},"minecraft:broken":{"minecraft:iron_boots":1,"minecraft:iron_chestplate":1,"minecraft:shield":1,"minecraft:iron_pickaxe":2,"minecraft:iron_helmet":1,"minecraft:wooden_axe":2},"minecraft:used":{"minecraft:chest":69,"minecraft:stone":19,"minecraft:rotten_flesh":82,"minecraft:quartz_block":13,"minecraft:stone_brick_stairs":2,"minecraft:bow":13,"minecraft:furnace":15,"supplementaries:ash":3,"minecraft:oak_sapling":19,"minecraft:egg":4,"minecraft:mossy_stone_bricks":252,"minecraft:diorite":30,"minecraft:wooden_pickaxe":8,"minecraft:mossy_stone_brick_stairs":1,"minecraft:golden_apple":10,"elevatorid:elevator_white":1,"minecraft:diamond_sword":2171,"minecraft:coal_block":1,"minecraft:enchanting_table":2,"minecraft:iron_bars":9,"minecraft:stick":1,"minecraft:torch":609,"minecraft:anvil":4,"minecraft:chainmail_chestplate":1,"minecraft:mossy_cobblestone_stairs":19,"minecraft:iron_axe":350,"minecraft:barrel":2,"minecraft:smooth_basalt":5,"minecraft:beef":2,"minecraft:cobbled_deepslate":157,"minecraft:calcite":18,"minecraft:water_bucket":322,"minecraft:cracked_stone_bricks":99,"minecraft:mossy_cobblestone":383,"minecraft:crafting_table":37,"minecraft:red_bed":7,"mowziesmobs:wrought_axe":80,"minecraft:diamond_pickaxe":2444,"minecraft:diamond_shovel":39,"minecraft:iron_pickaxe":1138,"minecraft:leather_helmet":1,"minecraft:chiseled_stone_bricks":1,"minecraft:cobblestone":910,"minecraft:potion":3,"minecraft:cooked_porkchop":48,"minecraft:diamond_leggings":2,"minecraft:iron_shovel":1,"minecraft:shield":193,"minecraft:iron_sword":189,"minecraft:iron_chestplate":7,"minecraft:mutton":5,"minecraft:jungle_planks":514,"minecraft:nether_bricks":1,"minecraft:iron_helmet":7,"minecraft:stone_bricks":135,"minecraft:stone_pickaxe":24,"minecraft:oak_planks":278,"minecraft:ender_pearl":4,"minecraft:chainmail_helmet":2,"minecraft:diamond_axe":1,"waystones:waystone":15,"minecraft:melon_slice":18,"minecraft:bread":29,"minecraft:gravel":11,"minecraft:golden_helmet":1,"minecraft:chainmail_boots":1,"minecraft:grindstone":2,"minecraft:cooked_rabbit":6,"minecraft:andesite":198,"minecraft:flint_and_steel":84,"mowziesmobs:umvuthana_mask_misery":2,"minecraft:spruce_planks":59,"minecraft:cooked_chicken":21,"minecraft:dirt":1,"minecraft:hopper":1,"minecraft:diamond_helmet":5,"minecraft:granite":12,"minecraft:wooden_axe":176,"immersive_armors:wither_helmet":1,"minecraft:bookshelf":33,"minecraft:iron_boots":7,"minecraft:cooked_beef":18,"minecraft:iron_leggings":8,"minecraft:cooked_mutton":21,"minecraft:baked_potato":14,"minecraft:cobblestone_slab":33,"supplementaries:slingshot":21,"minecraft:lime_bed":15,"minecraft:apple":13,"minecraft:stone_axe":44,"minecraft:bucket":324,"minecraft:smooth_stone":1,"minecraft:chainmail_leggings":1}},"DataVersion":3465}